Time,TG No.,TG Rotate,TG Spin Speed,TG-Z,Mask1,Mask2,Substrate,FocusLns,MirrorPs,ATN,BTFvalve,LaserHz,LaserPuls,Laser moni,Laser set,MissedPuls,PwrMeter,HT set,HT moni,Delta HT curr,HT Temp set,HT Temp moni,Delta Temp,MFC1 set,MFC1 moni,Delta MFC1,MFC2 set,MFC2 moni,Delta MFC2,MFC3 set,MFC3 moni,Delta MFC3,MFC4 set,MFC4 moni,Delta MFC4,MFC5 set,MFC5 moni,Delta MFC5,Prc Pres Main,Prc Pres Main2,Vac Pres Main,Back Pres Main,Prc Pres L/L,Vac Pres L/L,Back Pres L/L,Heat Stat,DepoLaserStat,Pump Stat,Valve Stat1,Valve Stat2,Shut Stat,Motor Stat,Other Stat,A Utility1,A Utility2,A Pump1,A Pump2,A EXT1,A EXT2,A Motor1,A Motor2,W Pross,W etc,index
11:58:10 AM,6,0.00,0,0.00,-1.67,0.00,0.00,100.00,-1.00,-1.00,-1.00,0,1,1,100,0,-1,0.18,0.00,0.18,160,160,0,0.00,0.00,0.00,0.00,0.00,0.00,-1.00,-1.00,0.00,-1.00,-1.00,0.00,-1.00,-1.00,0.00,2.42E-1,1.024E+5,0.00E+0,1.33E-2,-1.00,0.00E+0,1.33E-2,0x0004,0x0000,0x007F,0x0214,0x0000,0x0001,0x0000,0x0000,0x0000,0x0000,0x0000,0x0004,0x0000,0x0000,0x0000,0x0000,0x0000,0x0000,1
11:58:15 AM,6,0.00,0,0.00,-1.67,0.00,0.00,100.00,-1.00,-1.00,-1.00,0,1,1,100,0,-1,0.18,0.00,0.18,160,160,0,0.00,0.00,0.00,0.00,0.00,0.00,-1.00,-1.00,0.00,-1.00,-1.00,0.00,-1.00,-1.00,0.00,2.42E-1,1.024E+5,0.00E+0,1.33E-2,-1.00,0.00E+0,1.33E-2,0x0004,0x0000,0x007F,0x0214,0x0000,0x0001,0x0000,0x0000,0x0000,0x0000,0x0000,0x0004,0x0000,0x0000,0x0000,0x0000,0x0000,0x0000,2
11:58:20 AM,6,0.00,0,0.00,-1.67,0.00,0.00,100.00,-1.00,-1.00,-1.00,0,1,1,100,0,-1,0.18,0.00,0.18,160,160,0,0.00,0.00,0.00,0.00,0.00,0.00,-1.00,-1.00,0.00,-1.00,-1.00,0.00,-1.00,-1.00,0.00,2.46E-1,1.024E+5,0.00E+0,1.33E-2,-1.00,0.00E+0,1.33E-2,0x0004,0x0000,0x007F,0x0214,0x0000,0x0001,0x0000,0x0000,0x0000,0x0000,0x0000,0x0004,0x0000,0x0000,0x0000,0x0000,0x0000,0x0000,3
11:58:25 AM,6,0.00,0,0.00,-1.67,0.00,0.00,100.00,-1.00,-1.00,-1.00,0,1,1,100,0,-1,0.18,0.00,0.18,160,160,0,0.00,0.00,0.00,0.00,0.00,0.00,-1.00,-1.00,0.00,-1.00,-1.00,0.00,-1.00,-1.00,0.00,2.46E-1,1.024E+5,0.00E+0,1.33E-2,-1.00,0.00E+0,1.33E-2,0x0004,0x0000,0x007F,0x0214,0x0000,0x0001,0x0000,0x0000,0x0000,0x0000,0x0000,0x0004,0x0000,0x0000,0x0000,0x0000,0x0000,0x0000,4
11:58:30 AM,6,0.00,0,0.00,-1.67,0.00,0.00,100.00,-1.00,-1.00,-1.00,0,1,1,100,0,-1,0.18,0.00,0.18,160,160,0,0.00,0.00,0.00,0.00,0.00,0.00,-1.00,-1.00,0.00,-1.00,-1.00,0.00,-1.00,-1.00,0.00,2.46E-1,1.024E+5,0.00E+0,1.33E-2,-1.00,0.00E+0,1.33E-2,0x0004,0x0000,0x007F,0x0214,0x0000,0x0001,0x0000,0x0000,0x0000,0x0000,0x0000,0x0004,0x0000,0x0000,0x0000,0x0000,0x0000,0x0000,5
11:58:35 AM,6,0.00,0,0.00,-1.67,0.00,0.00,100.00,-1.00,-1.00,-1.00,0,1,1,100,0,-1,0.18,0.00,0.18,160,160,0,0.00,0.00,0.00,0.00,0.00,0.00,-1.00,-1.00,0.00,-1.00,-1.00,0.00,-1.00,-1.00,0.00,2.44E-1,1.024E+5,0.00E+0,1.33E-2,-1.00,0.00E+0,1.33E-2,0x0004,0x0000,0x007F,0x0214,0x0000,0x0001,0x0000,0x0000,0x0000,0x0000,0x0000,0x0004,0x0000,0x0000,0x0000,0x0000,0x0000,0x0000,6
11:58:40 AM,6,0.00,0,0.00,-1.67,0.00,0.00,100.00,-1.00,-1.00,-1.00,0,1,1,100,0,-1,0.18,0.00,0.18,160,160,0,0.00,0.00,0.00,0.00,0.00,0.00,-1.00,-1.00,0.00,-1.00,-1.00,0.00,-1.00,-1.00,0.00,2.42E-1,1.024E+5,0.00E+0,1.33E-2,-1.00,0.00E+0,1.33E-2,0x0004,0x0000,0x007F,0x0214,0x0000,0x0001,0x0000,0x0000,0x0000,0x0000,0x0000,0x0004,0x0000,0x0000,0x0000,0x0000,0x0000,0x0000,7
11:58:45 AM,6,0.00,0,0.00,-1.67,0.00,0.00,100.00,-1.00,-1.00,-1.00,0,1,1,100,0,-1,0.18,0.00,0.18,160,160,0,0.00,0.00,0.00,0.00,0.00,0.00,-1.00,-1.00,0.00,-1.00,-1.00,0.00,-1.00,-1.00,0.00,2.40E-1,1.024E+5,0.00E+0,1.33E-2,-1.00,0.00E+0,1.33E-2,0x0004,0x0000,0x007F,0x0214,0x0000,0x0001,0x0000,0x0000,0x0000,0x0000,0x0000,0x0004,0x0000,0x0000,0x0000,0x0000,0x0000,0x0000,8
11:58:50 AM,6,0.00,0,0.00,-1.67,0.00,0.00,100.00,-1.00,-1.00,-1.00,0,1,1,100,0,-1,0.18,0.00,0.18,160,160,0,0.00,0.00,0.00,0.00,0.00,0.00,-1.00,-1.00,0.00,-1.00,-1.00,0.00,-1.00,-1.00,0.00,2.42E-1,1.024E+5,0.00E+0,1.33E-2,-1.00,0.00E+0,1.33E-2,0x0004,0x0000,0x007F,0x0214,0x0000,0x0001,0x0000,0x0000,0x0000,0x0000,0x0000,0x0004,0x0000,0x0000,0x0000,0x0000,0x0000,0x0000,9
11:58:55 AM,6,0.00,0,0.00,-1.67,0.00,0.00,100.00,-1.00,-1.00,-1.00,0,1,1,100,0,-1,0.18,0.00,0.18,160,160,0,0.00,0.00,0.00,0.00,0.00,0.00,-1.00,-1.00,0.00,-1.00,-1.00,0.00,-1.00,-1.00,0.00,2.44E-1,1.024E+5,0.00E+0,1.33E-2,-1.00,0.00E+0,1.33E-2,0x0004,0x0000,0x007F,0x0214,0x0000,0x0001,0x0000,0x0000,0x0000,0x0000,0x0000,0x0004,0x0000,0x0000,0x0000,0x0000,0x0000,0x0000,10
11:59:00 AM,6,0.00,0,0.00,-1.67,0.00,0.00,100.00,-1.00,-1.00,-1.00,0,1,1,100,0,-1,0.18,0.00,0.18,160,160,0,0.00,0.00,0.00,0.00,0.00,0.00,-1.00,-1.00,0.00,-1.00,-1.00,0.00,-1.00,-1.00,0.00,2.37E-1,1.024E+5,0.00E+0,1.33E-2,-1.00,0.00E+0,1.33E-2,0x0004,0x0000,0x007F,0x0214,0x0000,0x0001,0x0000,0x0000,0x0000,0x0000,0x0000,0x0004,0x0000,0x0000,0x0000,0x0000,0x0000,0x0000,11
11:59:05 AM,6,0.00,0,0.00,-1.67,0.00,0.00,100.00,-1.00,-1.00,-1.00,0,1,1,100,0,-1,0.18,0.00,0.18,160,160,0,0.00,0.00,0.00,0.00,0.00,0.00,-1.00,-1.00,0.00,-1.00,-1.00,0.00,-1.00,-1.00,0.00,2.44E-1,1.024E+5,0.00E+0,1.33E-2,-1.00,0.00E+0,1.33E-2,0x0004,0x0000,0x007F,0x0214,0x0000,0x0001,0x0000,0x0000,0x0000,0x0000,0x0000,0x0004,0x0000,0x0000,0x0000,0x0000,0x0000,0x0000,12
11:59:10 AM,6,0.00,0,0.00,-1.67,0.00,0.00,100.00,-1.00,-1.00,-1.00,0,1,1,100,0,-1,0.18,0.00,0.18,160,160,0,0.00,0.00,0.00,0.00,0.00,0.00,-1.00,-1.00,0.00,-1.00,-1.00,0.00,-1.00,-1.00,0.00,2.46E-1,1.024E+5,0.00E+0,1.33E-2,-1.00,0.00E+0,1.33E-2,0x0004,0x0000,0x007F,0x0214,0x0000,0x0001,0x0000,0x0000,0x0000,0x0000,0x0000,0x0004,0x0000,0x0000,0x0000,0x0000,0x0000,0x0000,13
11:59:15 AM,6,0.00,0,0.00,-1.67,0.00,0.00,100.00,-1.00,-1.00,-1.00,0,1,1,100,0,-1,0.18,0.00,0.18,160,160,0,0.00,0.00,0.00,0.00,0.00,0.00,-1.00,-1.00,0.00,-1.00,-1.00,0.00,-1.00,-1.00,0.00,2.46E-1,1.024E+5,0.00E+0,1.33E-2,-1.00,0.00E+0,1.33E-2,0x0004,0x0000,0x007F,0x0214,0x0000,0x0001,0x0000,0x0000,0x0000,0x0000,0x0000,0x0004,0x0000,0x0000,0x0000,0x0000,0x0000,0x0000,14
11:59:20 AM,6,0.00,0,0.00,-1.67,0.00,0.00,100.00,-1.00,-1.00,-1.00,0,1,1,100,0,-1,0.18,0.00,0.18,160,160,0,0.00,0.00,0.00,0.00,0.00,0.00,-1.00,-1.00,0.00,-1.00,-1.00,0.00,-1.00,-1.00,0.00,2.46E-1,1.024E+5,0.00E+0,1.33E-2,-1.00,0.00E+0,1.33E-2,0x0004,0x0000,0x007F,0x0214,0x0000,0x0001,0x0000,0x0000,0x0000,0x0000,0x0000,0x0004,0x0000,0x0000,0x0000,0x0000,0x0000,0x0000,15
11:59:25 AM,6,0.00,0,0.00,-1.67,0.00,0.00,100.00,-1.00,-1.00,-1.00,0,1,1,100,0,-1,0.18,0.00,0.18,160,160,0,0.00,0.00,0.00,0.00,0.00,0.00,-1.00,-1.00,0.00,-1.00,-1.00,0.00,-1.00,-1.00,0.00,2.42E-1,1.024E+5,0.00E+0,1.33E-2,-1.00,0.00E+0,1.33E-2,0x0004,0x0000,0x007F,0x0214,0x0000,0x0001,0x0000,0x0000,0x0000,0x0000,0x0000,0x0004,0x0000,0x0000,0x0000,0x0000,0x0000,0x0000,16
11:59:30 AM,6,0.00,0,0.00,-1.67,0.00,0.00,100.00,-1.00,-1.00,-1.00,0,1,1,100,0,-1,0.18,0.00,0.18,160,160,0,0.00,0.00,0.00,0.00,0.00,0.00,-1.00,-1.00,0.00,-1.00,-1.00,0.00,-1.00,-1.00,0.00,2.42E-1,1.024E+5,0.00E+0,1.33E-2,-1.00,0.00E+0,1.33E-2,0x0004,0x0000,0x007F,0x0214,0x0000,0x0001,0x0000,0x0000,0x0000,0x0000,0x0000,0x0004,0x0000,0x0000,0x0000,0x0000,0x0000,0x0000,17
11:59:35 AM,6,0.00,0,0.00,-1.67,0.00,0.00,100.00,-1.00,-1.00,-1.00,0,1,1,100,0,-1,0.18,0.00,0.18,160,160,0,0.00,0.00,0.00,0.00,0.00,0.00,-1.00,-1.00,0.00,-1.00,-1.00,0.00,-1.00,-1.00,0.00,2.42E-1,1.024E+5,0.00E+0,1.33E-2,-1.00,0.00E+0,1.33E-2,0x0004,0x0000,0x007F,0x0214,0x0000,0x0001,0x0000,0x0000,0x0000,0x0000,0x0000,0x0004,0x0000,0x0000,0x0000,0x0000,0x0000,0x0000,18
11:59:39 AM,6,0.00,0,0.00,-1.67,0.00,0.00,100.00,-1.00,-1.00,-1.00,0,1,1,100,0,-1,0.18,0.00,0.18,160,160,0,0.00,0.00,0.00,0.00,0.00,0.00,-1.00,-1.00,0.00,-1.00,-1.00,0.00,-1.00,-1.00,0.00,2.46E-1,1.024E+5,0.00E+0,1.33E-2,-1.00,0.00E+0,1.33E-2,0x0004,0x0000,0x007F,0x0214,0x0000,0x0001,0x0000,0x0000,0x0000,0x0000,0x0000,0x0004,0x0000,0x0000,0x0000,0x0000,0x0000,0x0000,19
11:59:44 AM,6,0.00,0,0.00,-1.67,0.00,0.00,100.00,-1.00,-1.00,-1.00,0,1,1,100,0,-1,0.18,0.00,0.18,160,160,0,0.00,0.00,0.00,0.00,0.00,0.00,-1.00,-1.00,0.00,-1.00,-1.00,0.00,-1.00,-1.00,0.00,2.46E-1,1.024E+5,0.00E+0,1.33E-2,-1.00,0.00E+0,1.33E-2,0x0004,0x0000,0x007F,0x0214,0x0000,0x0001,0x0000,0x0000,0x0000,0x0000,0x0000,0x0004,0x0000,0x0000,0x0000,0x0000,0x0000,0x0000,20
11:59:49 AM,6,0.00,0,0.00,-1.67,0.00,0.00,100.00,-1.00,-1.00,-1.00,0,1,1,100,0,-1,0.18,0.00,0.18,160,160,0,0.00,0.00,0.00,0.00,0.00,0.00,-1.00,-1.00,0.00,-1.00,-1.00,0.00,-1.00,-1.00,0.00,2.42E-1,1.024E+5,0.00E+0,1.33E-2,-1.00,0.00E+0,1.33E-2,0x0004,0x0000,0x007F,0x0214,0x0000,0x0001,0x0000,0x0000,0x0000,0x0000,0x0000,0x0004,0x0000,0x0000,0x0000,0x0000,0x0000,0x0000,21
11:59:54 AM,6,0.00,0,0.00,-1.67,0.00,0.00,100.00,-1.00,-1.00,-1.00,0,1,1,100,0,-1,0.18,0.00,0.18,160,160,0,0.00,0.00,0.00,0.00,0.00,0.00,-1.00,-1.00,0.00,-1.00,-1.00,0.00,-1.00,-1.00,0.00,2.42E-1,1.024E+5,0.00E+0,1.33E-2,-1.00,0.00E+0,1.33E-2,0x0004,0x0000,0x007F,0x0214,0x0000,0x0001,0x0000,0x0000,0x0000,0x0000,0x0000,0x0004,0x0000,0x0000,0x0000,0x0000,0x0000,0x0000,22
11:59:59 AM,6,0.00,0,0.00,-1.67,0.00,0.00,100.00,-1.00,-1.00,-1.00,0,1,1,100,0,-1,0.18,0.00,0.18,160,160,0,0.00,0.00,0.00,0.00,0.00,0.00,-1.00,-1.00,0.00,-1.00,-1.00,0.00,-1.00,-1.00,0.00,2.48E-1,1.024E+5,0.00E+0,1.33E-2,-1.00,0.00E+0,1.33E-2,0x0004,0x0000,0x007F,0x0214,0x0000,0x0001,0x0000,0x0000,0x0000,0x0000,0x0000,0x0004,0x0000,0x0000,0x0000,0x0000,0x0000,0x0000,23
12:00:04 PM,6,0.00,0,0.00,-1.67,0.00,0.00,100.00,-1.00,-1.00,-1.00,0,1,1,100,0,-1,0.18,0.00,0.18,160,160,0,0.00,0.00,0.00,0.00,0.00,0.00,-1.00,-1.00,0.00,-1.00,-1.00,0.00,-1.00,-1.00,0.00,2.42E-1,1.024E+5,0.00E+0,1.33E-2,-1.00,0.00E+0,1.33E-2,0x0004,0x0000,0x007F,0x0214,0x0000,0x0001,0x0000,0x0000,0x0000,0x0000,0x0000,0x0004,0x0000,0x0000,0x0000,0x0000,0x0000,0x0000,24
12:00:09 PM,6,0.00,0,0.00,-1.67,0.00,0.00,100.00,-1.00,-1.00,-1.00,0,1,1,100,0,-1,0.18,0.00,0.18,160,160,0,0.00,0.00,0.00,0.00,0.00,0.00,-1.00,-1.00,0.00,-1.00,-1.00,0.00,-1.00,-1.00,0.00,2.46E-1,1.024E+5,0.00E+0,1.33E-2,-1.00,0.00E+0,1.33E-2,0x0004,0x0000,0x007F,0x0214,0x0000,0x0001,0x0000,0x0000,0x0000,0x0000,0x0000,0x0004,0x0000,0x0000,0x0000,0x0000,0x0000,0x0000,25
12:00:14 PM,6,0.00,0,0.00,-1.67,0.00,0.00,100.00,-1.00,-1.00,-1.00,0,1,1,100,0,-1,0.18,0.00,0.18,160,160,0,0.00,0.00,0.00,0.00,0.00,0.00,-1.00,-1.00,0.00,-1.00,-1.00,0.00,-1.00,-1.00,0.00,2.42E-1,1.024E+5,0.00E+0,1.33E-2,-1.00,0.00E+0,1.33E-2,0x0004,0x0000,0x007F,0x0214,0x0000,0x0001,0x0000,0x0000,0x0000,0x0000,0x0000,0x0004,0x0000,0x0000,0x0000,0x0000,0x0000,0x0000,26
12:00:19 PM,6,0.00,0,0.00,-1.67,0.00,0.00,100.00,-1.00,-1.00,-1.00,0,1,1,100,0,-1,0.18,0.00,0.18,160,160,0,0.00,0.00,0.00,0.00,0.00,0.00,-1.00,-1.00,0.00,-1.00,-1.00,0.00,-1.00,-1.00,0.00,2.44E-1,1.024E+5,0.00E+0,1.33E-2,-1.00,0.00E+0,1.33E-2,0x0004,0x0000,0x007F,0x0214,0x0000,0x0001,0x0000,0x0000,0x0000,0x0000,0x0000,0x0004,0x0000,0x0000,0x0000,0x0000,0x0000,0x0000,27
12:00:24 PM,6,0.00,0,0.00,-1.67,0.00,0.00,100.00,-1.00,-1.00,-1.00,0,1,1,100,0,-1,0.18,0.00,0.18,160,160,0,0.00,0.00,0.00,0.00,0.00,0.00,-1.00,-1.00,0.00,-1.00,-1.00,0.00,-1.00,-1.00,0.00,2.46E-1,1.024E+5,0.00E+0,1.33E-2,-1.00,0.00E+0,1.33E-2,0x0004,0x0000,0x007F,0x0214,0x0000,0x0001,0x0000,0x0000,0x0000,0x0000,0x0000,0x0004,0x0000,0x0000,0x0000,0x0000,0x0000,0x0000,28
12:00:29 PM,6,0.00,0,0.00,-1.67,0.00,0.00,100.00,-1.00,-1.00,-1.00,0,1,1,100,0,-1,0.18,0.00,0.18,160,160,0,0.00,0.00,0.00,0.00,0.00,0.00,-1.00,-1.00,0.00,-1.00,-1.00,0.00,-1.00,-1.00,0.00,2.51E-1,1.024E+5,0.00E+0,1.33E-2,-1.00,0.00E+0,1.33E-2,0x0004,0x0000,0x007F,0x0214,0x0000,0x0001,0x0000,0x0000,0x0000,0x0000,0x0000,0x0004,0x0000,0x0000,0x0000,0x0000,0x0000,0x0000,29
12:00:34 PM,6,0.00,0,0.00,-1.67,0.00,0.00,100.00,-1.00,-1.00,-1.00,0,1,1,100,0,-1,0.18,0.00,0.18,160,160,0,0.00,0.00,0.00,0.00,0.00,0.00,-1.00,-1.00,0.00,-1.00,-1.00,0.00,-1.00,-1.00,0.00,2.46E-1,1.024E+5,0.00E+0,1.33E-2,-1.00,0.00E+0,1.33E-2,0x0004,0x0000,0x007F,0x0214,0x0000,0x0001,0x0000,0x0000,0x0000,0x0000,0x0000,0x0004,0x0000,0x0000,0x0000,0x0000,0x0000,0x0000,30
12:00:39 PM,6,0.00,0,0.00,-1.67,0.00,0.00,100.00,-1.00,-1.00,-1.00,0,1,1,100,0,-1,0.18,0.00,0.18,160,160,0,0.00,0.00,0.00,0.00,0.00,0.00,-1.00,-1.00,0.00,-1.00,-1.00,0.00,-1.00,-1.00,0.00,2.46E-1,1.024E+5,0.00E+0,1.33E-2,-1.00,0.00E+0,1.33E-2,0x0004,0x0000,0x007F,0x0214,0x0000,0x0001,0x0000,0x0000,0x0000,0x0000,0x0000,0x0004,0x0000,0x0000,0x0000,0x0000,0x0000,0x0000,31
12:00:44 PM,6,0.00,0,0.00,-1.67,0.00,0.00,100.00,-1.00,-1.00,-1.00,0,1,1,100,0,-1,0.18,0.00,0.18,160,160,0,0.00,0.00,0.00,0.00,0.00,0.00,-1.00,-1.00,0.00,-1.00,-1.00,0.00,-1.00,-1.00,0.00,2.46E-1,1.024E+5,0.00E+0,1.33E-2,-1.00,0.00E+0,1.33E-2,0x0004,0x0000,0x007F,0x0214,0x0000,0x0001,0x0000,0x0000,0x0000,0x0000,0x0000,0x0004,0x0000,0x0000,0x0000,0x0000,0x0000,0x0000,32
12:00:49 PM,6,0.00,0,0.00,-1.67,0.00,0.00,100.00,-1.00,-1.00,-1.00,0,1,1,100,0,-1,0.18,0.00,0.18,160,160,0,0.00,0.00,0.00,0.00,0.00,0.00,-1.00,-1.00,0.00,-1.00,-1.00,0.00,-1.00,-1.00,0.00,2.42E-1,1.024E+5,0.00E+0,1.33E-2,-1.00,0.00E+0,1.33E-2,0x0004,0x0000,0x007F,0x0214,0x0000,0x0001,0x0000,0x0000,0x0000,0x0000,0x0000,0x0004,0x0000,0x0000,0x0000,0x0000,0x0000,0x0000,33
12:00:54 PM,6,0.00,0,0.00,-1.67,0.00,0.00,100.00,-1.00,-1.00,-1.00,0,1,1,100,0,-1,0.18,0.00,0.18,160,160,0,0.00,0.00,0.00,0.00,0.00,0.00,-1.00,-1.00,0.00,-1.00,-1.00,0.00,-1.00,-1.00,0.00,2.46E-1,1.024E+5,0.00E+0,1.33E-2,-1.00,0.00E+0,1.33E-2,0x0004,0x0000,0x007F,0x0214,0x0000,0x0001,0x0000,0x0000,0x0000,0x0000,0x0000,0x0004,0x0000,0x0000,0x0000,0x0000,0x0000,0x0000,34
12:00:59 PM,6,0.00,0,0.00,-1.67,0.00,0.00,100.00,-1.00,-1.00,-1.00,0,1,1,100,0,-1,0.18,0.00,0.18,160,160,0,0.00,0.00,0.00,0.00,0.00,0.00,-1.00,-1.00,0.00,-1.00,-1.00,0.00,-1.00,-1.00,0.00,2.44E-1,1.024E+5,0.00E+0,1.33E-2,-1.00,0.00E+0,1.33E-2,0x0004,0x0000,0x007F,0x0214,0x0000,0x0001,0x0000,0x0000,0x0000,0x0000,0x0000,0x0004,0x0000,0x0000,0x0000,0x0000,0x0000,0x0000,35
12:01:04 PM,6,0.00,0,0.00,-1.67,0.00,0.00,100.00,-1.00,-1.00,-1.00,0,1,1,100,0,-1,0.18,0.00,0.18,160,160,0,0.00,0.00,0.00,0.00,0.00,0.00,-1.00,-1.00,0.00,-1.00,-1.00,0.00,-1.00,-1.00,0.00,2.46E-1,1.024E+5,0.00E+0,1.33E-2,-1.00,0.00E+0,1.33E-2,0x0004,0x0000,0x007F,0x0214,0x0000,0x0001,0x0000,0x0000,0x0000,0x0000,0x0000,0x0004,0x0000,0x0000,0x0000,0x0000,0x0000,0x0000,36
11:58:05 AM,6,0.00,0,0.00,-1.67,0.00,0.00,100.00,-1.00,-1.00,-1.00,0,1,1,100,0,-1,0.18,0.00,0.18,160,160,0,0.00,0.00,0.00,0.00,0.00,0.00,-1.00,-1.00,0.00,-1.00,-1.00,0.00,-1.00,-1.00,0.00,2.44E-1,1.024E+5,0.00E+0,1.33E-2,-1.00,0.00E+0,1.33E-2,0x0004,0x0000,0x007F,0x0214,0x0000,0x0001,0x0000,0x0000,0x0000,0x0000,0x0000,0x0004,0x0000,0x0000,0x0000,0x0000,0x0000,0x0000,37
11:58:10 AM,6,0.00,0,0.00,-1.67,0.00,0.00,100.00,-1.00,-1.00,-1.00,0,1,1,100,0,-1,0.18,0.00,0.18,160,160,0,0.00,0.00,0.00,0.00,0.00,0.00,-1.00,-1.00,0.00,-1.00,-1.00,0.00,-1.00,-1.00,0.00,2.42E-1,1.024E+5,0.00E+0,1.33E-2,-1.00,0.00E+0,1.33E-2,0x0004,0x0000,0x007F,0x0214,0x0000,0x0001,0x0000,0x0000,0x0000,0x0000,0x0000,0x0004,0x0000,0x0000,0x0000,0x0000,0x0000,0x0000,38
11:58:15 AM,6,0.00,0,0.00,-1.67,0.00,0.00,100.00,-1.00,-1.00,-1.00,0,1,1,100,0,-1,0.18,0.00,0.18,160,160,0,0.00,0.00,0.00,0.00,0.00,0.00,-1.00,-1.00,0.00,-1.00,-1.00,0.00,-1.00,-1.00,0.00,2.42E-1,1.024E+5,0.00E+0,1.33E-2,-1.00,0.00E+0,1.33E-2,0x0004,0x0000,0x007F,0x0214,0x0000,0x0001,0x0000,0x0000,0x0000,0x0000,0x0000,0x0004,0x0000,0x0000,0x0000,0x0000,0x0000,0x0000,39
11:58:20 AM,6,0.00,0,0.00,-1.67,0.00,0.00,100.00,-1.00,-1.00,-1.00,0,1,1,100,0,-1,0.18,0.00,0.18,160,160,0,0.00,0.00,0.00,0.00,0.00,0.00,-1.00,-1.00,0.00,-1.00,-1.00,0.00,-1.00,-1.00,0.00,2.46E-1,1.024E+5,0.00E+0,1.33E-2,-1.00,0.00E+0,1.33E-2,0x0004,0x0000,0x007F,0x0214,0x0000,0x0001,0x0000,0x0000,0x0000,0x0000,0x0000,0x0004,0x0000,0x0000,0x0000,0x0000,0x0000,0x0000,40
11:58:25 AM,6,0.00,0,0.00,-1.67,0.00,0.00,100.00,-1.00,-1.00,-1.00,0,1,1,100,0,-1,0.18,0.00,0.18,160,160,0,0.00,0.00,0.00,0.00,0.00,0.00,-1.00,-1.00,0.00,-1.00,-1.00,0.00,-1.00,-1.00,0.00,2.46E-1,1.024E+5,0.00E+0,1.33E-2,-1.00,0.00E+0,1.33E-2,0x0004,0x0000,0x007F,0x0214,0x0000,0x0001,0x0000,0x0000,0x0000,0x0000,0x0000,0x0004,0x0000,0x0000,0x0000,0x0000,0x0000,0x0000,41
11:58:30 AM,6,0.00,0,0.00,-1.67,0.00,0.00,100.00,-1.00,-1.00,-1.00,0,1,1,100,0,-1,0.18,0.00,0.18,160,160,0,0.00,0.00,0.00,0.00,0.00,0.00,-1.00,-1.00,0.00,-1.00,-1.00,0.00,-1.00,-1.00,0.00,2.46E-1,1.024E+5,0.00E+0,1.33E-2,-1.00,0.00E+0,1.33E-2,0x0004,0x0000,0x007F,0x0214,0x0000,0x0001,0x0000,0x0000,0x0000,0x0000,0x0000,0x0004,0x0000,0x0000,0x0000,0x0000,0x0000,0x0000,42
11:58:35 AM,6,0.00,0,0.00,-1.67,0.00,0.00,100.00,-1.00,-1.00,-1.00,0,1,1,100,0,-1,0.18,0.00,0.18,160,160,0,0.00,0.00,0.00,0.00,0.00,0.00,-1.00,-1.00,0.00,-1.00,-1.00,0.00,-1.00,-1.00,0.00,2.44E-1,1.024E+5,0.00E+0,1.33E-2,-1.00,0.00E+0,1.33E-2,0x0004,0x0000,0x007F,0x0214,0x0000,0x0001,0x0000,0x0000,0x0000,0x0000,0x0000,0x0004,0x0000,0x0000,0x0000,0x0000,0x0000,0x0000,43
11:58:40 AM,6,0.00,0,0.00,-1.67,0.00,0.00,100.00,-1.00,-1.00,-1.00,0,1,1,100,0,-1,0.18,0.00,0.18,160,160,0,0.00,0.00,0.00,0.00,0.00,0.00,-1.00,-1.00,0.00,-1.00,-1.00,0.00,-1.00,-1.00,0.00,2.42E-1,1.024E+5,0.00E+0,1.33E-2,-1.00,0.00E+0,1.33E-2,0x0004,0x0000,0x007F,0x0214,0x0000,0x0001,0x0000,0x0000,0x0000,0x0000,0x0000,0x0004,0x0000,0x0000,0x0000,0x0000,0x0000,0x0000,44
11:58:45 AM,6,0.00,0,0.00,-1.67,0.00,0.00,100.00,-1.00,-1.00,-1.00,0,1,1,100,0,-1,0.18,0.00,0.18,160,160,0,0.00,0.00,0.00,0.00,0.00,0.00,-1.00,-1.00,0.00,-1.00,-1.00,0.00,-1.00,-1.00,0.00,2.40E-1,1.024E+5,0.00E+0,1.33E-2,-1.00,0.00E+0,1.33E-2,0x0004,0x0000,0x007F,0x0214,0x0000,0x0001,0x0000,0x0000,0x0000,0x0000,0x0000,0x0004,0x0000,0x0000,0x0000,0x0000,0x0000,0x0000,45
11:58:50 AM,6,0.00,0,0.00,-1.67,0.00,0.00,100.00,-1.00,-1.00,-1.00,0,1,1,100,0,-1,0.18,0.00,0.18,160,160,0,0.00,0.00,0.00,0.00,0.00,0.00,-1.00,-1.00,0.00,-1.00,-1.00,0.00,-1.00,-1.00,0.00,2.42E-1,1.024E+5,0.00E+0,1.33E-2,-1.00,0.00E+0,1.33E-2,0x0004,0x0000,0x007F,0x0214,0x0000,0x0001,0x0000,0x0000,0x0000,0x0000,0x0000,0x0004,0x0000,0x0000,0x0000,0x0000,0x0000,0x0000,46
11:58:55 AM,6,0.00,0,0.00,-1.67,0.00,0.00,100.00,-1.00,-1.00,-1.00,0,1,1,100,0,-1,0.18,0.00,0.18,160,160,0,0.00,0.00,0.00,0.00,0.00,0.00,-1.00,-1.00,0.00,-1.00,-1.00,0.00,-1.00,-1.00,0.00,2.44E-1,1.024E+5,0.00E+0,1.33E-2,-1.00,0.00E+0,1.33E-2,0x0004,0x0000,0x007F,0x0214,0x0000,0x0001,0x0000,0x0000,0x0000,0x0000,0x0000,0x0004,0x0000,0x0000,0x0000,0x0000,0x0000,0x0000,47
11:59:00 AM,6,0.00,0,0.00,-1.67,0.00,0.00,100.00,-1.00,-1.00,-1.00,0,1,1,100,0,-1,0.18,0.00,0.18,160,160,0,0.00,0.00,0.00,0.00,0.00,0.00,-1.00,-1.00,0.00,-1.00,-1.00,0.00,-1.00,-1.00,0.00,2.37E-1,1.024E+5,0.00E+0,1.33E-2,-1.00,0.00E+0,1.33E-2,0x0004,0x0000,0x007F,0x0214,0x0000,0x0001,0x0000,0x0000,0x0000,0x0000,0x0000,0x0004,0x0000,0x0000,0x0000,0x0000,0x0000,0x0000,48
11:59:05 AM,6,0.00,0,0.00,-1.67,0.00,0.00,100.00,-1.00,-1.00,-1.00,0,1,1,100,0,-1,0.18,0.00,0.18,160,160,0,0.00,0.00,0.00,0.00,0.00,0.00,-1.00,-1.00,0.00,-1.00,-1.00,0.00,-1.00,-1.00,0.00,2.44E-1,1.024E+5,0.00E+0,1.33E-2,-1.00,0.00E+0,1.33E-2,0x0004,0x0000,0x007F,0x0214,0x0000,0x0001,0x0000,0x0000,0x0000,0x0000,0x0000,0x0004,0x0000,0x0000,0x0000,0x0000,0x0000,0x0000,49
11:59:10 AM,6,0.00,0,0.00,-1.67,0.00,0.00,100.00,-1.00,-1.00,-1.00,0,1,1,100,0,-1,0.18,0.00,0.18,160,160,0,0.00,0.00,0.00,0.00,0.00,0.00,-1.00,-1.00,0.00,-1.00,-1.00,0.00,-1.00,-1.00,0.00,2.46E-1,1.024E+5,0.00E+0,1.33E-2,-1.00,0.00E+0,1.33E-2,0x0004,0x0000,0x007F,0x0214,0x0000,0x0001,0x0000,0x0000,0x0000,0x0000,0x0000,0x0004,0x0000,0x0000,0x0000,0x0000,0x0000,0x0000,50
11:59:15 AM,6,0.00,0,0.00,-1.67,0.00,0.00,100.00,-1.00,-1.00,-1.00,0,1,1,100,0,-1,0.18,0.00,0.18,160,160,0,0.00,0.00,0.00,0.00,0.00,0.00,-1.00,-1.00,0.00,-1.00,-1.00,0.00,-1.00,-1.00,0.00,2.46E-1,1.024E+5,0.00E+0,1.33E-2,-1.00,0.00E+0,1.33E-2,0x0004,0x0000,0x007F,0x0214,0x0000,0x0001,0x0000,0x0000,0x0000,0x0000,0x0000,0x0004,0x0000,0x0000,0x0000,0x0000,0x0000,0x0000,51
11:59:20 AM,6,0.00,0,0.00,-1.67,0.00,0.00,100.00,-1.00,-1.00,-1.00,0,1,1,100,0,-1,0.18,0.00,0.18,160,160,0,0.00,0.00,0.00,0.00,0.00,0.00,-1.00,-1.00,0.00,-1.00,-1.00,0.00,-1.00,-1.00,0.00,2.46E-1,1.024E+5,0.00E+0,1.33E-2,-1.00,0.00E+0,1.33E-2,0x0004,0x0000,0x007F,0x0214,0x0000,0x0001,0x0000,0x0000,0x0000,0x0000,0x0000,0x0004,0x0000,0x0000,0x0000,0x0000,0x0000,0x0000,52
11:59:25 AM,6,0.00,0,0.00,-1.67,0.00,0.00,100.00,-1.00,-1.00,-1.00,0,1,1,100,0,-1,0.18,0.00,0.18,160,160,0,0.00,0.00,0.00,0.00,0.00,0.00,-1.00,-1.00,0.00,-1.00,-1.00,0.00,-1.00,-1.00,0.00,2.42E-1,1.024E+5,0.00E+0,1.33E-2,-1.00,0.00E+0,1.33E-2,0x0004,0x0000,0x007F,0x0214,0x0000,0x0001,0x0000,0x0000,0x0000,0x0000,0x0000,0x0004,0x0000,0x0000,0x0000,0x0000,0x0000,0x0000,53
11:59:30 AM,6,0.00,0,0.00,-1.67,0.00,0.00,100.00,-1.00,-1.00,-1.00,0,1,1,100,0,-1,0.18,0.00,0.18,160,160,0,0.00,0.00,0.00,0.00,0.00,0.00,-1.00,-1.00,0.00,-1.00,-1.00,0.00,-1.00,-1.00,0.00,2.42E-1,1.024E+5,0.00E+0,1.33E-2,-1.00,0.00E+0,1.33E-2,0x0004,0x0000,0x007F,0x0214,0x0000,0x0001,0x0000,0x0000,0x0000,0x0000,0x0000,0x0004,0x0000,0x0000,0x0000,0x0000,0x0000,0x0000,54
11:59:35 AM,6,0.00,0,0.00,-1.67,0.00,0.00,100.00,-1.00,-1.00,-1.00,0,1,1,100,0,-1,0.18,0.00,0.18,160,160,0,0.00,0.00,0.00,0.00,0.00,0.00,-1.00,-1.00,0.00,-1.00,-1.00,0.00,-1.00,-1.00,0.00,2.42E-1,1.024E+5,0.00E+0,1.33E-2,-1.00,0.00E+0,1.33E-2,0x0004,0x0000,0x007F,0x0214,0x0000,0x0001,0x0000,0x0000,0x0000,0x0000,0x0000,0x0004,0x0000,0x0000,0x0000,0x0000,0x0000,0x0000,55
11:59:39 AM,6,0.00,0,0.00,-1.67,0.00,0.00,100.00,-1.00,-1.00,-1.00,0,1,1,100,0,-1,0.18,0.00,0.18,160,160,0,0.00,0.00,0.00,0.00,0.00,0.00,-1.00,-1.00,0.00,-1.00,-1.00,0.00,-1.00,-1.00,0.00,2.46E-1,1.024E+5,0.00E+0,1.33E-2,-1.00,0.00E+0,1.33E-2,0x0004,0x0000,0x007F,0x0214,0x0000,0x0001,0x0000,0x0000,0x0000,0x0000,0x0000,0x0004,0x0000,0x0000,0x0000,0x0000,0x0000,0x0000,56
11:59:44 AM,6,0.00,0,0.00,-1.67,0.00,0.00,100.00,-1.00,-1.00,-1.00,0,1,1,100,0,-1,0.18,0.00,0.18,160,160,0,0.00,0.00,0.00,0.00,0.00,0.00,-1.00,-1.00,0.00,-1.00,-1.00,0.00,-1.00,-1.00,0.00,2.46E-1,1.024E+5,0.00E+0,1.33E-2,-1.00,0.00E+0,1.33E-2,0x0004,0x0000,0x007F,0x0214,0x0000,0x0001,0x0000,0x0000,0x0000,0x0000,0x0000,0x0004,0x0000,0x0000,0x0000,0x0000,0x0000,0x0000,57
11:59:49 AM,6,0.00,0,0.00,-1.67,0.00,0.00,100.00,-1.00,-1.00,-1.00,0,1,1,100,0,-1,0.18,0.00,0.18,160,160,0,0.00,0.00,0.00,0.00,0.00,0.00,-1.00,-1.00,0.00,-1.00,-1.00,0.00,-1.00,-1.00,0.00,2.42E-1,1.024E+5,0.00E+0,1.33E-2,-1.00,0.00E+0,1.33E-2,0x0004,0x0000,0x007F,0x0214,0x0000,0x0001,0x0000,0x0000,0x0000,0x0000,0x0000,0x0004,0x0000,0x0000,0x0000,0x0000,0x0000,0x0000,58
11:59:54 AM,6,0.00,0,0.00,-1.67,0.00,0.00,100.00,-1.00,-1.00,-1.00,0,1,1,100,0,-1,0.18,0.00,0.18,160,160,0,0.00,0.00,0.00,0.00,0.00,0.00,-1.00,-1.00,0.00,-1.00,-1.00,0.00,-1.00,-1.00,0.00,2.42E-1,1.024E+5,0.00E+0,1.33E-2,-1.00,0.00E+0,1.33E-2,0x0004,0x0000,0x007F,0x0214,0x0000,0x0001,0x0000,0x0000,0x0000,0x0000,0x0000,0x0004,0x0000,0x0000,0x0000,0x0000,0x0000,0x0000,59
11:59:59 AM,6,0.00,0,0.00,-1.67,0.00,0.00,100.00,-1.00,-1.00,-1.00,0,1,1,100,0,-1,0.18,0.00,0.18,160,160,0,0.00,0.00,0.00,0.00,0.00,0.00,-1.00,-1.00,0.00,-1.00,-1.00,0.00,-1.00,-1.00,0.00,2.48E-1,1.024E+5,0.00E+0,1.33E-2,-1.00,0.00E+0,1.33E-2,0x0004,0x0000,0x007F,0x0214,0x0000,0x0001,0x0000,0x0000,0x0000,0x0000,0x0000,0x0004,0x0000,0x0000,0x0000,0x0000,0x0000,0x0000,60
12:00:04 PM,6,0.00,0,0.00,-1.67,0.00,0.00,100.00,-1.00,-1.00,-1.00,0,1,1,100,0,-1,0.18,0.00,0.18,160,160,0,0.00,0.00,0.00,0.00,0.00,0.00,-1.00,-1.00,0.00,-1.00,-1.00,0.00,-1.00,-1.00,0.00,2.42E-1,1.024E+5,0.00E+0,1.33E-2,-1.00,0.00E+0,1.33E-2,0x0004,0x0000,0x007F,0x0214,0x0000,0x0001,0x0000,0x0000,0x0000,0x0000,0x0000,0x0004,0x0000,0x0000,0x0000,0x0000,0x0000,0x0000,61
12:00:09 PM,6,0.00,0,0.00,-1.67,0.00,0.00,100.00,-1.00,-1.00,-1.00,0,1,1,100,0,-1,0.18,0.00,0.18,160,160,0,0.00,0.00,0.00,0.00,0.00,0.00,-1.00,-1.00,0.00,-1.00,-1.00,0.00,-1.00,-1.00,0.00,2.46E-1,1.024E+5,0.00E+0,1.33E-2,-1.00,0.00E+0,1.33E-2,0x0004,0x0000,0x007F,0x0214,0x0000,0x0001,0x0000,0x0000,0x0000,0x0000,0x0000,0x0004,0x0000,0x0000,0x0000,0x0000,0x0000,0x0000,62
12:00:14 PM,6,0.00,0,0.00,-1.67,0.00,0.00,100.00,-1.00,-1.00,-1.00,0,1,1,100,0,-1,0.18,0.00,0.18,160,160,0,0.00,0.00,0.00,0.00,0.00,0.00,-1.00,-1.00,0.00,-1.00,-1.00,0.00,-1.00,-1.00,0.00,2.42E-1,1.024E+5,0.00E+0,1.33E-2,-1.00,0.00E+0,1.33E-2,0x0004,0x0000,0x007F,0x0214,0x0000,0x0001,0x0000,0x0000,0x0000,0x0000,0x0000,0x0004,0x0000,0x0000,0x0000,0x0000,0x0000,0x0000,63
12:00:19 PM,6,0.00,0,0.00,-1.67,0.00,0.00,100.00,-1.00,-1.00,-1.00,0,1,1,100,0,-1,0.18,0.00,0.18,160,160,0,0.00,0.00,0.00,0.00,0.00,0.00,-1.00,-1.00,0.00,-1.00,-1.00,0.00,-1.00,-1.00,0.00,2.44E-1,1.024E+5,0.00E+0,1.33E-2,-1.00,0.00E+0,1.33E-2,0x0004,0x0000,0x007F,0x0214,0x0000,0x0001,0x0000,0x0000,0x0000,0x0000,0x0000,0x0004,0x0000,0x0000,0x0000,0x0000,0x0000,0x0000,64
12:00:24 PM,6,0.00,0,0.00,-1.67,0.00,0.00,100.00,-1.00,-1.00,-1.00,0,1,1,100,0,-1,0.18,0.00,0.18,160,160,0,0.00,0.00,0.00,0.00,0.00,0.00,-1.00,-1.00,0.00,-1.00,-1.00,0.00,-1.00,-1.00,0.00,2.46E-1,1.024E+5,0.00E+0,1.33E-2,-1.00,0.00E+0,1.33E-2,0x0004,0x0000,0x007F,0x0214,0x0000,0x0001,0x0000,0x0000,0x0000,0x0000,0x0000,0x0004,0x0000,0x0000,0x0000,0x0000,0x0000,0x0000,65
12:00:29 PM,6,0.00,0,0.00,-1.67,0.00,0.00,100.00,-1.00,-1.00,-1.00,0,1,1,100,0,-1,0.18,0.00,0.18,160,160,0,0.00,0.00,0.00,0.00,0.00,0.00,-1.00,-1.00,0.00,-1.00,-1.00,0.00,-1.00,-1.00,0.00,2.51E-1,1.024E+5,0.00E+0,1.33E-2,-1.00,0.00E+0,1.33E-2,0x0004,0x0000,0x007F,0x0214,0x0000,0x0001,0x0000,0x0000,0x0000,0x0000,0x0000,0x0004,0x0000,0x0000,0x0000,0x0000,0x0000,0x0000,66
12:00:34 PM,6,0.00,0,0.00,-1.67,0.00,0.00,100.00,-1.00,-1.00,-1.00,0,1,1,100,0,-1,0.18,0.00,0.18,160,160,0,0.00,0.00,0.00,0.00,0.00,0.00,-1.00,-1.00,0.00,-1.00,-1.00,0.00,-1.00,-1.00,0.00,2.46E-1,1.024E+5,0.00E+0,1.33E-2,-1.00,0.00E+0,1.33E-2,0x0004,0x0000,0x007F,0x0214,0x0000,0x0001,0x0000,0x0000,0x0000,0x0000,0x0000,0x0004,0x0000,0x0000,0x0000,0x0000,0x0000,0x0000,67
12:00:39 PM,6,0.00,0,0.00,-1.67,0.00,0.00,100.00,-1.00,-1.00,-1.00,0,1,1,100,0,-1,0.18,0.00,0.18,160,160,0,0.00,0.00,0.00,0.00,0.00,0.00,-1.00,-1.00,0.00,-1.00,-1.00,0.00,-1.00,-1.00,0.00,2.46E-1,1.024E+5,0.00E+0,1.33E-2,-1.00,0.00E+0,1.33E-2,0x0004,0x0000,0x007F,0x0214,0x0000,0x0001,0x0000,0x0000,0x0000,0x0000,0x0000,0x0004,0x0000,0x0000,0x0000,0x0000,0x0000,0x0000,68
12:00:44 PM,6,0.00,0,0.00,-1.67,0.00,0.00,100.00,-1.00,-1.00,-1.00,0,1,1,100,0,-1,0.18,0.00,0.18,160,160,0,0.00,0.00,0.00,0.00,0.00,0.00,-1.00,-1.00,0.00,-1.00,-1.00,0.00,-1.00,-1.00,0.00,2.46E-1,1.024E+5,0.00E+0,1.33E-2,-1.00,0.00E+0,1.33E-2,0x0004,0x0000,0x007F,0x0214,0x0000,0x0001,0x0000,0x0000,0x0000,0x0000,0x0000,0x0004,0x0000,0x0000,0x0000,0x0000,0x0000,0x0000,69
12:00:49 PM,6,0.00,0,0.00,-1.67,0.00,0.00,100.00,-1.00,-1.00,-1.00,0,1,1,100,0,-1,0.18,0.00,0.18,160,160,0,0.00,0.00,0.00,0.00,0.00,0.00,-1.00,-1.00,0.00,-1.00,-1.00,0.00,-1.00,-1.00,0.00,2.42E-1,1.024E+5,0.00E+0,1.33E-2,-1.00,0.00E+0,1.33E-2,0x0004,0x0000,0x007F,0x0214,0x0000,0x0001,0x0000,0x0000,0x0000,0x0000,0x0000,0x0004,0x0000,0x0000,0x0000,0x0000,0x0000,0x0000,70
12:00:54 PM,6,0.00,0,0.00,-1.67,0.00,0.00,100.00,-1.00,-1.00,-1.00,0,1,1,100,0,-1,0.18,0.00,0.18,160,160,0,0.00,0.00,0.00,0.00,0.00,0.00,-1.00,-1.00,0.00,-1.00,-1.00,0.00,-1.00,-1.00,0.00,2.46E-1,1.024E+5,0.00E+0,1.33E-2,-1.00,0.00E+0,1.33E-2,0x0004,0x0000,0x007F,0x0214,0x0000,0x0001,0x0000,0x0000,0x0000,0x0000,0x0000,0x0004,0x0000,0x0000,0x0000,0x0000,0x0000,0x0000,71
12:00:59 PM,6,0.00,0,0.00,-1.67,0.00,0.00,100.00,-1.00,-1.00,-1.00,0,1,1,100,0,-1,0.18,0.00,0.18,160,160,0,0.00,0.00,0.00,0.00,0.00,0.00,-1.00,-1.00,0.00,-1.00,-1.00,0.00,-1.00,-1.00,0.00,2.44E-1,1.024E+5,0.00E+0,1.33E-2,-1.00,0.00E+0,1.33E-2,0x0004,0x0000,0x007F,0x0214,0x0000,0x0001,0x0000,0x0000,0x0000,0x0000,0x0000,0x0004,0x0000,0x0000,0x0000,0x0000,0x0000,0x0000,72
12:01:04 PM,6,0.00,0,0.00,-1.67,0.00,0.00,100.00,-1.00,-1.00,-1.00,0,1,1,100,0,-1,0.18,0.00,0.18,160,160,0,0.00,0.00,0.00,0.00,0.00,0.00,-1.00,-1.00,0.00,-1.00,-1.00,0.00,-1.00,-1.00,0.00,2.46E-1,1.024E+5,0.00E+0,1.33E-2,-1.00,0.00E+0,1.33E-2,0x0004,0x0000,0x007F,0x0214,0x0000,0x0001,0x0000,0x0000,0x0000,0x0000,0x0000,0x0004,0x0000,0x0000,0x0000,0x0000,0x0000,0x0000,73
11:58:05 AM,6,0.00,0,0.00,-1.67,0.00,0.00,100.00,-1.00,-1.00,-1.00,0,1,1,100,0,-1,0.18,0.00,0.18,160,160,0,0.00,0.00,0.00,0.00,0.00,0.00,-1.00,-1.00,0.00,-1.00,-1.00,0.00,-1.00,-1.00,0.00,2.44E-1,1.024E+5,0.00E+0,1.33E-2,-1.00,0.00E+0,1.33E-2,0x0004,0x0000,0x007F,0x0214,0x0000,0x0001,0x0000,0x0000,0x0000,0x0000,0x0000,0x0004,0x0000,0x0000,0x0000,0x0000,0x0000,0x0000,74
11:58:10 AM,6,0.00,0,0.00,-1.67,0.00,0.00,100.00,-1.00,-1.00,-1.00,0,1,1,100,0,-1,0.18,0.00,0.18,160,160,0,0.00,0.00,0.00,0.00,0.00,0.00,-1.00,-1.00,0.00,-1.00,-1.00,0.00,-1.00,-1.00,0.00,2.42E-1,1.024E+5,0.00E+0,1.33E-2,-1.00,0.00E+0,1.33E-2,0x0004,0x0000,0x007F,0x0214,0x0000,0x0001,0x0000,0x0000,0x0000,0x0000,0x0000,0x0004,0x0000,0x0000,0x0000,0x0000,0x0000,0x0000,75
11:58:15 AM,6,0.00,0,0.00,-1.67,0.00,0.00,100.00,-1.00,-1.00,-1.00,0,1,1,100,0,-1,0.18,0.00,0.18,160,160,0,0.00,0.00,0.00,0.00,0.00,0.00,-1.00,-1.00,0.00,-1.00,-1.00,0.00,-1.00,-1.00,0.00,2.42E-1,1.024E+5,0.00E+0,1.33E-2,-1.00,0.00E+0,1.33E-2,0x0004,0x0000,0x007F,0x0214,0x0000,0x0001,0x0000,0x0000,0x0000,0x0000,0x0000,0x0004,0x0000,0x0000,0x0000,0x0000,0x0000,0x0000,76
11:58:20 AM,6,0.00,0,0.00,-1.67,0.00,0.00,100.00,-1.00,-1.00,-1.00,0,1,1,100,0,-1,0.18,0.00,0.18,160,160,0,0.00,0.00,0.00,0.00,0.00,0.00,-1.00,-1.00,0.00,-1.00,-1.00,0.00,-1.00,-1.00,0.00,2.46E-1,1.024E+5,0.00E+0,1.33E-2,-1.00,0.00E+0,1.33E-2,0x0004,0x0000,0x007F,0x0214,0x0000,0x0001,0x0000,0x0000,0x0000,0x0000,0x0000,0x0004,0x0000,0x0000,0x0000,0x0000,0x0000,0x0000,77
11:58:25 AM,6,0.00,0,0.00,-1.67,0.00,0.00,100.00,-1.00,-1.00,-1.00,0,1,1,100,0,-1,0.18,0.00,0.18,160,160,0,0.00,0.00,0.00,0.00,0.00,0.00,-1.00,-1.00,0.00,-1.00,-1.00,0.00,-1.00,-1.00,0.00,2.46E-1,1.024E+5,0.00E+0,1.33E-2,-1.00,0.00E+0,1.33E-2,0x0004,0x0000,0x007F,0x0214,0x0000,0x0001,0x0000,0x0000,0x0000,0x0000,0x0000,0x0004,0x0000,0x0000,0x0000,0x0000,0x0000,0x0000,78
11:58:30 AM,6,0.00,0,0.00,-1.67,0.00,0.00,100.00,-1.00,-1.00,-1.00,0,1,1,100,0,-1,0.18,0.00,0.18,160,160,0,0.00,0.00,0.00,0.00,0.00,0.00,-1.00,-1.00,0.00,-1.00,-1.00,0.00,-1.00,-1.00,0.00,2.46E-1,1.024E+5,0.00E+0,1.33E-2,-1.00,0.00E+0,1.33E-2,0x0004,0x0000,0x007F,0x0214,0x0000,0x0001,0x0000,0x0000,0x0000,0x0000,0x0000,0x0004,0x0000,0x0000,0x0000,0x0000,0x0000,0x0000,79
11:58:35 AM,6,0.00,0,0.00,-1.67,0.00,0.00,100.00,-1.00,-1.00,-1.00,0,1,1,100,0,-1,0.18,0.00,0.18,160,160,0,0.00,0.00,0.00,0.00,0.00,0.00,-1.00,-1.00,0.00,-1.00,-1.00,0.00,-1.00,-1.00,0.00,2.44E-1,1.024E+5,0.00E+0,1.33E-2,-1.00,0.00E+0,1.33E-2,0x0004,0x0000,0x007F,0x0214,0x0000,0x0001,0x0000,0x0000,0x0000,0x0000,0x0000,0x0004,0x0000,0x0000,0x0000,0x0000,0x0000,0x0000,80
11:58:40 AM,6,0.00,0,0.00,-1.67,0.00,0.00,100.00,-1.00,-1.00,-1.00,0,1,1,100,0,-1,0.18,0.00,0.18,160,160,0,0.00,0.00,0.00,0.00,0.00,0.00,-1.00,-1.00,0.00,-1.00,-1.00,0.00,-1.00,-1.00,0.00,2.42E-1,1.024E+5,0.00E+0,1.33E-2,-1.00,0.00E+0,1.33E-2,0x0004,0x0000,0x007F,0x0214,0x0000,0x0001,0x0000,0x0000,0x0000,0x0000,0x0000,0x0004,0x0000,0x0000,0x0000,0x0000,0x0000,0x0000,81
11:58:45 AM,6,0.00,0,0.00,-1.67,0.00,0.00,100.00,-1.00,-1.00,-1.00,0,1,1,100,0,-1,0.18,0.00,0.18,160,160,0,0.00,0.00,0.00,0.00,0.00,0.00,-1.00,-1.00,0.00,-1.00,-1.00,0.00,-1.00,-1.00,0.00,2.40E-1,1.024E+5,0.00E+0,1.33E-2,-1.00,0.00E+0,1.33E-2,0x0004,0x0000,0x007F,0x0214,0x0000,0x0001,0x0000,0x0000,0x0000,0x0000,0x0000,0x0004,0x0000,0x0000,0x0000,0x0000,0x0000,0x0000,82
11:58:50 AM,6,0.00,0,0.00,-1.67,0.00,0.00,100.00,-1.00,-1.00,-1.00,0,1,1,100,0,-1,0.18,0.00,0.18,160,160,0,0.00,0.00,0.00,0.00,0.00,0.00,-1.00,-1.00,0.00,-1.00,-1.00,0.00,-1.00,-1.00,0.00,2.42E-1,1.024E+5,0.00E+0,1.33E-2,-1.00,0.00E+0,1.33E-2,0x0004,0x0000,0x007F,0x0214,0x0000,0x0001,0x0000,0x0000,0x0000,0x0000,0x0000,0x0004,0x0000,0x0000,0x0000,0x0000,0x0000,0x0000,83
11:58:55 AM,6,0.00,0,0.00,-1.67,0.00,0.00,100.00,-1.00,-1.00,-1.00,0,1,1,100,0,-1,0.18,0.00,0.18,160,160,0,0.00,0.00,0.00,0.00,0.00,0.00,-1.00,-1.00,0.00,-1.00,-1.00,0.00,-1.00,-1.00,0.00,2.44E-1,1.024E+5,0.00E+0,1.33E-2,-1.00,0.00E+0,1.33E-2,0x0004,0x0000,0x007F,0x0214,0x0000,0x0001,0x0000,0x0000,0x0000,0x0000,0x0000,0x0004,0x0000,0x0000,0x0000,0x0000,0x0000,0x0000,84
11:59:00 AM,6,0.00,0,0.00,-1.67,0.00,0.00,100.00,-1.00,-1.00,-1.00,0,1,1,100,0,-1,0.18,0.00,0.18,160,160,0,0.00,0.00,0.00,0.00,0.00,0.00,-1.00,-1.00,0.00,-1.00,-1.00,0.00,-1.00,-1.00,0.00,2.37E-1,1.024E+5,0.00E+0,1.33E-2,-1.00,0.00E+0,1.33E-2,0x0004,0x0000,0x007F,0x0214,0x0000,0x0001,0x0000,0x0000,0x0000,0x0000,0x0000,0x0004,0x0000,0x0000,0x0000,0x0000,0x0000,0x0000,85
11:59:05 AM,6,0.00,0,0.00,-1.67,0.00,0.00,100.00,-1.00,-1.00,-1.00,0,1,1,100,0,-1,0.18,0.00,0.18,160,160,0,0.00,0.00,0.00,0.00,0.00,0.00,-1.00,-1.00,0.00,-1.00,-1.00,0.00,-1.00,-1.00,0.00,2.44E-1,1.024E+5,0.00E+0,1.33E-2,-1.00,0.00E+0,1.33E-2,0x0004,0x0000,0x007F,0x0214,0x0000,0x0001,0x0000,0x0000,0x0000,0x0000,0x0000,0x0004,0x0000,0x0000,0x0000,0x0000,0x0000,0x0000,86
11:59:10 AM,6,0.00,0,0.00,-1.67,0.00,0.00,100.00,-1.00,-1.00,-1.00,0,1,1,100,0,-1,0.18,0.00,0.18,160,160,0,0.00,0.00,0.00,0.00,0.00,0.00,-1.00,-1.00,0.00,-1.00,-1.00,0.00,-1.00,-1.00,0.00,2.46E-1,1.024E+5,0.00E+0,1.33E-2,-1.00,0.00E+0,1.33E-2,0x0004,0x0000,0x007F,0x0214,0x0000,0x0001,0x0000,0x0000,0x0000,0x0000,0x0000,0x0004,0x0000,0x0000,0x0000,0x0000,0x0000,0x0000,87
11:59:15 AM,6,0.00,0,0.00,-1.67,0.00,0.00,100.00,-1.00,-1.00,-1.00,0,1,1,100,0,-1,0.18,0.00,0.18,160,160,0,0.00,0.00,0.00,0.00,0.00,0.00,-1.00,-1.00,0.00,-1.00,-1.00,0.00,-1.00,-1.00,0.00,2.46E-1,1.024E+5,0.00E+0,1.33E-2,-1.00,0.00E+0,1.33E-2,0x0004,0x0000,0x007F,0x0214,0x0000,0x0001,0x0000,0x0000,0x0000,0x0000,0x0000,0x0004,0x0000,0x0000,0x0000,0x0000,0x0000,0x0000,88
11:59:20 AM,6,0.00,0,0.00,-1.67,0.00,0.00,100.00,-1.00,-1.00,-1.00,0,1,1,100,0,-1,0.18,0.00,0.18,160,160,0,0.00,0.00,0.00,0.00,0.00,0.00,-1.00,-1.00,0.00,-1.00,-1.00,0.00,-1.00,-1.00,0.00,2.46E-1,1.024E+5,0.00E+0,1.33E-2,-1.00,0.00E+0,1.33E-2,0x0004,0x0000,0x007F,0x0214,0x0000,0x0001,0x0000,0x0000,0x0000,0x0000,0x0000,0x0004,0x0000,0x0000,0x0000,0x0000,0x0000,0x0000,89
11:59:25 AM,6,0.00,0,0.00,-1.67,0.00,0.00,100.00,-1.00,-1.00,-1.00,0,1,1,100,0,-1,0.18,0.00,0.18,160,160,0,0.00,0.00,0.00,0.00,0.00,0.00,-1.00,-1.00,0.00,-1.00,-1.00,0.00,-1.00,-1.00,0.00,2.42E-1,1.024E+5,0.00E+0,1.33E-2,-1.00,0.00E+0,1.33E-2,0x0004,0x0000,0x007F,0x0214,0x0000,0x0001,0x0000,0x0000,0x0000,0x0000,0x0000,0x0004,0x0000,0x0000,0x0000,0x0000,0x0000,0x0000,90
11:59:30 AM,6,0.00,0,0.00,-1.67,0.00,0.00,100.00,-1.00,-1.00,-1.00,0,1,1,100,0,-1,0.18,0.00,0.18,160,160,0,0.00,0.00,0.00,0.00,0.00,0.00,-1.00,-1.00,0.00,-1.00,-1.00,0.00,-1.00,-1.00,0.00,2.42E-1,1.024E+5,0.00E+0,1.33E-2,-1.00,0.00E+0,1.33E-2,0x0004,0x0000,0x007F,0x0214,0x0000,0x0001,0x0000,0x0000,0x0000,0x0000,0x0000,0x0004,0x0000,0x0000,0x0000,0x0000,0x0000,0x0000,91
11:59:35 AM,6,0.00,0,0.00,-1.67,0.00,0.00,100.00,-1.00,-1.00,-1.00,0,1,1,100,0,-1,0.18,0.00,0.18,160,160,0,0.00,0.00,0.00,0.00,0.00,0.00,-1.00,-1.00,0.00,-1.00,-1.00,0.00,-1.00,-1.00,0.00,2.42E-1,1.024E+5,0.00E+0,1.33E-2,-1.00,0.00E+0,1.33E-2,0x0004,0x0000,0x007F,0x0214,0x0000,0x0001,0x0000,0x0000,0x0000,0x0000,0x0000,0x0004,0x0000,0x0000,0x0000,0x0000,0x0000,0x0000,92
11:59:39 AM,6,0.00,0,0.00,-1.67,0.00,0.00,100.00,-1.00,-1.00,-1.00,0,1,1,100,0,-1,0.18,0.00,0.18,160,160,0,0.00,0.00,0.00,0.00,0.00,0.00,-1.00,-1.00,0.00,-1.00,-1.00,0.00,-1.00,-1.00,0.00,2.46E-1,1.024E+5,0.00E+0,1.33E-2,-1.00,0.00E+0,1.33E-2,0x0004,0x0000,0x007F,0x0214,0x0000,0x0001,0x0000,0x0000,0x0000,0x0000,0x0000,0x0004,0x0000,0x0000,0x0000,0x0000,0x0000,0x0000,93
11:59:44 AM,6,0.00,0,0.00,-1.67,0.00,0.00,100.00,-1.00,-1.00,-1.00,0,1,1,100,0,-1,0.18,0.00,0.18,160,160,0,0.00,0.00,0.00,0.00,0.00,0.00,-1.00,-1.00,0.00,-1.00,-1.00,0.00,-1.00,-1.00,0.00,2.46E-1,1.024E+5,0.00E+0,1.33E-2,-1.00,0.00E+0,1.33E-2,0x0004,0x0000,0x007F,0x0214,0x0000,0x0001,0x0000,0x0000,0x0000,0x0000,0x0000,0x0004,0x0000,0x0000,0x0000,0x0000,0x0000,0x0000,94
11:59:49 AM,6,0.00,0,0.00,-1.67,0.00,0.00,100.00,-1.00,-1.00,-1.00,0,1,1,100,0,-1,0.18,0.00,0.18,160,160,0,0.00,0.00,0.00,0.00,0.00,0.00,-1.00,-1.00,0.00,-1.00,-1.00,0.00,-1.00,-1.00,0.00,2.42E-1,1.024E+5,0.00E+0,1.33E-2,-1.00,0.00E+0,1.33E-2,0x0004,0x0000,0x007F,0x0214,0x0000,0x0001,0x0000,0x0000,0x0000,0x0000,0x0000,0x0004,0x0000,0x0000,0x0000,0x0000,0x0000,0x0000,95
11:59:54 AM,6,0.00,0,0.00,-1.67,0.00,0.00,100.00,-1.00,-1.00,-1.00,0,1,1,100,0,-1,0.18,0.00,0.18,160,160,0,0.00,0.00,0.00,0.00,0.00,0.00,-1.00,-1.00,0.00,-1.00,-1.00,0.00,-1.00,-1.00,0.00,2.42E-1,1.024E+5,0.00E+0,1.33E-2,-1.00,0.00E+0,1.33E-2,0x0004,0x0000,0x007F,0x0214,0x0000,0x0001,0x0000,0x0000,0x0000,0x0000,0x0000,0x0004,0x0000,0x0000,0x0000,0x0000,0x0000,0x0000,96
11:59:59 AM,6,0.00,0,0.00,-1.67,0.00,0.00,100.00,-1.00,-1.00,-1.00,0,1,1,100,0,-1,0.18,0.00,0.18,160,160,0,0.00,0.00,0.00,0.00,0.00,0.00,-1.00,-1.00,0.00,-1.00,-1.00,0.00,-1.00,-1.00,0.00,2.48E-1,1.024E+5,0.00E+0,1.33E-2,-1.00,0.00E+0,1.33E-2,0x0004,0x0000,0x007F,0x0214,0x0000,0x0001,0x0000,0x0000,0x0000,0x0000,0x0000,0x0004,0x0000,0x0000,0x0000,0x0000,0x0000,0x0000,97
12:00:04 PM,6,0.00,0,0.00,-1.67,0.00,0.00,100.00,-1.00,-1.00,-1.00,0,1,1,100,0,-1,0.18,0.00,0.18,160,160,0,0.00,0.00,0.00,0.00,0.00,0.00,-1.00,-1.00,0.00,-1.00,-1.00,0.00,-1.00,-1.00,0.00,2.42E-1,1.024E+5,0.00E+0,1.33E-2,-1.00,0.00E+0,1.33E-2,0x0004,0x0000,0x007F,0x0214,0x0000,0x0001,0x0000,0x0000,0x0000,0x0000,0x0000,0x0004,0x0000,0x0000,0x0000,0x0000,0x0000,0x0000,98
12:00:09 PM,6,0.00,0,0.00,-1.67,0.00,0.00,100.00,-1.00,-1.00,-1.00,0,1,1,100,0,-1,0.18,0.00,0.18,160,160,0,0.00,0.00,0.00,0.00,0.00,0.00,-1.00,-1.00,0.00,-1.00,-1.00,0.00,-1.00,-1.00,0.00,2.46E-1,1.024E+5,0.00E+0,1.33E-2,-1.00,0.00E+0,1.33E-2,0x0004,0x0000,0x007F,0x0214,0x0000,0x0001,0x0000,0x0000,0x0000,0x0000,0x0000,0x0004,0x0000,0x0000,0x0000,0x0000,0x0000,0x0000,99
12:00:14 PM,6,0.00,0,0.00,-1.67,0.00,0.00,100.00,-1.00,-1.00,-1.00,0,1,1,100,0,-1,0.18,0.00,0.18,160,160,0,0.00,0.00,0.00,0.00,0.00,0.00,-1.00,-1.00,0.00,-1.00,-1.00,0.00,-1.00,-1.00,0.00,2.42E-1,1.024E+5,0.00E+0,1.33E-2,-1.00,0.00E+0,1.33E-2,0x0004,0x0000,0x007F,0x0214,0x0000,0x0001,0x0000,0x0000,0x0000,0x0000,0x0000,0x0004,0x0000,0x0000,0x0000,0x0000,0x0000,0x0000,100
12:00:19 PM,6,0.00,0,0.00,-1.67,0.00,0.00,100.00,-1.00,-1.00,-1.00,0,1,1,100,0,-1,0.18,0.00,0.18,160,160,0,0.00,0.00,0.00,0.00,0.00,0.00,-1.00,-1.00,0.00,-1.00,-1.00,0.00,-1.00,-1.00,0.00,2.44E-1,1.024E+5,0.00E+0,1.33E-2,-1.00,0.00E+0,1.33E-2,0x0004,0x0000,0x007F,0x0214,0x0000,0x0001,0x0000,0x0000,0x0000,0x0000,0x0000,0x0004,0x0000,0x0000,0x0000,0x0000,0x0000,0x0000,101
12:00:24 PM,6,0.00,0,0.00,-1.67,0.00,0.00,100.00,-1.00,-1.00,-1.00,0,1,1,100,0,-1,0.18,0.00,0.18,160,160,0,0.00,0.00,0.00,0.00,0.00,0.00,-1.00,-1.00,0.00,-1.00,-1.00,0.00,-1.00,-1.00,0.00,2.46E-1,1.024E+5,0.00E+0,1.33E-2,-1.00,0.00E+0,1.33E-2,0x0004,0x0000,0x007F,0x0214,0x0000,0x0001,0x0000,0x0000,0x0000,0x0000,0x0000,0x0004,0x0000,0x0000,0x0000,0x0000,0x0000,0x0000,102
12:00:29 PM,6,0.00,0,0.00,-1.67,0.00,0.00,100.00,-1.00,-1.00,-1.00,0,1,1,100,0,-1,0.18,0.00,0.18,160,160,0,0.00,0.00,0.00,0.00,0.00,0.00,-1.00,-1.00,0.00,-1.00,-1.00,0.00,-1.00,-1.00,0.00,2.51E-1,1.024E+5,0.00E+0,1.33E-2,-1.00,0.00E+0,1.33E-2,0x0004,0x0000,0x007F,0x0214,0x0000,0x0001,0x0000,0x0000,0x0000,0x0000,0x0000,0x0004,0x0000,0x0000,0x0000,0x0000,0x0000,0x0000,103
12:00:34 PM,6,0.00,0,0.00,-1.67,0.00,0.00,100.00,-1.00,-1.00,-1.00,0,1,1,100,0,-1,0.18,0.00,0.18,160,160,0,0.00,0.00,0.00,0.00,0.00,0.00,-1.00,-1.00,0.00,-1.00,-1.00,0.00,-1.00,-1.00,0.00,2.46E-1,1.024E+5,0.00E+0,1.33E-2,-1.00,0.00E+0,1.33E-2,0x0004,0x0000,0x007F,0x0214,0x0000,0x0001,0x0000,0x0000,0x0000,0x0000,0x0000,0x0004,0x0000,0x0000,0x0000,0x0000,0x0000,0x0000,104
12:00:39 PM,6,0.00,0,0.00,-1.67,0.00,0.00,100.00,-1.00,-1.00,-1.00,0,1,1,100,0,-1,0.18,0.00,0.18,160,160,0,0.00,0.00,0.00,0.00,0.00,0.00,-1.00,-1.00,0.00,-1.00,-1.00,0.00,-1.00,-1.00,0.00,2.46E-1,1.024E+5,0.00E+0,1.33E-2,-1.00,0.00E+0,1.33E-2,0x0004,0x0000,0x007F,0x0214,0x0000,0x0001,0x0000,0x0000,0x0000,0x0000,0x0000,0x0004,0x0000,0x0000,0x0000,0x0000,0x0000,0x0000,105
12:00:44 PM,6,0.00,0,0.00,-1.67,0.00,0.00,100.00,-1.00,-1.00,-1.00,0,1,1,100,0,-1,0.18,0.00,0.18,160,160,0,0.00,0.00,0.00,0.00,0.00,0.00,-1.00,-1.00,0.00,-1.00,-1.00,0.00,-1.00,-1.00,0.00,2.46E-1,1.024E+5,0.00E+0,1.33E-2,-1.00,0.00E+0,1.33E-2,0x0004,0x0000,0x007F,0x0214,0x0000,0x0001,0x0000,0x0000,0x0000,0x0000,0x0000,0x0004,0x0000,0x0000,0x0000,0x0000,0x0000,0x0000,106
12:00:49 PM,6,0.00,0,0.00,-1.67,0.00,0.00,100.00,-1.00,-1.00,-1.00,0,1,1,100,0,-1,0.18,0.00,0.18,160,160,0,0.00,0.00,0.00,0.00,0.00,0.00,-1.00,-1.00,0.00,-1.00,-1.00,0.00,-1.00,-1.00,0.00,2.42E-1,1.024E+5,0.00E+0,1.33E-2,-1.00,0.00E+0,1.33E-2,0x0004,0x0000,0x007F,0x0214,0x0000,0x0001,0x0000,0x0000,0x0000,0x0000,0x0000,0x0004,0x0000,0x0000,0x0000,0x0000,0x0000,0x0000,107
12:00:54 PM,6,0.00,0,0.00,-1.67,0.00,0.00,100.00,-1.00,-1.00,-1.00,0,1,1,100,0,-1,0.18,0.00,0.18,160,160,0,0.00,0.00,0.00,0.00,0.00,0.00,-1.00,-1.00,0.00,-1.00,-1.00,0.00,-1.00,-1.00,0.00,2.46E-1,1.024E+5,0.00E+0,1.33E-2,-1.00,0.00E+0,1.33E-2,0x0004,0x0000,0x007F,0x0214,0x0000,0x0001,0x0000,0x0000,0x0000,0x0000,0x0000,0x0004,0x0000,0x0000,0x0000,0x0000,0x0000,0x0000,108
12:00:59 PM,6,0.00,0,0.00,-1.67,0.00,0.00,100.00,-1.00,-1.00,-1.00,0,1,1,100,0,-1,0.18,0.00,0.18,160,160,0,0.00,0.00,0.00,0.00,0.00,0.00,-1.00,-1.00,0.00,-1.00,-1.00,0.00,-1.00,-1.00,0.00,2.44E-1,1.024E+5,0.00E+0,1.33E-2,-1.00,0.00E+0,1.33E-2,0x0004,0x0000,0x007F,0x0214,0x0000,0x0001,0x0000,0x0000,0x0000,0x0000,0x0000,0x0004,0x0000,0x0000,0x0000,0x0000,0x0000,0x0000,109
12:01:04 PM,6,0.00,0,0.00,-1.67,0.00,0.00,100.00,-1.00,-1.00,-1.00,0,1,1,100,0,-1,0.18,0.00,0.18,160,160,0,0.00,0.00,0.00,0.00,0.00,0.00,-1.00,-1.00,0.00,-1.00,-1.00,0.00,-1.00,-1.00,0.00,2.46E-1,1.024E+5,0.00E+0,1.33E-2,-1.00,0.00E+0,1.33E-2,0x0004,0x0000,0x007F,0x0214,0x0000,0x0001,0x0000,0x0000,0x0000,0x0000,0x0000,0x0004,0x0000,0x0000,0x0000,0x0000,0x0000,0x0000,110
11:58:05 AM,6,0.00,0,0.00,-1.67,0.00,0.00,100.00,-1.00,-1.00,-1.00,0,1,1,100,0,-1,0.18,0.00,0.18,160,160,0,0.00,0.00,0.00,0.00,0.00,0.00,-1.00,-1.00,0.00,-1.00,-1.00,0.00,-1.00,-1.00,0.00,2.44E-1,1.024E+5,0.00E+0,1.33E-2,-1.00,0.00E+0,1.33E-2,0x0004,0x0000,0x007F,0x0214,0x0000,0x0001,0x0000,0x0000,0x0000,0x0000,0x0000,0x0004,0x0000,0x0000,0x0000,0x0000,0x0000,0x0000,111
11:58:10 AM,6,0.00,0,0.00,-1.67,0.00,0.00,100.00,-1.00,-1.00,-1.00,0,1,1,100,0,-1,0.18,0.00,0.18,160,160,0,0.00,0.00,0.00,0.00,0.00,0.00,-1.00,-1.00,0.00,-1.00,-1.00,0.00,-1.00,-1.00,0.00,2.42E-1,1.024E+5,0.00E+0,1.33E-2,-1.00,0.00E+0,1.33E-2,0x0004,0x0000,0x007F,0x0214,0x0000,0x0001,0x0000,0x0000,0x0000,0x0000,0x0000,0x0004,0x0000,0x0000,0x0000,0x0000,0x0000,0x0000,112
11:58:15 AM,6,0.00,0,0.00,-1.67,0.00,0.00,100.00,-1.00,-1.00,-1.00,0,1,1,100,0,-1,0.18,0.00,0.18,160,160,0,0.00,0.00,0.00,0.00,0.00,0.00,-1.00,-1.00,0.00,-1.00,-1.00,0.00,-1.00,-1.00,0.00,2.42E-1,1.024E+5,0.00E+0,1.33E-2,-1.00,0.00E+0,1.33E-2,0x0004,0x0000,0x007F,0x0214,0x0000,0x0001,0x0000,0x0000,0x0000,0x0000,0x0000,0x0004,0x0000,0x0000,0x0000,0x0000,0x0000,0x0000,113
11:58:20 AM,6,0.00,0,0.00,-1.67,0.00,0.00,100.00,-1.00,-1.00,-1.00,0,1,1,100,0,-1,0.18,0.00,0.18,160,160,0,0.00,0.00,0.00,0.00,0.00,0.00,-1.00,-1.00,0.00,-1.00,-1.00,0.00,-1.00,-1.00,0.00,2.46E-1,1.024E+5,0.00E+0,1.33E-2,-1.00,0.00E+0,1.33E-2,0x0004,0x0000,0x007F,0x0214,0x0000,0x0001,0x0000,0x0000,0x0000,0x0000,0x0000,0x0004,0x0000,0x0000,0x0000,0x0000,0x0000,0x0000,114
11:58:25 AM,6,0.00,0,0.00,-1.67,0.00,0.00,100.00,-1.00,-1.00,-1.00,0,1,1,100,0,-1,0.18,0.00,0.18,160,160,0,0.00,0.00,0.00,0.00,0.00,0.00,-1.00,-1.00,0.00,-1.00,-1.00,0.00,-1.00,-1.00,0.00,2.46E-1,1.024E+5,0.00E+0,1.33E-2,-1.00,0.00E+0,1.33E-2,0x0004,0x0000,0x007F,0x0214,0x0000,0x0001,0x0000,0x0000,0x0000,0x0000,0x0000,0x0004,0x0000,0x0000,0x0000,0x0000,0x0000,0x0000,115
11:58:30 AM,6,0.00,0,0.00,-1.67,0.00,0.00,100.00,-1.00,-1.00,-1.00,0,1,1,100,0,-1,0.18,0.00,0.18,160,160,0,0.00,0.00,0.00,0.00,0.00,0.00,-1.00,-1.00,0.00,-1.00,-1.00,0.00,-1.00,-1.00,0.00,2.46E-1,1.024E+5,0.00E+0,1.33E-2,-1.00,0.00E+0,1.33E-2,0x0004,0x0000,0x007F,0x0214,0x0000,0x0001,0x0000,0x0000,0x0000,0x0000,0x0000,0x0004,0x0000,0x0000,0x0000,0x0000,0x0000,0x0000,116
11:58:35 AM,6,0.00,0,0.00,-1.67,0.00,0.00,100.00,-1.00,-1.00,-1.00,0,1,1,100,0,-1,0.18,0.00,0.18,160,160,0,0.00,0.00,0.00,0.00,0.00,0.00,-1.00,-1.00,0.00,-1.00,-1.00,0.00,-1.00,-1.00,0.00,2.44E-1,1.024E+5,0.00E+0,1.33E-2,-1.00,0.00E+0,1.33E-2,0x0004,0x0000,0x007F,0x0214,0x0000,0x0001,0x0000,0x0000,0x0000,0x0000,0x0000,0x0004,0x0000,0x0000,0x0000,0x0000,0x0000,0x0000,117
11:58:40 AM,6,0.00,0,0.00,-1.67,0.00,0.00,100.00,-1.00,-1.00,-1.00,0,1,1,100,0,-1,0.18,0.00,0.18,160,160,0,0.00,0.00,0.00,0.00,0.00,0.00,-1.00,-1.00,0.00,-1.00,-1.00,0.00,-1.00,-1.00,0.00,2.42E-1,1.024E+5,0.00E+0,1.33E-2,-1.00,0.00E+0,1.33E-2,0x0004,0x0000,0x007F,0x0214,0x0000,0x0001,0x0000,0x0000,0x0000,0x0000,0x0000,0x0004,0x0000,0x0000,0x0000,0x0000,0x0000,0x0000,118
11:58:45 AM,6,0.00,0,0.00,-1.67,0.00,0.00,100.00,-1.00,-1.00,-1.00,0,1,1,100,0,-1,0.18,0.00,0.18,160,160,0,0.00,0.00,0.00,0.00,0.00,0.00,-1.00,-1.00,0.00,-1.00,-1.00,0.00,-1.00,-1.00,0.00,2.40E-1,1.024E+5,0.00E+0,1.33E-2,-1.00,0.00E+0,1.33E-2,0x0004,0x0000,0x007F,0x0214,0x0000,0x0001,0x0000,0x0000,0x0000,0x0000,0x0000,0x0004,0x0000,0x0000,0x0000,0x0000,0x0000,0x0000,119
11:58:50 AM,6,0.00,0,0.00,-1.67,0.00,0.00,100.00,-1.00,-1.00,-1.00,0,1,1,100,0,-1,0.18,0.00,0.18,160,160,0,0.00,0.00,0.00,0.00,0.00,0.00,-1.00,-1.00,0.00,-1.00,-1.00,0.00,-1.00,-1.00,0.00,2.42E-1,1.024E+5,0.00E+0,1.33E-2,-1.00,0.00E+0,1.33E-2,0x0004,0x0000,0x007F,0x0214,0x0000,0x0001,0x0000,0x0000,0x0000,0x0000,0x0000,0x0004,0x0000,0x0000,0x0000,0x0000,0x0000,0x0000,120
11:58:55 AM,6,0.00,0,0.00,-1.67,0.00,0.00,100.00,-1.00,-1.00,-1.00,0,1,1,100,0,-1,0.18,0.00,0.18,160,160,0,0.00,0.00,0.00,0.00,0.00,0.00,-1.00,-1.00,0.00,-1.00,-1.00,0.00,-1.00,-1.00,0.00,2.44E-1,1.024E+5,0.00E+0,1.33E-2,-1.00,0.00E+0,1.33E-2,0x0004,0x0000,0x007F,0x0214,0x0000,0x0001,0x0000,0x0000,0x0000,0x0000,0x0000,0x0004,0x0000,0x0000,0x0000,0x0000,0x0000,0x0000,121
11:59:00 AM,6,0.00,0,0.00,-1.67,0.00,0.00,100.00,-1.00,-1.00,-1.00,0,1,1,100,0,-1,0.18,0.00,0.18,160,160,0,0.00,0.00,0.00,0.00,0.00,0.00,-1.00,-1.00,0.00,-1.00,-1.00,0.00,-1.00,-1.00,0.00,2.37E-1,1.024E+5,0.00E+0,1.33E-2,-1.00,0.00E+0,1.33E-2,0x0004,0x0000,0x007F,0x0214,0x0000,0x0001,0x0000,0x0000,0x0000,0x0000,0x0000,0x0004,0x0000,0x0000,0x0000,0x0000,0x0000,0x0000,122
11:59:05 AM,6,0.00,0,0.00,-1.67,0.00,0.00,100.00,-1.00,-1.00,-1.00,0,1,1,100,0,-1,0.18,0.00,0.18,160,160,0,0.00,0.00,0.00,0.00,0.00,0.00,-1.00,-1.00,0.00,-1.00,-1.00,0.00,-1.00,-1.00,0.00,2.44E-1,1.024E+5,0.00E+0,1.33E-2,-1.00,0.00E+0,1.33E-2,0x0004,0x0000,0x007F,0x0214,0x0000,0x0001,0x0000,0x0000,0x0000,0x0000,0x0000,0x0004,0x0000,0x0000,0x0000,0x0000,0x0000,0x0000,123
11:59:10 AM,6,0.00,0,0.00,-1.67,0.00,0.00,100.00,-1.00,-1.00,-1.00,0,1,1,100,0,-1,0.18,0.00,0.18,160,160,0,0.00,0.00,0.00,0.00,0.00,0.00,-1.00,-1.00,0.00,-1.00,-1.00,0.00,-1.00,-1.00,0.00,2.46E-1,1.024E+5,0.00E+0,1.33E-2,-1.00,0.00E+0,1.33E-2,0x0004,0x0000,0x007F,0x0214,0x0000,0x0001,0x0000,0x0000,0x0000,0x0000,0x0000,0x0004,0x0000,0x0000,0x0000,0x0000,0x0000,0x0000,124
11:59:15 AM,6,0.00,0,0.00,-1.67,0.00,0.00,100.00,-1.00,-1.00,-1.00,0,1,1,100,0,-1,0.18,0.00,0.18,160,160,0,0.00,0.00,0.00,0.00,0.00,0.00,-1.00,-1.00,0.00,-1.00,-1.00,0.00,-1.00,-1.00,0.00,2.46E-1,1.024E+5,0.00E+0,1.33E-2,-1.00,0.00E+0,1.33E-2,0x0004,0x0000,0x007F,0x0214,0x0000,0x0001,0x0000,0x0000,0x0000,0x0000,0x0000,0x0004,0x0000,0x0000,0x0000,0x0000,0x0000,0x0000,125
11:59:20 AM,6,0.00,0,0.00,-1.67,0.00,0.00,100.00,-1.00,-1.00,-1.00,0,1,1,100,0,-1,0.18,0.00,0.18,160,160,0,0.00,0.00,0.00,0.00,0.00,0.00,-1.00,-1.00,0.00,-1.00,-1.00,0.00,-1.00,-1.00,0.00,2.46E-1,1.024E+5,0.00E+0,1.33E-2,-1.00,0.00E+0,1.33E-2,0x0004,0x0000,0x007F,0x0214,0x0000,0x0001,0x0000,0x0000,0x0000,0x0000,0x0000,0x0004,0x0000,0x0000,0x0000,0x0000,0x0000,0x0000,126
11:59:25 AM,6,0.00,0,0.00,-1.67,0.00,0.00,100.00,-1.00,-1.00,-1.00,0,1,1,100,0,-1,0.18,0.00,0.18,160,160,0,0.00,0.00,0.00,0.00,0.00,0.00,-1.00,-1.00,0.00,-1.00,-1.00,0.00,-1.00,-1.00,0.00,2.42E-1,1.024E+5,0.00E+0,1.33E-2,-1.00,0.00E+0,1.33E-2,0x0004,0x0000,0x007F,0x0214,0x0000,0x0001,0x0000,0x0000,0x0000,0x0000,0x0000,0x0004,0x0000,0x0000,0x0000,0x0000,0x0000,0x0000,127
11:59:30 AM,6,0.00,0,0.00,-1.67,0.00,0.00,100.00,-1.00,-1.00,-1.00,0,1,1,100,0,-1,0.18,0.00,0.18,160,160,0,0.00,0.00,0.00,0.00,0.00,0.00,-1.00,-1.00,0.00,-1.00,-1.00,0.00,-1.00,-1.00,0.00,2.42E-1,1.024E+5,0.00E+0,1.33E-2,-1.00,0.00E+0,1.33E-2,0x0004,0x0000,0x007F,0x0214,0x0000,0x0001,0x0000,0x0000,0x0000,0x0000,0x0000,0x0004,0x0000,0x0000,0x0000,0x0000,0x0000,0x0000,128
11:59:35 AM,6,0.00,0,0.00,-1.67,0.00,0.00,100.00,-1.00,-1.00,-1.00,0,1,1,100,0,-1,0.18,0.00,0.18,160,160,0,0.00,0.00,0.00,0.00,0.00,0.00,-1.00,-1.00,0.00,-1.00,-1.00,0.00,-1.00,-1.00,0.00,2.42E-1,1.024E+5,0.00E+0,1.33E-2,-1.00,0.00E+0,1.33E-2,0x0004,0x0000,0x007F,0x0214,0x0000,0x0001,0x0000,0x0000,0x0000,0x0000,0x0000,0x0004,0x0000,0x0000,0x0000,0x0000,0x0000,0x0000,129
11:59:39 AM,6,0.00,0,0.00,-1.67,0.00,0.00,100.00,-1.00,-1.00,-1.00,0,1,1,100,0,-1,0.18,0.00,0.18,160,160,0,0.00,0.00,0.00,0.00,0.00,0.00,-1.00,-1.00,0.00,-1.00,-1.00,0.00,-1.00,-1.00,0.00,2.46E-1,1.024E+5,0.00E+0,1.33E-2,-1.00,0.00E+0,1.33E-2,0x0004,0x0000,0x007F,0x0214,0x0000,0x0001,0x0000,0x0000,0x0000,0x0000,0x0000,0x0004,0x0000,0x0000,0x0000,0x0000,0x0000,0x0000,130
11:59:44 AM,6,0.00,0,0.00,-1.67,0.00,0.00,100.00,-1.00,-1.00,-1.00,0,1,1,100,0,-1,0.18,0.00,0.18,160,160,0,0.00,0.00,0.00,0.00,0.00,0.00,-1.00,-1.00,0.00,-1.00,-1.00,0.00,-1.00,-1.00,0.00,2.46E-1,1.024E+5,0.00E+0,1.33E-2,-1.00,0.00E+0,1.33E-2,0x0004,0x0000,0x007F,0x0214,0x0000,0x0001,0x0000,0x0000,0x0000,0x0000,0x0000,0x0004,0x0000,0x0000,0x0000,0x0000,0x0000,0x0000,131
11:59:49 AM,6,0.00,0,0.00,-1.67,0.00,0.00,100.00,-1.00,-1.00,-1.00,0,1,1,100,0,-1,0.18,0.00,0.18,160,160,0,0.00,0.00,0.00,0.00,0.00,0.00,-1.00,-1.00,0.00,-1.00,-1.00,0.00,-1.00,-1.00,0.00,2.42E-1,1.024E+5,0.00E+0,1.33E-2,-1.00,0.00E+0,1.33E-2,0x0004,0x0000,0x007F,0x0214,0x0000,0x0001,0x0000,0x0000,0x0000,0x0000,0x0000,0x0004,0x0000,0x0000,0x0000,0x0000,0x0000,0x0000,132
11:59:54 AM,6,0.00,0,0.00,-1.67,0.00,0.00,100.00,-1.00,-1.00,-1.00,0,1,1,100,0,-1,0.18,0.00,0.18,160,160,0,0.00,0.00,0.00,0.00,0.00,0.00,-1.00,-1.00,0.00,-1.00,-1.00,0.00,-1.00,-1.00,0.00,2.42E-1,1.024E+5,0.00E+0,1.33E-2,-1.00,0.00E+0,1.33E-2,0x0004,0x0000,0x007F,0x0214,0x0000,0x0001,0x0000,0x0000,0x0000,0x0000,0x0000,0x0004,0x0000,0x0000,0x0000,0x0000,0x0000,0x0000,133
11:59:59 AM,6,0.00,0,0.00,-1.67,0.00,0.00,100.00,-1.00,-1.00,-1.00,0,1,1,100,0,-1,0.18,0.00,0.18,160,160,0,0.00,0.00,0.00,0.00,0.00,0.00,-1.00,-1.00,0.00,-1.00,-1.00,0.00,-1.00,-1.00,0.00,2.48E-1,1.024E+5,0.00E+0,1.33E-2,-1.00,0.00E+0,1.33E-2,0x0004,0x0000,0x007F,0x0214,0x0000,0x0001,0x0000,0x0000,0x0000,0x0000,0x0000,0x0004,0x0000,0x0000,0x0000,0x0000,0x0000,0x0000,134
12:00:04 PM,6,0.00,0,0.00,-1.67,0.00,0.00,100.00,-1.00,-1.00,-1.00,0,1,1,100,0,-1,0.18,0.00,0.18,160,160,0,0.00,0.00,0.00,0.00,0.00,0.00,-1.00,-1.00,0.00,-1.00,-1.00,0.00,-1.00,-1.00,0.00,2.42E-1,1.024E+5,0.00E+0,1.33E-2,-1.00,0.00E+0,1.33E-2,0x0004,0x0000,0x007F,0x0214,0x0000,0x0001,0x0000,0x0000,0x0000,0x0000,0x0000,0x0004,0x0000,0x0000,0x0000,0x0000,0x0000,0x0000,135
12:00:09 PM,6,0.00,0,0.00,-1.67,0.00,0.00,100.00,-1.00,-1.00,-1.00,0,1,1,100,0,-1,0.18,0.00,0.18,160,160,0,0.00,0.00,0.00,0.00,0.00,0.00,-1.00,-1.00,0.00,-1.00,-1.00,0.00,-1.00,-1.00,0.00,2.46E-1,1.024E+5,0.00E+0,1.33E-2,-1.00,0.00E+0,1.33E-2,0x0004,0x0000,0x007F,0x0214,0x0000,0x0001,0x0000,0x0000,0x0000,0x0000,0x0000,0x0004,0x0000,0x0000,0x0000,0x0000,0x0000,0x0000,136
12:00:14 PM,6,0.00,0,0.00,-1.67,0.00,0.00,100.00,-1.00,-1.00,-1.00,0,1,1,100,0,-1,0.18,0.00,0.18,160,160,0,0.00,0.00,0.00,0.00,0.00,0.00,-1.00,-1.00,0.00,-1.00,-1.00,0.00,-1.00,-1.00,0.00,2.42E-1,1.024E+5,0.00E+0,1.33E-2,-1.00,0.00E+0,1.33E-2,0x0004,0x0000,0x007F,0x0214,0x0000,0x0001,0x0000,0x0000,0x0000,0x0000,0x0000,0x0004,0x0000,0x0000,0x0000,0x0000,0x0000,0x0000,137
12:00:19 PM,6,0.00,0,0.00,-1.67,0.00,0.00,100.00,-1.00,-1.00,-1.00,0,1,1,100,0,-1,0.18,0.00,0.18,160,160,0,0.00,0.00,0.00,0.00,0.00,0.00,-1.00,-1.00,0.00,-1.00,-1.00,0.00,-1.00,-1.00,0.00,2.44E-1,1.024E+5,0.00E+0,1.33E-2,-1.00,0.00E+0,1.33E-2,0x0004,0x0000,0x007F,0x0214,0x0000,0x0001,0x0000,0x0000,0x0000,0x0000,0x0000,0x0004,0x0000,0x0000,0x0000,0x0000,0x0000,0x0000,138
12:00:24 PM,6,0.00,0,0.00,-1.67,0.00,0.00,100.00,-1.00,-1.00,-1.00,0,1,1,100,0,-1,0.18,0.00,0.18,160,160,0,0.00,0.00,0.00,0.00,0.00,0.00,-1.00,-1.00,0.00,-1.00,-1.00,0.00,-1.00,-1.00,0.00,2.46E-1,1.024E+5,0.00E+0,1.33E-2,-1.00,0.00E+0,1.33E-2,0x0004,0x0000,0x007F,0x0214,0x0000,0x0001,0x0000,0x0000,0x0000,0x0000,0x0000,0x0004,0x0000,0x0000,0x0000,0x0000,0x0000,0x0000,139
12:00:29 PM,6,0.00,0,0.00,-1.67,0.00,0.00,100.00,-1.00,-1.00,-1.00,0,1,1,100,0,-1,0.18,0.00,0.18,160,160,0,0.00,0.00,0.00,0.00,0.00,0.00,-1.00,-1.00,0.00,-1.00,-1.00,0.00,-1.00,-1.00,0.00,2.51E-1,1.024E+5,0.00E+0,1.33E-2,-1.00,0.00E+0,1.33E-2,0x0004,0x0000,0x007F,0x0214,0x0000,0x0001,0x0000,0x0000,0x0000,0x0000,0x0000,0x0004,0x0000,0x0000,0x0000,0x0000,0x0000,0x0000,140
12:00:34 PM,6,0.00,0,0.00,-1.67,0.00,0.00,100.00,-1.00,-1.00,-1.00,0,1,1,100,0,-1,0.18,0.00,0.18,160,160,0,0.00,0.00,0.00,0.00,0.00,0.00,-1.00,-1.00,0.00,-1.00,-1.00,0.00,-1.00,-1.00,0.00,2.46E-1,1.024E+5,0.00E+0,1.33E-2,-1.00,0.00E+0,1.33E-2,0x0004,0x0000,0x007F,0x0214,0x0000,0x0001,0x0000,0x0000,0x0000,0x0000,0x0000,0x0004,0x0000,0x0000,0x0000,0x0000,0x0000,0x0000,141
12:00:39 PM,6,0.00,0,0.00,-1.67,0.00,0.00,100.00,-1.00,-1.00,-1.00,0,1,1,100,0,-1,0.18,0.00,0.18,160,160,0,0.00,0.00,0.00,0.00,0.00,0.00,-1.00,-1.00,0.00,-1.00,-1.00,0.00,-1.00,-1.00,0.00,2.46E-1,1.024E+5,0.00E+0,1.33E-2,-1.00,0.00E+0,1.33E-2,0x0004,0x0000,0x007F,0x0214,0x0000,0x0001,0x0000,0x0000,0x0000,0x0000,0x0000,0x0004,0x0000,0x0000,0x0000,0x0000,0x0000,0x0000,142
12:00:44 PM,6,0.00,0,0.00,-1.67,0.00,0.00,100.00,-1.00,-1.00,-1.00,0,1,1,100,0,-1,0.18,0.00,0.18,160,160,0,0.00,0.00,0.00,0.00,0.00,0.00,-1.00,-1.00,0.00,-1.00,-1.00,0.00,-1.00,-1.00,0.00,2.46E-1,1.024E+5,0.00E+0,1.33E-2,-1.00,0.00E+0,1.33E-2,0x0004,0x0000,0x007F,0x0214,0x0000,0x0001,0x0000,0x0000,0x0000,0x0000,0x0000,0x0004,0x0000,0x0000,0x0000,0x0000,0x0000,0x0000,143
12:00:49 PM,6,0.00,0,0.00,-1.67,0.00,0.00,100.00,-1.00,-1.00,-1.00,0,1,1,100,0,-1,0.18,0.00,0.18,160,160,0,0.00,0.00,0.00,0.00,0.00,0.00,-1.00,-1.00,0.00,-1.00,-1.00,0.00,-1.00,-1.00,0.00,2.42E-1,1.024E+5,0.00E+0,1.33E-2,-1.00,0.00E+0,1.33E-2,0x0004,0x0000,0x007F,0x0214,0x0000,0x0001,0x0000,0x0000,0x0000,0x0000,0x0000,0x0004,0x0000,0x0000,0x0000,0x0000,0x0000,0x0000,144
12:00:54 PM,6,0.00,0,0.00,-1.67,0.00,0.00,100.00,-1.00,-1.00,-1.00,0,1,1,100,0,-1,0.18,0.00,0.18,160,160,0,0.00,0.00,0.00,0.00,0.00,0.00,-1.00,-1.00,0.00,-1.00,-1.00,0.00,-1.00,-1.00,0.00,2.46E-1,1.024E+5,0.00E+0,1.33E-2,-1.00,0.00E+0,1.33E-2,0x0004,0x0000,0x007F,0x0214,0x0000,0x0001,0x0000,0x0000,0x0000,0x0000,0x0000,0x0004,0x0000,0x0000,0x0000,0x0000,0x0000,0x0000,145
12:00:59 PM,6,0.00,0,0.00,-1.67,0.00,0.00,100.00,-1.00,-1.00,-1.00,0,1,1,100,0,-1,0.18,0.00,0.18,160,160,0,0.00,0.00,0.00,0.00,0.00,0.00,-1.00,-1.00,0.00,-1.00,-1.00,0.00,-1.00,-1.00,0.00,2.44E-1,1.024E+5,0.00E+0,1.33E-2,-1.00,0.00E+0,1.33E-2,0x0004,0x0000,0x007F,0x0214,0x0000,0x0001,0x0000,0x0000,0x0000,0x0000,0x0000,0x0004,0x0000,0x0000,0x0000,0x0000,0x0000,0x0000,146
12:01:04 PM,6,0.00,0,0.00,-1.67,0.00,0.00,100.00,-1.00,-1.00,-1.00,0,1,1,100,0,-1,0.18,0.00,0.18,160,160,0,0.00,0.00,0.00,0.00,0.00,0.00,-1.00,-1.00,0.00,-1.00,-1.00,0.00,-1.00,-1.00,0.00,2.46E-1,1.024E+5,0.00E+0,1.33E-2,-1.00,0.00E+0,1.33E-2,0x0004,0x0000,0x007F,0x0214,0x0000,0x0001,0x0000,0x0000,0x0000,0x0000,0x0000,0x0004,0x0000,0x0000,0x0000,0x0000,0x0000,0x0000,147
11:58:05 AM,6,0.00,0,0.00,-1.67,0.00,0.00,100.00,-1.00,-1.00,-1.00,0,1,1,100,0,-1,0.18,0.00,0.18,160,160,0,0.00,0.00,0.00,0.00,0.00,0.00,-1.00,-1.00,0.00,-1.00,-1.00,0.00,-1.00,-1.00,0.00,2.44E-1,1.024E+5,0.00E+0,1.33E-2,-1.00,0.00E+0,1.33E-2,0x0004,0x0000,0x007F,0x0214,0x0000,0x0001,0x0000,0x0000,0x0000,0x0000,0x0000,0x0004,0x0000,0x0000,0x0000,0x0000,0x0000,0x0000,148
11:58:10 AM,6,0.00,0,0.00,-1.67,0.00,0.00,100.00,-1.00,-1.00,-1.00,0,1,1,100,0,-1,0.18,0.00,0.18,160,160,0,0.00,0.00,0.00,0.00,0.00,0.00,-1.00,-1.00,0.00,-1.00,-1.00,0.00,-1.00,-1.00,0.00,2.42E-1,1.024E+5,0.00E+0,1.33E-2,-1.00,0.00E+0,1.33E-2,0x0004,0x0000,0x007F,0x0214,0x0000,0x0001,0x0000,0x0000,0x0000,0x0000,0x0000,0x0004,0x0000,0x0000,0x0000,0x0000,0x0000,0x0000,149
11:58:15 AM,6,0.00,0,0.00,-1.67,0.00,0.00,100.00,-1.00,-1.00,-1.00,0,1,1,100,0,-1,0.18,0.00,0.18,160,160,0,0.00,0.00,0.00,0.00,0.00,0.00,-1.00,-1.00,0.00,-1.00,-1.00,0.00,-1.00,-1.00,0.00,2.42E-1,1.024E+5,0.00E+0,1.33E-2,-1.00,0.00E+0,1.33E-2,0x0004,0x0000,0x007F,0x0214,0x0000,0x0001,0x0000,0x0000,0x0000,0x0000,0x0000,0x0004,0x0000,0x0000,0x0000,0x0000,0x0000,0x0000,150
11:58:20 AM,6,0.00,0,0.00,-1.67,0.00,0.00,100.00,-1.00,-1.00,-1.00,0,1,1,100,0,-1,0.18,0.00,0.18,160,160,0,0.00,0.00,0.00,0.00,0.00,0.00,-1.00,-1.00,0.00,-1.00,-1.00,0.00,-1.00,-1.00,0.00,2.46E-1,1.024E+5,0.00E+0,1.33E-2,-1.00,0.00E+0,1.33E-2,0x0004,0x0000,0x007F,0x0214,0x0000,0x0001,0x0000,0x0000,0x0000,0x0000,0x0000,0x0004,0x0000,0x0000,0x0000,0x0000,0x0000,0x0000,151
11:58:25 AM,6,0.00,0,0.00,-1.67,0.00,0.00,100.00,-1.00,-1.00,-1.00,0,1,1,100,0,-1,0.18,0.00,0.18,160,160,0,0.00,0.00,0.00,0.00,0.00,0.00,-1.00,-1.00,0.00,-1.00,-1.00,0.00,-1.00,-1.00,0.00,2.46E-1,1.024E+5,0.00E+0,1.33E-2,-1.00,0.00E+0,1.33E-2,0x0004,0x0000,0x007F,0x0214,0x0000,0x0001,0x0000,0x0000,0x0000,0x0000,0x0000,0x0004,0x0000,0x0000,0x0000,0x0000,0x0000,0x0000,152
11:58:30 AM,6,0.00,0,0.00,-1.67,0.00,0.00,100.00,-1.00,-1.00,-1.00,0,1,1,100,0,-1,0.18,0.00,0.18,160,160,0,0.00,0.00,0.00,0.00,0.00,0.00,-1.00,-1.00,0.00,-1.00,-1.00,0.00,-1.00,-1.00,0.00,2.46E-1,1.024E+5,0.00E+0,1.33E-2,-1.00,0.00E+0,1.33E-2,0x0004,0x0000,0x007F,0x0214,0x0000,0x0001,0x0000,0x0000,0x0000,0x0000,0x0000,0x0004,0x0000,0x0000,0x0000,0x0000,0x0000,0x0000,153
11:58:35 AM,6,0.00,0,0.00,-1.67,0.00,0.00,100.00,-1.00,-1.00,-1.00,0,1,1,100,0,-1,0.18,0.00,0.18,160,160,0,0.00,0.00,0.00,0.00,0.00,0.00,-1.00,-1.00,0.00,-1.00,-1.00,0.00,-1.00,-1.00,0.00,2.44E-1,1.024E+5,0.00E+0,1.33E-2,-1.00,0.00E+0,1.33E-2,0x0004,0x0000,0x007F,0x0214,0x0000,0x0001,0x0000,0x0000,0x0000,0x0000,0x0000,0x0004,0x0000,0x0000,0x0000,0x0000,0x0000,0x0000,154
11:58:40 AM,6,0.00,0,0.00,-1.67,0.00,0.00,100.00,-1.00,-1.00,-1.00,0,1,1,100,0,-1,0.18,0.00,0.18,160,160,0,0.00,0.00,0.00,0.00,0.00,0.00,-1.00,-1.00,0.00,-1.00,-1.00,0.00,-1.00,-1.00,0.00,2.42E-1,1.024E+5,0.00E+0,1.33E-2,-1.00,0.00E+0,1.33E-2,0x0004,0x0000,0x007F,0x0214,0x0000,0x0001,0x0000,0x0000,0x0000,0x0000,0x0000,0x0004,0x0000,0x0000,0x0000,0x0000,0x0000,0x0000,155
11:58:45 AM,6,0.00,0,0.00,-1.67,0.00,0.00,100.00,-1.00,-1.00,-1.00,0,1,1,100,0,-1,0.18,0.00,0.18,160,160,0,0.00,0.00,0.00,0.00,0.00,0.00,-1.00,-1.00,0.00,-1.00,-1.00,0.00,-1.00,-1.00,0.00,2.40E-1,1.024E+5,0.00E+0,1.33E-2,-1.00,0.00E+0,1.33E-2,0x0004,0x0000,0x007F,0x0214,0x0000,0x0001,0x0000,0x0000,0x0000,0x0000,0x0000,0x0004,0x0000,0x0000,0x0000,0x0000,0x0000,0x0000,156
11:58:50 AM,6,0.00,0,0.00,-1.67,0.00,0.00,100.00,-1.00,-1.00,-1.00,0,1,1,100,0,-1,0.18,0.00,0.18,160,160,0,0.00,0.00,0.00,0.00,0.00,0.00,-1.00,-1.00,0.00,-1.00,-1.00,0.00,-1.00,-1.00,0.00,2.42E-1,1.024E+5,0.00E+0,1.33E-2,-1.00,0.00E+0,1.33E-2,0x0004,0x0000,0x007F,0x0214,0x0000,0x0001,0x0000,0x0000,0x0000,0x0000,0x0000,0x0004,0x0000,0x0000,0x0000,0x0000,0x0000,0x0000,157
11:58:55 AM,6,0.00,0,0.00,-1.67,0.00,0.00,100.00,-1.00,-1.00,-1.00,0,1,1,100,0,-1,0.18,0.00,0.18,160,160,0,0.00,0.00,0.00,0.00,0.00,0.00,-1.00,-1.00,0.00,-1.00,-1.00,0.00,-1.00,-1.00,0.00,2.44E-1,1.024E+5,0.00E+0,1.33E-2,-1.00,0.00E+0,1.33E-2,0x0004,0x0000,0x007F,0x0214,0x0000,0x0001,0x0000,0x0000,0x0000,0x0000,0x0000,0x0004,0x0000,0x0000,0x0000,0x0000,0x0000,0x0000,158
11:59:00 AM,6,0.00,0,0.00,-1.67,0.00,0.00,100.00,-1.00,-1.00,-1.00,0,1,1,100,0,-1,0.18,0.00,0.18,160,160,0,0.00,0.00,0.00,0.00,0.00,0.00,-1.00,-1.00,0.00,-1.00,-1.00,0.00,-1.00,-1.00,0.00,2.37E-1,1.024E+5,0.00E+0,1.33E-2,-1.00,0.00E+0,1.33E-2,0x0004,0x0000,0x007F,0x0214,0x0000,0x0001,0x0000,0x0000,0x0000,0x0000,0x0000,0x0004,0x0000,0x0000,0x0000,0x0000,0x0000,0x0000,159
11:59:05 AM,6,0.00,0,0.00,-1.67,0.00,0.00,100.00,-1.00,-1.00,-1.00,0,1,1,100,0,-1,0.18,0.00,0.18,160,160,0,0.00,0.00,0.00,0.00,0.00,0.00,-1.00,-1.00,0.00,-1.00,-1.00,0.00,-1.00,-1.00,0.00,2.44E-1,1.024E+5,0.00E+0,1.33E-2,-1.00,0.00E+0,1.33E-2,0x0004,0x0000,0x007F,0x0214,0x0000,0x0001,0x0000,0x0000,0x0000,0x0000,0x0000,0x0004,0x0000,0x0000,0x0000,0x0000,0x0000,0x0000,160
11:59:10 AM,6,0.00,0,0.00,-1.67,0.00,0.00,100.00,-1.00,-1.00,-1.00,0,1,1,100,0,-1,0.18,0.00,0.18,160,160,0,0.00,0.00,0.00,0.00,0.00,0.00,-1.00,-1.00,0.00,-1.00,-1.00,0.00,-1.00,-1.00,0.00,2.46E-1,1.024E+5,0.00E+0,1.33E-2,-1.00,0.00E+0,1.33E-2,0x0004,0x0000,0x007F,0x0214,0x0000,0x0001,0x0000,0x0000,0x0000,0x0000,0x0000,0x0004,0x0000,0x0000,0x0000,0x0000,0x0000,0x0000,161
11:59:15 AM,6,0.00,0,0.00,-1.67,0.00,0.00,100.00,-1.00,-1.00,-1.00,0,1,1,100,0,-1,0.18,0.00,0.18,160,160,0,0.00,0.00,0.00,0.00,0.00,0.00,-1.00,-1.00,0.00,-1.00,-1.00,0.00,-1.00,-1.00,0.00,2.46E-1,1.024E+5,0.00E+0,1.33E-2,-1.00,0.00E+0,1.33E-2,0x0004,0x0000,0x007F,0x0214,0x0000,0x0001,0x0000,0x0000,0x0000,0x0000,0x0000,0x0004,0x0000,0x0000,0x0000,0x0000,0x0000,0x0000,162
11:59:20 AM,6,0.00,0,0.00,-1.67,0.00,0.00,100.00,-1.00,-1.00,-1.00,0,1,1,100,0,-1,0.18,0.00,0.18,160,160,0,0.00,0.00,0.00,0.00,0.00,0.00,-1.00,-1.00,0.00,-1.00,-1.00,0.00,-1.00,-1.00,0.00,2.46E-1,1.024E+5,0.00E+0,1.33E-2,-1.00,0.00E+0,1.33E-2,0x0004,0x0000,0x007F,0x0214,0x0000,0x0001,0x0000,0x0000,0x0000,0x0000,0x0000,0x0004,0x0000,0x0000,0x0000,0x0000,0x0000,0x0000,163
11:59:25 AM,6,0.00,0,0.00,-1.67,0.00,0.00,100.00,-1.00,-1.00,-1.00,0,1,1,100,0,-1,0.18,0.00,0.18,160,160,0,0.00,0.00,0.00,0.00,0.00,0.00,-1.00,-1.00,0.00,-1.00,-1.00,0.00,-1.00,-1.00,0.00,2.42E-1,1.024E+5,0.00E+0,1.33E-2,-1.00,0.00E+0,1.33E-2,0x0004,0x0000,0x007F,0x0214,0x0000,0x0001,0x0000,0x0000,0x0000,0x0000,0x0000,0x0004,0x0000,0x0000,0x0000,0x0000,0x0000,0x0000,164
11:59:30 AM,6,0.00,0,0.00,-1.67,0.00,0.00,100.00,-1.00,-1.00,-1.00,0,1,1,100,0,-1,0.18,0.00,0.18,160,160,0,0.00,0.00,0.00,0.00,0.00,0.00,-1.00,-1.00,0.00,-1.00,-1.00,0.00,-1.00,-1.00,0.00,2.42E-1,1.024E+5,0.00E+0,1.33E-2,-1.00,0.00E+0,1.33E-2,0x0004,0x0000,0x007F,0x0214,0x0000,0x0001,0x0000,0x0000,0x0000,0x0000,0x0000,0x0004,0x0000,0x0000,0x0000,0x0000,0x0000,0x0000,165
11:59:35 AM,6,0.00,0,0.00,-1.67,0.00,0.00,100.00,-1.00,-1.00,-1.00,0,1,1,100,0,-1,0.18,0.00,0.18,160,160,0,0.00,0.00,0.00,0.00,0.00,0.00,-1.00,-1.00,0.00,-1.00,-1.00,0.00,-1.00,-1.00,0.00,2.42E-1,1.024E+5,0.00E+0,1.33E-2,-1.00,0.00E+0,1.33E-2,0x0004,0x0000,0x007F,0x0214,0x0000,0x0001,0x0000,0x0000,0x0000,0x0000,0x0000,0x0004,0x0000,0x0000,0x0000,0x0000,0x0000,0x0000,166
11:59:39 AM,6,0.00,0,0.00,-1.67,0.00,0.00,100.00,-1.00,-1.00,-1.00,0,1,1,100,0,-1,0.18,0.00,0.18,160,160,0,0.00,0.00,0.00,0.00,0.00,0.00,-1.00,-1.00,0.00,-1.00,-1.00,0.00,-1.00,-1.00,0.00,2.46E-1,1.024E+5,0.00E+0,1.33E-2,-1.00,0.00E+0,1.33E-2,0x0004,0x0000,0x007F,0x0214,0x0000,0x0001,0x0000,0x0000,0x0000,0x0000,0x0000,0x0004,0x0000,0x0000,0x0000,0x0000,0x0000,0x0000,167
11:59:44 AM,6,0.00,0,0.00,-1.67,0.00,0.00,100.00,-1.00,-1.00,-1.00,0,1,1,100,0,-1,0.18,0.00,0.18,160,160,0,0.00,0.00,0.00,0.00,0.00,0.00,-1.00,-1.00,0.00,-1.00,-1.00,0.00,-1.00,-1.00,0.00,2.46E-1,1.024E+5,0.00E+0,1.33E-2,-1.00,0.00E+0,1.33E-2,0x0004,0x0000,0x007F,0x0214,0x0000,0x0001,0x0000,0x0000,0x0000,0x0000,0x0000,0x0004,0x0000,0x0000,0x0000,0x0000,0x0000,0x0000,168
11:59:49 AM,6,0.00,0,0.00,-1.67,0.00,0.00,100.00,-1.00,-1.00,-1.00,0,1,1,100,0,-1,0.18,0.00,0.18,160,160,0,0.00,0.00,0.00,0.00,0.00,0.00,-1.00,-1.00,0.00,-1.00,-1.00,0.00,-1.00,-1.00,0.00,2.42E-1,1.024E+5,0.00E+0,1.33E-2,-1.00,0.00E+0,1.33E-2,0x0004,0x0000,0x007F,0x0214,0x0000,0x0001,0x0000,0x0000,0x0000,0x0000,0x0000,0x0004,0x0000,0x0000,0x0000,0x0000,0x0000,0x0000,169
11:59:54 AM,6,0.00,0,0.00,-1.67,0.00,0.00,100.00,-1.00,-1.00,-1.00,0,1,1,100,0,-1,0.18,0.00,0.18,160,160,0,0.00,0.00,0.00,0.00,0.00,0.00,-1.00,-1.00,0.00,-1.00,-1.00,0.00,-1.00,-1.00,0.00,2.42E-1,1.024E+5,0.00E+0,1.33E-2,-1.00,0.00E+0,1.33E-2,0x0004,0x0000,0x007F,0x0214,0x0000,0x0001,0x0000,0x0000,0x0000,0x0000,0x0000,0x0004,0x0000,0x0000,0x0000,0x0000,0x0000,0x0000,170
11:59:59 AM,6,0.00,0,0.00,-1.67,0.00,0.00,100.00,-1.00,-1.00,-1.00,0,1,1,100,0,-1,0.18,0.00,0.18,160,160,0,0.00,0.00,0.00,0.00,0.00,0.00,-1.00,-1.00,0.00,-1.00,-1.00,0.00,-1.00,-1.00,0.00,2.48E-1,1.024E+5,0.00E+0,1.33E-2,-1.00,0.00E+0,1.33E-2,0x0004,0x0000,0x007F,0x0214,0x0000,0x0001,0x0000,0x0000,0x0000,0x0000,0x0000,0x0004,0x0000,0x0000,0x0000,0x0000,0x0000,0x0000,171
12:00:04 PM,6,0.00,0,0.00,-1.67,0.00,0.00,100.00,-1.00,-1.00,-1.00,0,1,1,100,0,-1,0.18,0.00,0.18,160,160,0,0.00,0.00,0.00,0.00,0.00,0.00,-1.00,-1.00,0.00,-1.00,-1.00,0.00,-1.00,-1.00,0.00,2.42E-1,1.024E+5,0.00E+0,1.33E-2,-1.00,0.00E+0,1.33E-2,0x0004,0x0000,0x007F,0x0214,0x0000,0x0001,0x0000,0x0000,0x0000,0x0000,0x0000,0x0004,0x0000,0x0000,0x0000,0x0000,0x0000,0x0000,172
12:00:09 PM,6,0.00,0,0.00,-1.67,0.00,0.00,100.00,-1.00,-1.00,-1.00,0,1,1,100,0,-1,0.18,0.00,0.18,160,160,0,0.00,0.00,0.00,0.00,0.00,0.00,-1.00,-1.00,0.00,-1.00,-1.00,0.00,-1.00,-1.00,0.00,2.46E-1,1.024E+5,0.00E+0,1.33E-2,-1.00,0.00E+0,1.33E-2,0x0004,0x0000,0x007F,0x0214,0x0000,0x0001,0x0000,0x0000,0x0000,0x0000,0x0000,0x0004,0x0000,0x0000,0x0000,0x0000,0x0000,0x0000,173
12:00:14 PM,6,0.00,0,0.00,-1.67,0.00,0.00,100.00,-1.00,-1.00,-1.00,0,1,1,100,0,-1,0.18,0.00,0.18,160,160,0,0.00,0.00,0.00,0.00,0.00,0.00,-1.00,-1.00,0.00,-1.00,-1.00,0.00,-1.00,-1.00,0.00,2.42E-1,1.024E+5,0.00E+0,1.33E-2,-1.00,0.00E+0,1.33E-2,0x0004,0x0000,0x007F,0x0214,0x0000,0x0001,0x0000,0x0000,0x0000,0x0000,0x0000,0x0004,0x0000,0x0000,0x0000,0x0000,0x0000,0x0000,174
12:00:19 PM,6,0.00,0,0.00,-1.67,0.00,0.00,100.00,-1.00,-1.00,-1.00,0,1,1,100,0,-1,0.18,0.00,0.18,160,160,0,0.00,0.00,0.00,0.00,0.00,0.00,-1.00,-1.00,0.00,-1.00,-1.00,0.00,-1.00,-1.00,0.00,2.44E-1,1.024E+5,0.00E+0,1.33E-2,-1.00,0.00E+0,1.33E-2,0x0004,0x0000,0x007F,0x0214,0x0000,0x0001,0x0000,0x0000,0x0000,0x0000,0x0000,0x0004,0x0000,0x0000,0x0000,0x0000,0x0000,0x0000,175
12:00:24 PM,6,0.00,0,0.00,-1.67,0.00,0.00,100.00,-1.00,-1.00,-1.00,0,1,1,100,0,-1,0.18,0.00,0.18,160,160,0,0.00,0.00,0.00,0.00,0.00,0.00,-1.00,-1.00,0.00,-1.00,-1.00,0.00,-1.00,-1.00,0.00,2.46E-1,1.024E+5,0.00E+0,1.33E-2,-1.00,0.00E+0,1.33E-2,0x0004,0x0000,0x007F,0x0214,0x0000,0x0001,0x0000,0x0000,0x0000,0x0000,0x0000,0x0004,0x0000,0x0000,0x0000,0x0000,0x0000,0x0000,176
12:00:29 PM,6,0.00,0,0.00,-1.67,0.00,0.00,100.00,-1.00,-1.00,-1.00,0,1,1,100,0,-1,0.18,0.00,0.18,160,160,0,0.00,0.00,0.00,0.00,0.00,0.00,-1.00,-1.00,0.00,-1.00,-1.00,0.00,-1.00,-1.00,0.00,2.51E-1,1.024E+5,0.00E+0,1.33E-2,-1.00,0.00E+0,1.33E-2,0x0004,0x0000,0x007F,0x0214,0x0000,0x0001,0x0000,0x0000,0x0000,0x0000,0x0000,0x0004,0x0000,0x0000,0x0000,0x0000,0x0000,0x0000,177
12:00:34 PM,6,0.00,0,0.00,-1.67,0.00,0.00,100.00,-1.00,-1.00,-1.00,0,1,1,100,0,-1,0.18,0.00,0.18,160,160,0,0.00,0.00,0.00,0.00,0.00,0.00,-1.00,-1.00,0.00,-1.00,-1.00,0.00,-1.00,-1.00,0.00,2.46E-1,1.024E+5,0.00E+0,1.33E-2,-1.00,0.00E+0,1.33E-2,0x0004,0x0000,0x007F,0x0214,0x0000,0x0001,0x0000,0x0000,0x0000,0x0000,0x0000,0x0004,0x0000,0x0000,0x0000,0x0000,0x0000,0x0000,178
12:00:39 PM,6,0.00,0,0.00,-1.67,0.00,0.00,100.00,-1.00,-1.00,-1.00,0,1,1,100,0,-1,0.18,0.00,0.18,160,160,0,0.00,0.00,0.00,0.00,0.00,0.00,-1.00,-1.00,0.00,-1.00,-1.00,0.00,-1.00,-1.00,0.00,2.46E-1,1.024E+5,0.00E+0,1.33E-2,-1.00,0.00E+0,1.33E-2,0x0004,0x0000,0x007F,0x0214,0x0000,0x0001,0x0000,0x0000,0x0000,0x0000,0x0000,0x0004,0x0000,0x0000,0x0000,0x0000,0x0000,0x0000,179
12:00:44 PM,6,0.00,0,0.00,-1.67,0.00,0.00,100.00,-1.00,-1.00,-1.00,0,1,1,100,0,-1,0.18,0.00,0.18,160,160,0,0.00,0.00,0.00,0.00,0.00,0.00,-1.00,-1.00,0.00,-1.00,-1.00,0.00,-1.00,-1.00,0.00,2.46E-1,1.024E+5,0.00E+0,1.33E-2,-1.00,0.00E+0,1.33E-2,0x0004,0x0000,0x007F,0x0214,0x0000,0x0001,0x0000,0x0000,0x0000,0x0000,0x0000,0x0004,0x0000,0x0000,0x0000,0x0000,0x0000,0x0000,180
12:00:49 PM,6,0.00,0,0.00,-1.67,0.00,0.00,100.00,-1.00,-1.00,-1.00,0,1,1,100,0,-1,0.18,0.00,0.18,160,160,0,0.00,0.00,0.00,0.00,0.00,0.00,-1.00,-1.00,0.00,-1.00,-1.00,0.00,-1.00,-1.00,0.00,2.42E-1,1.024E+5,0.00E+0,1.33E-2,-1.00,0.00E+0,1.33E-2,0x0004,0x0000,0x007F,0x0214,0x0000,0x0001,0x0000,0x0000,0x0000,0x0000,0x0000,0x0004,0x0000,0x0000,0x0000,0x0000,0x0000,0x0000,181
12:00:54 PM,6,0.00,0,0.00,-1.67,0.00,0.00,100.00,-1.00,-1.00,-1.00,0,1,1,100,0,-1,0.18,0.00,0.18,160,160,0,0.00,0.00,0.00,0.00,0.00,0.00,-1.00,-1.00,0.00,-1.00,-1.00,0.00,-1.00,-1.00,0.00,2.46E-1,1.024E+5,0.00E+0,1.33E-2,-1.00,0.00E+0,1.33E-2,0x0004,0x0000,0x007F,0x0214,0x0000,0x0001,0x0000,0x0000,0x0000,0x0000,0x0000,0x0004,0x0000,0x0000,0x0000,0x0000,0x0000,0x0000,182
12:00:59 PM,6,0.00,0,0.00,-1.67,0.00,0.00,100.00,-1.00,-1.00,-1.00,0,1,1,100,0,-1,0.18,0.00,0.18,160,160,0,0.00,0.00,0.00,0.00,0.00,0.00,-1.00,-1.00,0.00,-1.00,-1.00,0.00,-1.00,-1.00,0.00,2.44E-1,1.024E+5,0.00E+0,1.33E-2,-1.00,0.00E+0,1.33E-2,0x0004,0x0000,0x007F,0x0214,0x0000,0x0001,0x0000,0x0000,0x0000,0x0000,0x0000,0x0004,0x0000,0x0000,0x0000,0x0000,0x0000,0x0000,183
12:01:04 PM,6,0.00,0,0.00,-1.67,0.00,0.00,100.00,-1.00,-1.00,-1.00,0,1,1,100,0,-1,0.18,0.00,0.18,160,160,0,0.00,0.00,0.00,0.00,0.00,0.00,-1.00,-1.00,0.00,-1.00,-1.00,0.00,-1.00,-1.00,0.00,2.46E-1,1.024E+5,0.00E+0,1.33E-2,-1.00,0.00E+0,1.33E-2,0x0004,0x0000,0x007F,0x0214,0x0000,0x0001,0x0000,0x0000,0x0000,0x0000,0x0000,0x0004,0x0000,0x0000,0x0000,0x0000,0x0000,0x0000,184
11:58:05 AM,6,0.00,0,0.00,-1.67,0.00,0.00,100.00,-1.00,-1.00,-1.00,0,1,1,100,0,-1,0.18,0.00,0.18,160,160,0,0.00,0.00,0.00,0.00,0.00,0.00,-1.00,-1.00,0.00,-1.00,-1.00,0.00,-1.00,-1.00,0.00,2.44E-1,1.024E+5,0.00E+0,1.33E-2,-1.00,0.00E+0,1.33E-2,0x0004,0x0000,0x007F,0x0214,0x0000,0x0001,0x0000,0x0000,0x0000,0x0000,0x0000,0x0004,0x0000,0x0000,0x0000,0x0000,0x0000,0x0000,185
11:58:10 AM,6,0.00,0,0.00,-1.67,0.00,0.00,100.00,-1.00,-1.00,-1.00,0,1,1,100,0,-1,0.18,0.00,0.18,160,160,0,0.00,0.00,0.00,0.00,0.00,0.00,-1.00,-1.00,0.00,-1.00,-1.00,0.00,-1.00,-1.00,0.00,2.42E-1,1.024E+5,0.00E+0,1.33E-2,-1.00,0.00E+0,1.33E-2,0x0004,0x0000,0x007F,0x0214,0x0000,0x0001,0x0000,0x0000,0x0000,0x0000,0x0000,0x0004,0x0000,0x0000,0x0000,0x0000,0x0000,0x0000,186
11:58:15 AM,6,0.00,0,0.00,-1.67,0.00,0.00,100.00,-1.00,-1.00,-1.00,0,1,1,100,0,-1,0.18,0.00,0.18,160,160,0,0.00,0.00,0.00,0.00,0.00,0.00,-1.00,-1.00,0.00,-1.00,-1.00,0.00,-1.00,-1.00,0.00,2.42E-1,1.024E+5,0.00E+0,1.33E-2,-1.00,0.00E+0,1.33E-2,0x0004,0x0000,0x007F,0x0214,0x0000,0x0001,0x0000,0x0000,0x0000,0x0000,0x0000,0x0004,0x0000,0x0000,0x0000,0x0000,0x0000,0x0000,187
11:58:20 AM,6,0.00,0,0.00,-1.67,0.00,0.00,100.00,-1.00,-1.00,-1.00,0,1,1,100,0,-1,0.18,0.00,0.18,160,160,0,0.00,0.00,0.00,0.00,0.00,0.00,-1.00,-1.00,0.00,-1.00,-1.00,0.00,-1.00,-1.00,0.00,2.46E-1,1.024E+5,0.00E+0,1.33E-2,-1.00,0.00E+0,1.33E-2,0x0004,0x0000,0x007F,0x0214,0x0000,0x0001,0x0000,0x0000,0x0000,0x0000,0x0000,0x0004,0x0000,0x0000,0x0000,0x0000,0x0000,0x0000,188
11:58:25 AM,6,0.00,0,0.00,-1.67,0.00,0.00,100.00,-1.00,-1.00,-1.00,0,1,1,100,0,-1,0.18,0.00,0.18,160,160,0,0.00,0.00,0.00,0.00,0.00,0.00,-1.00,-1.00,0.00,-1.00,-1.00,0.00,-1.00,-1.00,0.00,2.46E-1,1.024E+5,0.00E+0,1.33E-2,-1.00,0.00E+0,1.33E-2,0x0004,0x0000,0x007F,0x0214,0x0000,0x0001,0x0000,0x0000,0x0000,0x0000,0x0000,0x0004,0x0000,0x0000,0x0000,0x0000,0x0000,0x0000,189
11:58:30 AM,6,0.00,0,0.00,-1.67,0.00,0.00,100.00,-1.00,-1.00,-1.00,0,1,1,100,0,-1,0.18,0.00,0.18,160,160,0,0.00,0.00,0.00,0.00,0.00,0.00,-1.00,-1.00,0.00,-1.00,-1.00,0.00,-1.00,-1.00,0.00,2.46E-1,1.024E+5,0.00E+0,1.33E-2,-1.00,0.00E+0,1.33E-2,0x0004,0x0000,0x007F,0x0214,0x0000,0x0001,0x0000,0x0000,0x0000,0x0000,0x0000,0x0004,0x0000,0x0000,0x0000,0x0000,0x0000,0x0000,190
11:58:35 AM,6,0.00,0,0.00,-1.67,0.00,0.00,100.00,-1.00,-1.00,-1.00,0,1,1,100,0,-1,0.18,0.00,0.18,160,160,0,0.00,0.00,0.00,0.00,0.00,0.00,-1.00,-1.00,0.00,-1.00,-1.00,0.00,-1.00,-1.00,0.00,2.44E-1,1.024E+5,0.00E+0,1.33E-2,-1.00,0.00E+0,1.33E-2,0x0004,0x0000,0x007F,0x0214,0x0000,0x0001,0x0000,0x0000,0x0000,0x0000,0x0000,0x0004,0x0000,0x0000,0x0000,0x0000,0x0000,0x0000,191
11:58:40 AM,6,0.00,0,0.00,-1.67,0.00,0.00,100.00,-1.00,-1.00,-1.00,0,1,1,100,0,-1,0.18,0.00,0.18,160,160,0,0.00,0.00,0.00,0.00,0.00,0.00,-1.00,-1.00,0.00,-1.00,-1.00,0.00,-1.00,-1.00,0.00,2.42E-1,1.024E+5,0.00E+0,1.33E-2,-1.00,0.00E+0,1.33E-2,0x0004,0x0000,0x007F,0x0214,0x0000,0x0001,0x0000,0x0000,0x0000,0x0000,0x0000,0x0004,0x0000,0x0000,0x0000,0x0000,0x0000,0x0000,192
11:58:45 AM,6,0.00,0,0.00,-1.67,0.00,0.00,100.00,-1.00,-1.00,-1.00,0,1,1,100,0,-1,0.18,0.00,0.18,160,160,0,0.00,0.00,0.00,0.00,0.00,0.00,-1.00,-1.00,0.00,-1.00,-1.00,0.00,-1.00,-1.00,0.00,2.40E-1,1.024E+5,0.00E+0,1.33E-2,-1.00,0.00E+0,1.33E-2,0x0004,0x0000,0x007F,0x0214,0x0000,0x0001,0x0000,0x0000,0x0000,0x0000,0x0000,0x0004,0x0000,0x0000,0x0000,0x0000,0x0000,0x0000,193
11:58:50 AM,6,0.00,0,0.00,-1.67,0.00,0.00,100.00,-1.00,-1.00,-1.00,0,1,1,100,0,-1,0.18,0.00,0.18,160,160,0,0.00,0.00,0.00,0.00,0.00,0.00,-1.00,-1.00,0.00,-1.00,-1.00,0.00,-1.00,-1.00,0.00,2.42E-1,1.024E+5,0.00E+0,1.33E-2,-1.00,0.00E+0,1.33E-2,0x0004,0x0000,0x007F,0x0214,0x0000,0x0001,0x0000,0x0000,0x0000,0x0000,0x0000,0x0004,0x0000,0x0000,0x0000,0x0000,0x0000,0x0000,194
11:58:55 AM,6,0.00,0,0.00,-1.67,0.00,0.00,100.00,-1.00,-1.00,-1.00,0,1,1,100,0,-1,0.18,0.00,0.18,160,160,0,0.00,0.00,0.00,0.00,0.00,0.00,-1.00,-1.00,0.00,-1.00,-1.00,0.00,-1.00,-1.00,0.00,2.44E-1,1.024E+5,0.00E+0,1.33E-2,-1.00,0.00E+0,1.33E-2,0x0004,0x0000,0x007F,0x0214,0x0000,0x0001,0x0000,0x0000,0x0000,0x0000,0x0000,0x0004,0x0000,0x0000,0x0000,0x0000,0x0000,0x0000,195
11:59:00 AM,6,0.00,0,0.00,-1.67,0.00,0.00,100.00,-1.00,-1.00,-1.00,0,1,1,100,0,-1,0.18,0.00,0.18,160,160,0,0.00,0.00,0.00,0.00,0.00,0.00,-1.00,-1.00,0.00,-1.00,-1.00,0.00,-1.00,-1.00,0.00,2.37E-1,1.024E+5,0.00E+0,1.33E-2,-1.00,0.00E+0,1.33E-2,0x0004,0x0000,0x007F,0x0214,0x0000,0x0001,0x0000,0x0000,0x0000,0x0000,0x0000,0x0004,0x0000,0x0000,0x0000,0x0000,0x0000,0x0000,196
11:59:05 AM,6,0.00,0,0.00,-1.67,0.00,0.00,100.00,-1.00,-1.00,-1.00,0,1,1,100,0,-1,0.18,0.00,0.18,160,160,0,0.00,0.00,0.00,0.00,0.00,0.00,-1.00,-1.00,0.00,-1.00,-1.00,0.00,-1.00,-1.00,0.00,2.44E-1,1.024E+5,0.00E+0,1.33E-2,-1.00,0.00E+0,1.33E-2,0x0004,0x0000,0x007F,0x0214,0x0000,0x0001,0x0000,0x0000,0x0000,0x0000,0x0000,0x0004,0x0000,0x0000,0x0000,0x0000,0x0000,0x0000,197
11:59:10 AM,6,0.00,0,0.00,-1.67,0.00,0.00,100.00,-1.00,-1.00,-1.00,0,1,1,100,0,-1,0.18,0.00,0.18,160,160,0,0.00,0.00,0.00,0.00,0.00,0.00,-1.00,-1.00,0.00,-1.00,-1.00,0.00,-1.00,-1.00,0.00,2.46E-1,1.024E+5,0.00E+0,1.33E-2,-1.00,0.00E+0,1.33E-2,0x0004,0x0000,0x007F,0x0214,0x0000,0x0001,0x0000,0x0000,0x0000,0x0000,0x0000,0x0004,0x0000,0x0000,0x0000,0x0000,0x0000,0x0000,198
11:59:15 AM,6,0.00,0,0.00,-1.67,0.00,0.00,100.00,-1.00,-1.00,-1.00,0,1,1,100,0,-1,0.18,0.00,0.18,160,160,0,0.00,0.00,0.00,0.00,0.00,0.00,-1.00,-1.00,0.00,-1.00,-1.00,0.00,-1.00,-1.00,0.00,2.46E-1,1.024E+5,0.00E+0,1.33E-2,-1.00,0.00E+0,1.33E-2,0x0004,0x0000,0x007F,0x0214,0x0000,0x0001,0x0000,0x0000,0x0000,0x0000,0x0000,0x0004,0x0000,0x0000,0x0000,0x0000,0x0000,0x0000,199
11:59:20 AM,6,0.00,0,0.00,-1.67,0.00,0.00,100.00,-1.00,-1.00,-1.00,0,1,1,100,0,-1,0.18,0.00,0.18,160,160,0,0.00,0.00,0.00,0.00,0.00,0.00,-1.00,-1.00,0.00,-1.00,-1.00,0.00,-1.00,-1.00,0.00,2.46E-1,1.024E+5,0.00E+0,1.33E-2,-1.00,0.00E+0,1.33E-2,0x0004,0x0000,0x007F,0x0214,0x0000,0x0001,0x0000,0x0000,0x0000,0x0000,0x0000,0x0004,0x0000,0x0000,0x0000,0x0000,0x0000,0x0000,200
11:59:25 AM,6,0.00,0,0.00,-1.67,0.00,0.00,100.00,-1.00,-1.00,-1.00,0,1,1,100,0,-1,0.18,0.00,0.18,160,160,0,0.00,0.00,0.00,0.00,0.00,0.00,-1.00,-1.00,0.00,-1.00,-1.00,0.00,-1.00,-1.00,0.00,2.42E-1,1.024E+5,0.00E+0,1.33E-2,-1.00,0.00E+0,1.33E-2,0x0004,0x0000,0x007F,0x0214,0x0000,0x0001,0x0000,0x0000,0x0000,0x0000,0x0000,0x0004,0x0000,0x0000,0x0000,0x0000,0x0000,0x0000,201
11:59:30 AM,6,0.00,0,0.00,-1.67,0.00,0.00,100.00,-1.00,-1.00,-1.00,0,1,1,100,0,-1,0.18,0.00,0.18,160,160,0,0.00,0.00,0.00,0.00,0.00,0.00,-1.00,-1.00,0.00,-1.00,-1.00,0.00,-1.00,-1.00,0.00,2.42E-1,1.024E+5,0.00E+0,1.33E-2,-1.00,0.00E+0,1.33E-2,0x0004,0x0000,0x007F,0x0214,0x0000,0x0001,0x0000,0x0000,0x0000,0x0000,0x0000,0x0004,0x0000,0x0000,0x0000,0x0000,0x0000,0x0000,202
11:59:35 AM,6,0.00,0,0.00,-1.67,0.00,0.00,100.00,-1.00,-1.00,-1.00,0,1,1,100,0,-1,0.18,0.00,0.18,160,160,0,0.00,0.00,0.00,0.00,0.00,0.00,-1.00,-1.00,0.00,-1.00,-1.00,0.00,-1.00,-1.00,0.00,2.42E-1,1.024E+5,0.00E+0,1.33E-2,-1.00,0.00E+0,1.33E-2,0x0004,0x0000,0x007F,0x0214,0x0000,0x0001,0x0000,0x0000,0x0000,0x0000,0x0000,0x0004,0x0000,0x0000,0x0000,0x0000,0x0000,0x0000,203
11:59:39 AM,6,0.00,0,0.00,-1.67,0.00,0.00,100.00,-1.00,-1.00,-1.00,0,1,1,100,0,-1,0.18,0.00,0.18,160,160,0,0.00,0.00,0.00,0.00,0.00,0.00,-1.00,-1.00,0.00,-1.00,-1.00,0.00,-1.00,-1.00,0.00,2.46E-1,1.024E+5,0.00E+0,1.33E-2,-1.00,0.00E+0,1.33E-2,0x0004,0x0000,0x007F,0x0214,0x0000,0x0001,0x0000,0x0000,0x0000,0x0000,0x0000,0x0004,0x0000,0x0000,0x0000,0x0000,0x0000,0x0000,204
11:59:44 AM,6,0.00,0,0.00,-1.67,0.00,0.00,100.00,-1.00,-1.00,-1.00,0,1,1,100,0,-1,0.18,0.00,0.18,160,160,0,0.00,0.00,0.00,0.00,0.00,0.00,-1.00,-1.00,0.00,-1.00,-1.00,0.00,-1.00,-1.00,0.00,2.46E-1,1.024E+5,0.00E+0,1.33E-2,-1.00,0.00E+0,1.33E-2,0x0004,0x0000,0x007F,0x0214,0x0000,0x0001,0x0000,0x0000,0x0000,0x0000,0x0000,0x0004,0x0000,0x0000,0x0000,0x0000,0x0000,0x0000,205
11:59:49 AM,6,0.00,0,0.00,-1.67,0.00,0.00,100.00,-1.00,-1.00,-1.00,0,1,1,100,0,-1,0.18,0.00,0.18,160,160,0,0.00,0.00,0.00,0.00,0.00,0.00,-1.00,-1.00,0.00,-1.00,-1.00,0.00,-1.00,-1.00,0.00,2.42E-1,1.024E+5,0.00E+0,1.33E-2,-1.00,0.00E+0,1.33E-2,0x0004,0x0000,0x007F,0x0214,0x0000,0x0001,0x0000,0x0000,0x0000,0x0000,0x0000,0x0004,0x0000,0x0000,0x0000,0x0000,0x0000,0x0000,206
11:59:54 AM,6,0.00,0,0.00,-1.67,0.00,0.00,100.00,-1.00,-1.00,-1.00,0,1,1,100,0,-1,0.18,0.00,0.18,160,160,0,0.00,0.00,0.00,0.00,0.00,0.00,-1.00,-1.00,0.00,-1.00,-1.00,0.00,-1.00,-1.00,0.00,2.42E-1,1.024E+5,0.00E+0,1.33E-2,-1.00,0.00E+0,1.33E-2,0x0004,0x0000,0x007F,0x0214,0x0000,0x0001,0x0000,0x0000,0x0000,0x0000,0x0000,0x0004,0x0000,0x0000,0x0000,0x0000,0x0000,0x0000,207
11:59:59 AM,6,0.00,0,0.00,-1.67,0.00,0.00,100.00,-1.00,-1.00,-1.00,0,1,1,100,0,-1,0.18,0.00,0.18,160,160,0,0.00,0.00,0.00,0.00,0.00,0.00,-1.00,-1.00,0.00,-1.00,-1.00,0.00,-1.00,-1.00,0.00,2.48E-1,1.024E+5,0.00E+0,1.33E-2,-1.00,0.00E+0,1.33E-2,0x0004,0x0000,0x007F,0x0214,0x0000,0x0001,0x0000,0x0000,0x0000,0x0000,0x0000,0x0004,0x0000,0x0000,0x0000,0x0000,0x0000,0x0000,208
12:00:04 PM,6,0.00,0,0.00,-1.67,0.00,0.00,100.00,-1.00,-1.00,-1.00,0,1,1,100,0,-1,0.18,0.00,0.18,160,160,0,0.00,0.00,0.00,0.00,0.00,0.00,-1.00,-1.00,0.00,-1.00,-1.00,0.00,-1.00,-1.00,0.00,2.42E-1,1.024E+5,0.00E+0,1.33E-2,-1.00,0.00E+0,1.33E-2,0x0004,0x0000,0x007F,0x0214,0x0000,0x0001,0x0000,0x0000,0x0000,0x0000,0x0000,0x0004,0x0000,0x0000,0x0000,0x0000,0x0000,0x0000,209
12:00:09 PM,6,0.00,0,0.00,-1.67,0.00,0.00,100.00,-1.00,-1.00,-1.00,0,1,1,100,0,-1,0.18,0.00,0.18,160,160,0,0.00,0.00,0.00,0.00,0.00,0.00,-1.00,-1.00,0.00,-1.00,-1.00,0.00,-1.00,-1.00,0.00,2.46E-1,1.024E+5,0.00E+0,1.33E-2,-1.00,0.00E+0,1.33E-2,0x0004,0x0000,0x007F,0x0214,0x0000,0x0001,0x0000,0x0000,0x0000,0x0000,0x0000,0x0004,0x0000,0x0000,0x0000,0x0000,0x0000,0x0000,210
12:00:14 PM,6,0.00,0,0.00,-1.67,0.00,0.00,100.00,-1.00,-1.00,-1.00,0,1,1,100,0,-1,0.18,0.00,0.18,160,160,0,0.00,0.00,0.00,0.00,0.00,0.00,-1.00,-1.00,0.00,-1.00,-1.00,0.00,-1.00,-1.00,0.00,2.42E-1,1.024E+5,0.00E+0,1.33E-2,-1.00,0.00E+0,1.33E-2,0x0004,0x0000,0x007F,0x0214,0x0000,0x0001,0x0000,0x0000,0x0000,0x0000,0x0000,0x0004,0x0000,0x0000,0x0000,0x0000,0x0000,0x0000,211
12:00:19 PM,6,0.00,0,0.00,-1.67,0.00,0.00,100.00,-1.00,-1.00,-1.00,0,1,1,100,0,-1,0.18,0.00,0.18,160,160,0,0.00,0.00,0.00,0.00,0.00,0.00,-1.00,-1.00,0.00,-1.00,-1.00,0.00,-1.00,-1.00,0.00,2.44E-1,1.024E+5,0.00E+0,1.33E-2,-1.00,0.00E+0,1.33E-2,0x0004,0x0000,0x007F,0x0214,0x0000,0x0001,0x0000,0x0000,0x0000,0x0000,0x0000,0x0004,0x0000,0x0000,0x0000,0x0000,0x0000,0x0000,212
12:00:24 PM,6,0.00,0,0.00,-1.67,0.00,0.00,100.00,-1.00,-1.00,-1.00,0,1,1,100,0,-1,0.18,0.00,0.18,160,160,0,0.00,0.00,0.00,0.00,0.00,0.00,-1.00,-1.00,0.00,-1.00,-1.00,0.00,-1.00,-1.00,0.00,2.46E-1,1.024E+5,0.00E+0,1.33E-2,-1.00,0.00E+0,1.33E-2,0x0004,0x0000,0x007F,0x0214,0x0000,0x0001,0x0000,0x0000,0x0000,0x0000,0x0000,0x0004,0x0000,0x0000,0x0000,0x0000,0x0000,0x0000,213
12:00:29 PM,6,0.00,0,0.00,-1.67,0.00,0.00,100.00,-1.00,-1.00,-1.00,0,1,1,100,0,-1,0.18,0.00,0.18,160,160,0,0.00,0.00,0.00,0.00,0.00,0.00,-1.00,-1.00,0.00,-1.00,-1.00,0.00,-1.00,-1.00,0.00,2.51E-1,1.024E+5,0.00E+0,1.33E-2,-1.00,0.00E+0,1.33E-2,0x0004,0x0000,0x007F,0x0214,0x0000,0x0001,0x0000,0x0000,0x0000,0x0000,0x0000,0x0004,0x0000,0x0000,0x0000,0x0000,0x0000,0x0000,214
12:00:34 PM,6,0.00,0,0.00,-1.67,0.00,0.00,100.00,-1.00,-1.00,-1.00,0,1,1,100,0,-1,0.18,0.00,0.18,160,160,0,0.00,0.00,0.00,0.00,0.00,0.00,-1.00,-1.00,0.00,-1.00,-1.00,0.00,-1.00,-1.00,0.00,2.46E-1,1.024E+5,0.00E+0,1.33E-2,-1.00,0.00E+0,1.33E-2,0x0004,0x0000,0x007F,0x0214,0x0000,0x0001,0x0000,0x0000,0x0000,0x0000,0x0000,0x0004,0x0000,0x0000,0x0000,0x0000,0x0000,0x0000,215
12:00:39 PM,6,0.00,0,0.00,-1.67,0.00,0.00,100.00,-1.00,-1.00,-1.00,0,1,1,100,0,-1,0.18,0.00,0.18,160,160,0,0.00,0.00,0.00,0.00,0.00,0.00,-1.00,-1.00,0.00,-1.00,-1.00,0.00,-1.00,-1.00,0.00,2.46E-1,1.024E+5,0.00E+0,1.33E-2,-1.00,0.00E+0,1.33E-2,0x0004,0x0000,0x007F,0x0214,0x0000,0x0001,0x0000,0x0000,0x0000,0x0000,0x0000,0x0004,0x0000,0x0000,0x0000,0x0000,0x0000,0x0000,216
12:00:44 PM,6,0.00,0,0.00,-1.67,0.00,0.00,100.00,-1.00,-1.00,-1.00,0,1,1,100,0,-1,0.18,0.00,0.18,160,160,0,0.00,0.00,0.00,0.00,0.00,0.00,-1.00,-1.00,0.00,-1.00,-1.00,0.00,-1.00,-1.00,0.00,2.46E-1,1.024E+5,0.00E+0,1.33E-2,-1.00,0.00E+0,1.33E-2,0x0004,0x0000,0x007F,0x0214,0x0000,0x0001,0x0000,0x0000,0x0000,0x0000,0x0000,0x0004,0x0000,0x0000,0x0000,0x0000,0x0000,0x0000,217
12:00:49 PM,6,0.00,0,0.00,-1.67,0.00,0.00,100.00,-1.00,-1.00,-1.00,0,1,1,100,0,-1,0.18,0.00,0.18,160,160,0,0.00,0.00,0.00,0.00,0.00,0.00,-1.00,-1.00,0.00,-1.00,-1.00,0.00,-1.00,-1.00,0.00,2.42E-1,1.024E+5,0.00E+0,1.33E-2,-1.00,0.00E+0,1.33E-2,0x0004,0x0000,0x007F,0x0214,0x0000,0x0001,0x0000,0x0000,0x0000,0x0000,0x0000,0x0004,0x0000,0x0000,0x0000,0x0000,0x0000,0x0000,218
12:00:54 PM,6,0.00,0,0.00,-1.67,0.00,0.00,100.00,-1.00,-1.00,-1.00,0,1,1,100,0,-1,0.18,0.00,0.18,160,160,0,0.00,0.00,0.00,0.00,0.00,0.00,-1.00,-1.00,0.00,-1.00,-1.00,0.00,-1.00,-1.00,0.00,2.46E-1,1.024E+5,0.00E+0,1.33E-2,-1.00,0.00E+0,1.33E-2,0x0004,0x0000,0x007F,0x0214,0x0000,0x0001,0x0000,0x0000,0x0000,0x0000,0x0000,0x0004,0x0000,0x0000,0x0000,0x0000,0x0000,0x0000,219
12:00:59 PM,6,0.00,0,0.00,-1.67,0.00,0.00,100.00,-1.00,-1.00,-1.00,0,1,1,100,0,-1,0.18,0.00,0.18,160,160,0,0.00,0.00,0.00,0.00,0.00,0.00,-1.00,-1.00,0.00,-1.00,-1.00,0.00,-1.00,-1.00,0.00,2.44E-1,1.024E+5,0.00E+0,1.33E-2,-1.00,0.00E+0,1.33E-2,0x0004,0x0000,0x007F,0x0214,0x0000,0x0001,0x0000,0x0000,0x0000,0x0000,0x0000,0x0004,0x0000,0x0000,0x0000,0x0000,0x0000,0x0000,220
12:01:04 PM,6,0.00,0,0.00,-1.67,0.00,0.00,100.00,-1.00,-1.00,-1.00,0,1,1,100,0,-1,0.18,0.00,0.18,160,160,0,0.00,0.00,0.00,0.00,0.00,0.00,-1.00,-1.00,0.00,-1.00,-1.00,0.00,-1.00,-1.00,0.00,2.46E-1,1.024E+5,0.00E+0,1.33E-2,-1.00,0.00E+0,1.33E-2,0x0004,0x0000,0x007F,0x0214,0x0000,0x0001,0x0000,0x0000,0x0000,0x0000,0x0000,0x0004,0x0000,0x0000,0x0000,0x0000,0x0000,0x0000,221
11:58:05 AM,6,0.00,0,0.00,-1.67,0.00,0.00,100.00,-1.00,-1.00,-1.00,0,1,1,100,0,-1,0.18,0.00,0.18,160,160,0,0.00,0.00,0.00,0.00,0.00,0.00,-1.00,-1.00,0.00,-1.00,-1.00,0.00,-1.00,-1.00,0.00,2.44E-1,1.024E+5,0.00E+0,1.33E-2,-1.00,0.00E+0,1.33E-2,0x0004,0x0000,0x007F,0x0214,0x0000,0x0001,0x0000,0x0000,0x0000,0x0000,0x0000,0x0004,0x0000,0x0000,0x0000,0x0000,0x0000,0x0000,222
11:58:10 AM,6,0.00,0,0.00,-1.67,0.00,0.00,100.00,-1.00,-1.00,-1.00,0,1,1,100,0,-1,0.18,0.00,0.18,160,160,0,0.00,0.00,0.00,0.00,0.00,0.00,-1.00,-1.00,0.00,-1.00,-1.00,0.00,-1.00,-1.00,0.00,2.42E-1,1.024E+5,0.00E+0,1.33E-2,-1.00,0.00E+0,1.33E-2,0x0004,0x0000,0x007F,0x0214,0x0000,0x0001,0x0000,0x0000,0x0000,0x0000,0x0000,0x0004,0x0000,0x0000,0x0000,0x0000,0x0000,0x0000,223
11:58:15 AM,6,0.00,0,0.00,-1.67,0.00,0.00,100.00,-1.00,-1.00,-1.00,0,1,1,100,0,-1,0.18,0.00,0.18,160,160,0,0.00,0.00,0.00,0.00,0.00,0.00,-1.00,-1.00,0.00,-1.00,-1.00,0.00,-1.00,-1.00,0.00,2.42E-1,1.024E+5,0.00E+0,1.33E-2,-1.00,0.00E+0,1.33E-2,0x0004,0x0000,0x007F,0x0214,0x0000,0x0001,0x0000,0x0000,0x0000,0x0000,0x0000,0x0004,0x0000,0x0000,0x0000,0x0000,0x0000,0x0000,224
11:58:20 AM,6,0.00,0,0.00,-1.67,0.00,0.00,100.00,-1.00,-1.00,-1.00,0,1,1,100,0,-1,0.18,0.00,0.18,160,160,0,0.00,0.00,0.00,0.00,0.00,0.00,-1.00,-1.00,0.00,-1.00,-1.00,0.00,-1.00,-1.00,0.00,2.46E-1,1.024E+5,0.00E+0,1.33E-2,-1.00,0.00E+0,1.33E-2,0x0004,0x0000,0x007F,0x0214,0x0000,0x0001,0x0000,0x0000,0x0000,0x0000,0x0000,0x0004,0x0000,0x0000,0x0000,0x0000,0x0000,0x0000,225
11:58:25 AM,6,0.00,0,0.00,-1.67,0.00,0.00,100.00,-1.00,-1.00,-1.00,0,1,1,100,0,-1,0.18,0.00,0.18,160,160,0,0.00,0.00,0.00,0.00,0.00,0.00,-1.00,-1.00,0.00,-1.00,-1.00,0.00,-1.00,-1.00,0.00,2.46E-1,1.024E+5,0.00E+0,1.33E-2,-1.00,0.00E+0,1.33E-2,0x0004,0x0000,0x007F,0x0214,0x0000,0x0001,0x0000,0x0000,0x0000,0x0000,0x0000,0x0004,0x0000,0x0000,0x0000,0x0000,0x0000,0x0000,226
11:58:30 AM,6,0.00,0,0.00,-1.67,0.00,0.00,100.00,-1.00,-1.00,-1.00,0,1,1,100,0,-1,0.18,0.00,0.18,160,160,0,0.00,0.00,0.00,0.00,0.00,0.00,-1.00,-1.00,0.00,-1.00,-1.00,0.00,-1.00,-1.00,0.00,2.46E-1,1.024E+5,0.00E+0,1.33E-2,-1.00,0.00E+0,1.33E-2,0x0004,0x0000,0x007F,0x0214,0x0000,0x0001,0x0000,0x0000,0x0000,0x0000,0x0000,0x0004,0x0000,0x0000,0x0000,0x0000,0x0000,0x0000,227
11:58:35 AM,6,0.00,0,0.00,-1.67,0.00,0.00,100.00,-1.00,-1.00,-1.00,0,1,1,100,0,-1,0.18,0.00,0.18,160,160,0,0.00,0.00,0.00,0.00,0.00,0.00,-1.00,-1.00,0.00,-1.00,-1.00,0.00,-1.00,-1.00,0.00,2.44E-1,1.024E+5,0.00E+0,1.33E-2,-1.00,0.00E+0,1.33E-2,0x0004,0x0000,0x007F,0x0214,0x0000,0x0001,0x0000,0x0000,0x0000,0x0000,0x0000,0x0004,0x0000,0x0000,0x0000,0x0000,0x0000,0x0000,228
11:58:40 AM,6,0.00,0,0.00,-1.67,0.00,0.00,100.00,-1.00,-1.00,-1.00,0,1,1,100,0,-1,0.18,0.00,0.18,160,160,0,0.00,0.00,0.00,0.00,0.00,0.00,-1.00,-1.00,0.00,-1.00,-1.00,0.00,-1.00,-1.00,0.00,2.42E-1,1.024E+5,0.00E+0,1.33E-2,-1.00,0.00E+0,1.33E-2,0x0004,0x0000,0x007F,0x0214,0x0000,0x0001,0x0000,0x0000,0x0000,0x0000,0x0000,0x0004,0x0000,0x0000,0x0000,0x0000,0x0000,0x0000,229
11:58:45 AM,6,0.00,0,0.00,-1.67,0.00,0.00,100.00,-1.00,-1.00,-1.00,0,1,1,100,0,-1,0.18,0.00,0.18,160,160,0,0.00,0.00,0.00,0.00,0.00,0.00,-1.00,-1.00,0.00,-1.00,-1.00,0.00,-1.00,-1.00,0.00,2.40E-1,1.024E+5,0.00E+0,1.33E-2,-1.00,0.00E+0,1.33E-2,0x0004,0x0000,0x007F,0x0214,0x0000,0x0001,0x0000,0x0000,0x0000,0x0000,0x0000,0x0004,0x0000,0x0000,0x0000,0x0000,0x0000,0x0000,230
11:58:50 AM,6,0.00,0,0.00,-1.67,0.00,0.00,100.00,-1.00,-1.00,-1.00,0,1,1,100,0,-1,0.18,0.00,0.18,160,160,0,0.00,0.00,0.00,0.00,0.00,0.00,-1.00,-1.00,0.00,-1.00,-1.00,0.00,-1.00,-1.00,0.00,2.42E-1,1.024E+5,0.00E+0,1.33E-2,-1.00,0.00E+0,1.33E-2,0x0004,0x0000,0x007F,0x0214,0x0000,0x0001,0x0000,0x0000,0x0000,0x0000,0x0000,0x0004,0x0000,0x0000,0x0000,0x0000,0x0000,0x0000,231
11:58:55 AM,6,0.00,0,0.00,-1.67,0.00,0.00,100.00,-1.00,-1.00,-1.00,0,1,1,100,0,-1,0.18,0.00,0.18,160,160,0,0.00,0.00,0.00,0.00,0.00,0.00,-1.00,-1.00,0.00,-1.00,-1.00,0.00,-1.00,-1.00,0.00,2.44E-1,1.024E+5,0.00E+0,1.33E-2,-1.00,0.00E+0,1.33E-2,0x0004,0x0000,0x007F,0x0214,0x0000,0x0001,0x0000,0x0000,0x0000,0x0000,0x0000,0x0004,0x0000,0x0000,0x0000,0x0000,0x0000,0x0000,232
11:59:00 AM,6,0.00,0,0.00,-1.67,0.00,0.00,100.00,-1.00,-1.00,-1.00,0,1,1,100,0,-1,0.18,0.00,0.18,160,160,0,0.00,0.00,0.00,0.00,0.00,0.00,-1.00,-1.00,0.00,-1.00,-1.00,0.00,-1.00,-1.00,0.00,2.37E-1,1.024E+5,0.00E+0,1.33E-2,-1.00,0.00E+0,1.33E-2,0x0004,0x0000,0x007F,0x0214,0x0000,0x0001,0x0000,0x0000,0x0000,0x0000,0x0000,0x0004,0x0000,0x0000,0x0000,0x0000,0x0000,0x0000,233
11:59:05 AM,6,0.00,0,0.00,-1.67,0.00,0.00,100.00,-1.00,-1.00,-1.00,0,1,1,100,0,-1,0.18,0.00,0.18,160,160,0,0.00,0.00,0.00,0.00,0.00,0.00,-1.00,-1.00,0.00,-1.00,-1.00,0.00,-1.00,-1.00,0.00,2.44E-1,1.024E+5,0.00E+0,1.33E-2,-1.00,0.00E+0,1.33E-2,0x0004,0x0000,0x007F,0x0214,0x0000,0x0001,0x0000,0x0000,0x0000,0x0000,0x0000,0x0004,0x0000,0x0000,0x0000,0x0000,0x0000,0x0000,234
11:59:10 AM,6,0.00,0,0.00,-1.67,0.00,0.00,100.00,-1.00,-1.00,-1.00,0,1,1,100,0,-1,0.18,0.00,0.18,160,160,0,0.00,0.00,0.00,0.00,0.00,0.00,-1.00,-1.00,0.00,-1.00,-1.00,0.00,-1.00,-1.00,0.00,2.46E-1,1.024E+5,0.00E+0,1.33E-2,-1.00,0.00E+0,1.33E-2,0x0004,0x0000,0x007F,0x0214,0x0000,0x0001,0x0000,0x0000,0x0000,0x0000,0x0000,0x0004,0x0000,0x0000,0x0000,0x0000,0x0000,0x0000,235
11:59:15 AM,6,0.00,0,0.00,-1.67,0.00,0.00,100.00,-1.00,-1.00,-1.00,0,1,1,100,0,-1,0.18,0.00,0.18,160,160,0,0.00,0.00,0.00,0.00,0.00,0.00,-1.00,-1.00,0.00,-1.00,-1.00,0.00,-1.00,-1.00,0.00,2.46E-1,1.024E+5,0.00E+0,1.33E-2,-1.00,0.00E+0,1.33E-2,0x0004,0x0000,0x007F,0x0214,0x0000,0x0001,0x0000,0x0000,0x0000,0x0000,0x0000,0x0004,0x0000,0x0000,0x0000,0x0000,0x0000,0x0000,236
11:59:20 AM,6,0.00,0,0.00,-1.67,0.00,0.00,100.00,-1.00,-1.00,-1.00,0,1,1,100,0,-1,0.18,0.00,0.18,160,160,0,0.00,0.00,0.00,0.00,0.00,0.00,-1.00,-1.00,0.00,-1.00,-1.00,0.00,-1.00,-1.00,0.00,2.46E-1,1.024E+5,0.00E+0,1.33E-2,-1.00,0.00E+0,1.33E-2,0x0004,0x0000,0x007F,0x0214,0x0000,0x0001,0x0000,0x0000,0x0000,0x0000,0x0000,0x0004,0x0000,0x0000,0x0000,0x0000,0x0000,0x0000,237
11:59:25 AM,6,0.00,0,0.00,-1.67,0.00,0.00,100.00,-1.00,-1.00,-1.00,0,1,1,100,0,-1,0.18,0.00,0.18,160,160,0,0.00,0.00,0.00,0.00,0.00,0.00,-1.00,-1.00,0.00,-1.00,-1.00,0.00,-1.00,-1.00,0.00,2.42E-1,1.024E+5,0.00E+0,1.33E-2,-1.00,0.00E+0,1.33E-2,0x0004,0x0000,0x007F,0x0214,0x0000,0x0001,0x0000,0x0000,0x0000,0x0000,0x0000,0x0004,0x0000,0x0000,0x0000,0x0000,0x0000,0x0000,238
11:59:30 AM,6,0.00,0,0.00,-1.67,0.00,0.00,100.00,-1.00,-1.00,-1.00,0,1,1,100,0,-1,0.18,0.00,0.18,160,160,0,0.00,0.00,0.00,0.00,0.00,0.00,-1.00,-1.00,0.00,-1.00,-1.00,0.00,-1.00,-1.00,0.00,2.42E-1,1.024E+5,0.00E+0,1.33E-2,-1.00,0.00E+0,1.33E-2,0x0004,0x0000,0x007F,0x0214,0x0000,0x0001,0x0000,0x0000,0x0000,0x0000,0x0000,0x0004,0x0000,0x0000,0x0000,0x0000,0x0000,0x0000,239
11:59:35 AM,6,0.00,0,0.00,-1.67,0.00,0.00,100.00,-1.00,-1.00,-1.00,0,1,1,100,0,-1,0.18,0.00,0.18,160,160,0,0.00,0.00,0.00,0.00,0.00,0.00,-1.00,-1.00,0.00,-1.00,-1.00,0.00,-1.00,-1.00,0.00,2.42E-1,1.024E+5,0.00E+0,1.33E-2,-1.00,0.00E+0,1.33E-2,0x0004,0x0000,0x007F,0x0214,0x0000,0x0001,0x0000,0x0000,0x0000,0x0000,0x0000,0x0004,0x0000,0x0000,0x0000,0x0000,0x0000,0x0000,240
11:59:39 AM,6,0.00,0,0.00,-1.67,0.00,0.00,100.00,-1.00,-1.00,-1.00,0,1,1,100,0,-1,0.18,0.00,0.18,160,160,0,0.00,0.00,0.00,0.00,0.00,0.00,-1.00,-1.00,0.00,-1.00,-1.00,0.00,-1.00,-1.00,0.00,2.46E-1,1.024E+5,0.00E+0,1.33E-2,-1.00,0.00E+0,1.33E-2,0x0004,0x0000,0x007F,0x0214,0x0000,0x0001,0x0000,0x0000,0x0000,0x0000,0x0000,0x0004,0x0000,0x0000,0x0000,0x0000,0x0000,0x0000,241
11:59:44 AM,6,0.00,0,0.00,-1.67,0.00,0.00,100.00,-1.00,-1.00,-1.00,0,1,1,100,0,-1,0.18,0.00,0.18,160,160,0,0.00,0.00,0.00,0.00,0.00,0.00,-1.00,-1.00,0.00,-1.00,-1.00,0.00,-1.00,-1.00,0.00,2.46E-1,1.024E+5,0.00E+0,1.33E-2,-1.00,0.00E+0,1.33E-2,0x0004,0x0000,0x007F,0x0214,0x0000,0x0001,0x0000,0x0000,0x0000,0x0000,0x0000,0x0004,0x0000,0x0000,0x0000,0x0000,0x0000,0x0000,242
11:59:49 AM,6,0.00,0,0.00,-1.67,0.00,0.00,100.00,-1.00,-1.00,-1.00,0,1,1,100,0,-1,0.18,0.00,0.18,160,160,0,0.00,0.00,0.00,0.00,0.00,0.00,-1.00,-1.00,0.00,-1.00,-1.00,0.00,-1.00,-1.00,0.00,2.42E-1,1.024E+5,0.00E+0,1.33E-2,-1.00,0.00E+0,1.33E-2,0x0004,0x0000,0x007F,0x0214,0x0000,0x0001,0x0000,0x0000,0x0000,0x0000,0x0000,0x0004,0x0000,0x0000,0x0000,0x0000,0x0000,0x0000,243
11:59:54 AM,6,0.00,0,0.00,-1.67,0.00,0.00,100.00,-1.00,-1.00,-1.00,0,1,1,100,0,-1,0.18,0.00,0.18,160,160,0,0.00,0.00,0.00,0.00,0.00,0.00,-1.00,-1.00,0.00,-1.00,-1.00,0.00,-1.00,-1.00,0.00,2.42E-1,1.024E+5,0.00E+0,1.33E-2,-1.00,0.00E+0,1.33E-2,0x0004,0x0000,0x007F,0x0214,0x0000,0x0001,0x0000,0x0000,0x0000,0x0000,0x0000,0x0004,0x0000,0x0000,0x0000,0x0000,0x0000,0x0000,244
11:59:59 AM,6,0.00,0,0.00,-1.67,0.00,0.00,100.00,-1.00,-1.00,-1.00,0,1,1,100,0,-1,0.18,0.00,0.18,160,160,0,0.00,0.00,0.00,0.00,0.00,0.00,-1.00,-1.00,0.00,-1.00,-1.00,0.00,-1.00,-1.00,0.00,2.48E-1,1.024E+5,0.00E+0,1.33E-2,-1.00,0.00E+0,1.33E-2,0x0004,0x0000,0x007F,0x0214,0x0000,0x0001,0x0000,0x0000,0x0000,0x0000,0x0000,0x0004,0x0000,0x0000,0x0000,0x0000,0x0000,0x0000,245
12:00:04 PM,6,0.00,0,0.00,-1.67,0.00,0.00,100.00,-1.00,-1.00,-1.00,0,1,1,100,0,-1,0.18,0.00,0.18,160,160,0,0.00,0.00,0.00,0.00,0.00,0.00,-1.00,-1.00,0.00,-1.00,-1.00,0.00,-1.00,-1.00,0.00,2.42E-1,1.024E+5,0.00E+0,1.33E-2,-1.00,0.00E+0,1.33E-2,0x0004,0x0000,0x007F,0x0214,0x0000,0x0001,0x0000,0x0000,0x0000,0x0000,0x0000,0x0004,0x0000,0x0000,0x0000,0x0000,0x0000,0x0000,246
12:00:09 PM,6,0.00,0,0.00,-1.67,0.00,0.00,100.00,-1.00,-1.00,-1.00,0,1,1,100,0,-1,0.18,0.00,0.18,160,160,0,0.00,0.00,0.00,0.00,0.00,0.00,-1.00,-1.00,0.00,-1.00,-1.00,0.00,-1.00,-1.00,0.00,2.46E-1,1.024E+5,0.00E+0,1.33E-2,-1.00,0.00E+0,1.33E-2,0x0004,0x0000,0x007F,0x0214,0x0000,0x0001,0x0000,0x0000,0x0000,0x0000,0x0000,0x0004,0x0000,0x0000,0x0000,0x0000,0x0000,0x0000,247
12:00:14 PM,6,0.00,0,0.00,-1.67,0.00,0.00,100.00,-1.00,-1.00,-1.00,0,1,1,100,0,-1,0.18,0.00,0.18,160,160,0,0.00,0.00,0.00,0.00,0.00,0.00,-1.00,-1.00,0.00,-1.00,-1.00,0.00,-1.00,-1.00,0.00,2.42E-1,1.024E+5,0.00E+0,1.33E-2,-1.00,0.00E+0,1.33E-2,0x0004,0x0000,0x007F,0x0214,0x0000,0x0001,0x0000,0x0000,0x0000,0x0000,0x0000,0x0004,0x0000,0x0000,0x0000,0x0000,0x0000,0x0000,248
12:00:19 PM,6,0.00,0,0.00,-1.67,0.00,0.00,100.00,-1.00,-1.00,-1.00,0,1,1,100,0,-1,0.18,0.00,0.18,160,160,0,0.00,0.00,0.00,0.00,0.00,0.00,-1.00,-1.00,0.00,-1.00,-1.00,0.00,-1.00,-1.00,0.00,2.44E-1,1.024E+5,0.00E+0,1.33E-2,-1.00,0.00E+0,1.33E-2,0x0004,0x0000,0x007F,0x0214,0x0000,0x0001,0x0000,0x0000,0x0000,0x0000,0x0000,0x0004,0x0000,0x0000,0x0000,0x0000,0x0000,0x0000,249
12:00:24 PM,6,0.00,0,0.00,-1.67,0.00,0.00,100.00,-1.00,-1.00,-1.00,0,1,1,100,0,-1,0.18,0.00,0.18,160,160,0,0.00,0.00,0.00,0.00,0.00,0.00,-1.00,-1.00,0.00,-1.00,-1.00,0.00,-1.00,-1.00,0.00,2.46E-1,1.024E+5,0.00E+0,1.33E-2,-1.00,0.00E+0,1.33E-2,0x0004,0x0000,0x007F,0x0214,0x0000,0x0001,0x0000,0x0000,0x0000,0x0000,0x0000,0x0004,0x0000,0x0000,0x0000,0x0000,0x0000,0x0000,250
12:00:29 PM,6,0.00,0,0.00,-1.67,0.00,0.00,100.00,-1.00,-1.00,-1.00,0,1,1,100,0,-1,0.18,0.00,0.18,160,160,0,0.00,0.00,0.00,0.00,0.00,0.00,-1.00,-1.00,0.00,-1.00,-1.00,0.00,-1.00,-1.00,0.00,2.51E-1,1.024E+5,0.00E+0,1.33E-2,-1.00,0.00E+0,1.33E-2,0x0004,0x0000,0x007F,0x0214,0x0000,0x0001,0x0000,0x0000,0x0000,0x0000,0x0000,0x0004,0x0000,0x0000,0x0000,0x0000,0x0000,0x0000,251
12:00:34 PM,6,0.00,0,0.00,-1.67,0.00,0.00,100.00,-1.00,-1.00,-1.00,0,1,1,100,0,-1,0.18,0.00,0.18,160,160,0,0.00,0.00,0.00,0.00,0.00,0.00,-1.00,-1.00,0.00,-1.00,-1.00,0.00,-1.00,-1.00,0.00,2.46E-1,1.024E+5,0.00E+0,1.33E-2,-1.00,0.00E+0,1.33E-2,0x0004,0x0000,0x007F,0x0214,0x0000,0x0001,0x0000,0x0000,0x0000,0x0000,0x0000,0x0004,0x0000,0x0000,0x0000,0x0000,0x0000,0x0000,252
12:00:39 PM,6,0.00,0,0.00,-1.67,0.00,0.00,100.00,-1.00,-1.00,-1.00,0,1,1,100,0,-1,0.18,0.00,0.18,160,160,0,0.00,0.00,0.00,0.00,0.00,0.00,-1.00,-1.00,0.00,-1.00,-1.00,0.00,-1.00,-1.00,0.00,2.46E-1,1.024E+5,0.00E+0,1.33E-2,-1.00,0.00E+0,1.33E-2,0x0004,0x0000,0x007F,0x0214,0x0000,0x0001,0x0000,0x0000,0x0000,0x0000,0x0000,0x0004,0x0000,0x0000,0x0000,0x0000,0x0000,0x0000,253
12:00:44 PM,6,0.00,0,0.00,-1.67,0.00,0.00,100.00,-1.00,-1.00,-1.00,0,1,1,100,0,-1,0.18,0.00,0.18,160,160,0,0.00,0.00,0.00,0.00,0.00,0.00,-1.00,-1.00,0.00,-1.00,-1.00,0.00,-1.00,-1.00,0.00,2.46E-1,1.024E+5,0.00E+0,1.33E-2,-1.00,0.00E+0,1.33E-2,0x0004,0x0000,0x007F,0x0214,0x0000,0x0001,0x0000,0x0000,0x0000,0x0000,0x0000,0x0004,0x0000,0x0000,0x0000,0x0000,0x0000,0x0000,254
12:00:49 PM,6,0.00,0,0.00,-1.67,0.00,0.00,100.00,-1.00,-1.00,-1.00,0,1,1,100,0,-1,0.18,0.00,0.18,160,160,0,0.00,0.00,0.00,0.00,0.00,0.00,-1.00,-1.00,0.00,-1.00,-1.00,0.00,-1.00,-1.00,0.00,2.42E-1,1.024E+5,0.00E+0,1.33E-2,-1.00,0.00E+0,1.33E-2,0x0004,0x0000,0x007F,0x0214,0x0000,0x0001,0x0000,0x0000,0x0000,0x0000,0x0000,0x0004,0x0000,0x0000,0x0000,0x0000,0x0000,0x0000,255
12:00:54 PM,6,0.00,0,0.00,-1.67,0.00,0.00,100.00,-1.00,-1.00,-1.00,0,1,1,100,0,-1,0.18,0.00,0.18,160,160,0,0.00,0.00,0.00,0.00,0.00,0.00,-1.00,-1.00,0.00,-1.00,-1.00,0.00,-1.00,-1.00,0.00,2.46E-1,1.024E+5,0.00E+0,1.33E-2,-1.00,0.00E+0,1.33E-2,0x0004,0x0000,0x007F,0x0214,0x0000,0x0001,0x0000,0x0000,0x0000,0x0000,0x0000,0x0004,0x0000,0x0000,0x0000,0x0000,0x0000,0x0000,256
12:00:59 PM,6,0.00,0,0.00,-1.67,0.00,0.00,100.00,-1.00,-1.00,-1.00,0,1,1,100,0,-1,0.18,0.00,0.18,160,160,0,0.00,0.00,0.00,0.00,0.00,0.00,-1.00,-1.00,0.00,-1.00,-1.00,0.00,-1.00,-1.00,0.00,2.44E-1,1.024E+5,0.00E+0,1.33E-2,-1.00,0.00E+0,1.33E-2,0x0004,0x0000,0x007F,0x0214,0x0000,0x0001,0x0000,0x0000,0x0000,0x0000,0x0000,0x0004,0x0000,0x0000,0x0000,0x0000,0x0000,0x0000,257
12:01:04 PM,6,0.00,0,0.00,-1.67,0.00,0.00,100.00,-1.00,-1.00,-1.00,0,1,1,100,0,-1,0.18,0.00,0.18,160,160,0,0.00,0.00,0.00,0.00,0.00,0.00,-1.00,-1.00,0.00,-1.00,-1.00,0.00,-1.00,-1.00,0.00,2.46E-1,1.024E+5,0.00E+0,1.33E-2,-1.00,0.00E+0,1.33E-2,0x0004,0x0000,0x007F,0x0214,0x0000,0x0001,0x0000,0x0000,0x0000,0x0000,0x0000,0x0004,0x0000,0x0000,0x0000,0x0000,0x0000,0x0000,258
11:58:05 AM,6,0.00,0,0.00,-1.67,0.00,0.00,100.00,-1.00,-1.00,-1.00,0,1,1,100,0,-1,0.18,0.00,0.18,160,160,0,0.00,0.00,0.00,0.00,0.00,0.00,-1.00,-1.00,0.00,-1.00,-1.00,0.00,-1.00,-1.00,0.00,2.44E-1,1.024E+5,0.00E+0,1.33E-2,-1.00,0.00E+0,1.33E-2,0x0004,0x0000,0x007F,0x0214,0x0000,0x0001,0x0000,0x0000,0x0000,0x0000,0x0000,0x0004,0x0000,0x0000,0x0000,0x0000,0x0000,0x0000,259
11:58:10 AM,6,0.00,0,0.00,-1.67,0.00,0.00,100.00,-1.00,-1.00,-1.00,0,1,1,100,0,-1,0.18,0.00,0.18,160,160,0,0.00,0.00,0.00,0.00,0.00,0.00,-1.00,-1.00,0.00,-1.00,-1.00,0.00,-1.00,-1.00,0.00,2.42E-1,1.024E+5,0.00E+0,1.33E-2,-1.00,0.00E+0,1.33E-2,0x0004,0x0000,0x007F,0x0214,0x0000,0x0001,0x0000,0x0000,0x0000,0x0000,0x0000,0x0004,0x0000,0x0000,0x0000,0x0000,0x0000,0x0000,260
11:58:15 AM,6,0.00,0,0.00,-1.67,0.00,0.00,100.00,-1.00,-1.00,-1.00,0,1,1,100,0,-1,0.18,0.00,0.18,160,160,0,0.00,0.00,0.00,0.00,0.00,0.00,-1.00,-1.00,0.00,-1.00,-1.00,0.00,-1.00,-1.00,0.00,2.42E-1,1.024E+5,0.00E+0,1.33E-2,-1.00,0.00E+0,1.33E-2,0x0004,0x0000,0x007F,0x0214,0x0000,0x0001,0x0000,0x0000,0x0000,0x0000,0x0000,0x0004,0x0000,0x0000,0x0000,0x0000,0x0000,0x0000,261
11:58:20 AM,6,0.00,0,0.00,-1.67,0.00,0.00,100.00,-1.00,-1.00,-1.00,0,1,1,100,0,-1,0.18,0.00,0.18,160,160,0,0.00,0.00,0.00,0.00,0.00,0.00,-1.00,-1.00,0.00,-1.00,-1.00,0.00,-1.00,-1.00,0.00,2.46E-1,1.024E+5,0.00E+0,1.33E-2,-1.00,0.00E+0,1.33E-2,0x0004,0x0000,0x007F,0x0214,0x0000,0x0001,0x0000,0x0000,0x0000,0x0000,0x0000,0x0004,0x0000,0x0000,0x0000,0x0000,0x0000,0x0000,262
11:58:25 AM,6,0.00,0,0.00,-1.67,0.00,0.00,100.00,-1.00,-1.00,-1.00,0,1,1,100,0,-1,0.18,0.00,0.18,160,160,0,0.00,0.00,0.00,0.00,0.00,0.00,-1.00,-1.00,0.00,-1.00,-1.00,0.00,-1.00,-1.00,0.00,2.46E-1,1.024E+5,0.00E+0,1.33E-2,-1.00,0.00E+0,1.33E-2,0x0004,0x0000,0x007F,0x0214,0x0000,0x0001,0x0000,0x0000,0x0000,0x0000,0x0000,0x0004,0x0000,0x0000,0x0000,0x0000,0x0000,0x0000,263
11:58:30 AM,6,0.00,0,0.00,-1.67,0.00,0.00,100.00,-1.00,-1.00,-1.00,0,1,1,100,0,-1,0.18,0.00,0.18,160,160,0,0.00,0.00,0.00,0.00,0.00,0.00,-1.00,-1.00,0.00,-1.00,-1.00,0.00,-1.00,-1.00,0.00,2.46E-1,1.024E+5,0.00E+0,1.33E-2,-1.00,0.00E+0,1.33E-2,0x0004,0x0000,0x007F,0x0214,0x0000,0x0001,0x0000,0x0000,0x0000,0x0000,0x0000,0x0004,0x0000,0x0000,0x0000,0x0000,0x0000,0x0000,264
11:58:35 AM,6,0.00,0,0.00,-1.67,0.00,0.00,100.00,-1.00,-1.00,-1.00,0,1,1,100,0,-1,0.18,0.00,0.18,160,160,0,0.00,0.00,0.00,0.00,0.00,0.00,-1.00,-1.00,0.00,-1.00,-1.00,0.00,-1.00,-1.00,0.00,2.44E-1,1.024E+5,0.00E+0,1.33E-2,-1.00,0.00E+0,1.33E-2,0x0004,0x0000,0x007F,0x0214,0x0000,0x0001,0x0000,0x0000,0x0000,0x0000,0x0000,0x0004,0x0000,0x0000,0x0000,0x0000,0x0000,0x0000,265
11:58:40 AM,6,0.00,0,0.00,-1.67,0.00,0.00,100.00,-1.00,-1.00,-1.00,0,1,1,100,0,-1,0.18,0.00,0.18,160,160,0,0.00,0.00,0.00,0.00,0.00,0.00,-1.00,-1.00,0.00,-1.00,-1.00,0.00,-1.00,-1.00,0.00,2.42E-1,1.024E+5,0.00E+0,1.33E-2,-1.00,0.00E+0,1.33E-2,0x0004,0x0000,0x007F,0x0214,0x0000,0x0001,0x0000,0x0000,0x0000,0x0000,0x0000,0x0004,0x0000,0x0000,0x0000,0x0000,0x0000,0x0000,266
11:58:45 AM,6,0.00,0,0.00,-1.67,0.00,0.00,100.00,-1.00,-1.00,-1.00,0,1,1,100,0,-1,0.18,0.00,0.18,160,160,0,0.00,0.00,0.00,0.00,0.00,0.00,-1.00,-1.00,0.00,-1.00,-1.00,0.00,-1.00,-1.00,0.00,2.40E-1,1.024E+5,0.00E+0,1.33E-2,-1.00,0.00E+0,1.33E-2,0x0004,0x0000,0x007F,0x0214,0x0000,0x0001,0x0000,0x0000,0x0000,0x0000,0x0000,0x0004,0x0000,0x0000,0x0000,0x0000,0x0000,0x0000,267
11:58:50 AM,6,0.00,0,0.00,-1.67,0.00,0.00,100.00,-1.00,-1.00,-1.00,0,1,1,100,0,-1,0.18,0.00,0.18,160,160,0,0.00,0.00,0.00,0.00,0.00,0.00,-1.00,-1.00,0.00,-1.00,-1.00,0.00,-1.00,-1.00,0.00,2.42E-1,1.024E+5,0.00E+0,1.33E-2,-1.00,0.00E+0,1.33E-2,0x0004,0x0000,0x007F,0x0214,0x0000,0x0001,0x0000,0x0000,0x0000,0x0000,0x0000,0x0004,0x0000,0x0000,0x0000,0x0000,0x0000,0x0000,268
11:58:55 AM,6,0.00,0,0.00,-1.67,0.00,0.00,100.00,-1.00,-1.00,-1.00,0,1,1,100,0,-1,0.18,0.00,0.18,160,160,0,0.00,0.00,0.00,0.00,0.00,0.00,-1.00,-1.00,0.00,-1.00,-1.00,0.00,-1.00,-1.00,0.00,2.44E-1,1.024E+5,0.00E+0,1.33E-2,-1.00,0.00E+0,1.33E-2,0x0004,0x0000,0x007F,0x0214,0x0000,0x0001,0x0000,0x0000,0x0000,0x0000,0x0000,0x0004,0x0000,0x0000,0x0000,0x0000,0x0000,0x0000,269
11:59:00 AM,6,0.00,0,0.00,-1.67,0.00,0.00,100.00,-1.00,-1.00,-1.00,0,1,1,100,0,-1,0.18,0.00,0.18,160,160,0,0.00,0.00,0.00,0.00,0.00,0.00,-1.00,-1.00,0.00,-1.00,-1.00,0.00,-1.00,-1.00,0.00,2.37E-1,1.024E+5,0.00E+0,1.33E-2,-1.00,0.00E+0,1.33E-2,0x0004,0x0000,0x007F,0x0214,0x0000,0x0001,0x0000,0x0000,0x0000,0x0000,0x0000,0x0004,0x0000,0x0000,0x0000,0x0000,0x0000,0x0000,270
11:59:05 AM,6,0.00,0,0.00,-1.67,0.00,0.00,100.00,-1.00,-1.00,-1.00,0,1,1,100,0,-1,0.18,0.00,0.18,160,160,0,0.00,0.00,0.00,0.00,0.00,0.00,-1.00,-1.00,0.00,-1.00,-1.00,0.00,-1.00,-1.00,0.00,2.44E-1,1.024E+5,0.00E+0,1.33E-2,-1.00,0.00E+0,1.33E-2,0x0004,0x0000,0x007F,0x0214,0x0000,0x0001,0x0000,0x0000,0x0000,0x0000,0x0000,0x0004,0x0000,0x0000,0x0000,0x0000,0x0000,0x0000,271
11:59:10 AM,6,0.00,0,0.00,-1.67,0.00,0.00,100.00,-1.00,-1.00,-1.00,0,1,1,100,0,-1,0.18,0.00,0.18,160,160,0,0.00,0.00,0.00,0.00,0.00,0.00,-1.00,-1.00,0.00,-1.00,-1.00,0.00,-1.00,-1.00,0.00,2.46E-1,1.024E+5,0.00E+0,1.33E-2,-1.00,0.00E+0,1.33E-2,0x0004,0x0000,0x007F,0x0214,0x0000,0x0001,0x0000,0x0000,0x0000,0x0000,0x0000,0x0004,0x0000,0x0000,0x0000,0x0000,0x0000,0x0000,272
11:59:15 AM,6,0.00,0,0.00,-1.67,0.00,0.00,100.00,-1.00,-1.00,-1.00,0,1,1,100,0,-1,0.18,0.00,0.18,160,160,0,0.00,0.00,0.00,0.00,0.00,0.00,-1.00,-1.00,0.00,-1.00,-1.00,0.00,-1.00,-1.00,0.00,2.46E-1,1.024E+5,0.00E+0,1.33E-2,-1.00,0.00E+0,1.33E-2,0x0004,0x0000,0x007F,0x0214,0x0000,0x0001,0x0000,0x0000,0x0000,0x0000,0x0000,0x0004,0x0000,0x0000,0x0000,0x0000,0x0000,0x0000,273
11:59:20 AM,6,0.00,0,0.00,-1.67,0.00,0.00,100.00,-1.00,-1.00,-1.00,0,1,1,100,0,-1,0.18,0.00,0.18,160,160,0,0.00,0.00,0.00,0.00,0.00,0.00,-1.00,-1.00,0.00,-1.00,-1.00,0.00,-1.00,-1.00,0.00,2.46E-1,1.024E+5,0.00E+0,1.33E-2,-1.00,0.00E+0,1.33E-2,0x0004,0x0000,0x007F,0x0214,0x0000,0x0001,0x0000,0x0000,0x0000,0x0000,0x0000,0x0004,0x0000,0x0000,0x0000,0x0000,0x0000,0x0000,274
11:59:25 AM,6,0.00,0,0.00,-1.67,0.00,0.00,100.00,-1.00,-1.00,-1.00,0,1,1,100,0,-1,0.18,0.00,0.18,160,160,0,0.00,0.00,0.00,0.00,0.00,0.00,-1.00,-1.00,0.00,-1.00,-1.00,0.00,-1.00,-1.00,0.00,2.42E-1,1.024E+5,0.00E+0,1.33E-2,-1.00,0.00E+0,1.33E-2,0x0004,0x0000,0x007F,0x0214,0x0000,0x0001,0x0000,0x0000,0x0000,0x0000,0x0000,0x0004,0x0000,0x0000,0x0000,0x0000,0x0000,0x0000,275
11:59:30 AM,6,0.00,0,0.00,-1.67,0.00,0.00,100.00,-1.00,-1.00,-1.00,0,1,1,100,0,-1,0.18,0.00,0.18,160,160,0,0.00,0.00,0.00,0.00,0.00,0.00,-1.00,-1.00,0.00,-1.00,-1.00,0.00,-1.00,-1.00,0.00,2.42E-1,1.024E+5,0.00E+0,1.33E-2,-1.00,0.00E+0,1.33E-2,0x0004,0x0000,0x007F,0x0214,0x0000,0x0001,0x0000,0x0000,0x0000,0x0000,0x0000,0x0004,0x0000,0x0000,0x0000,0x0000,0x0000,0x0000,276
11:59:35 AM,6,0.00,0,0.00,-1.67,0.00,0.00,100.00,-1.00,-1.00,-1.00,0,1,1,100,0,-1,0.18,0.00,0.18,160,160,0,0.00,0.00,0.00,0.00,0.00,0.00,-1.00,-1.00,0.00,-1.00,-1.00,0.00,-1.00,-1.00,0.00,2.42E-1,1.024E+5,0.00E+0,1.33E-2,-1.00,0.00E+0,1.33E-2,0x0004,0x0000,0x007F,0x0214,0x0000,0x0001,0x0000,0x0000,0x0000,0x0000,0x0000,0x0004,0x0000,0x0000,0x0000,0x0000,0x0000,0x0000,277
11:59:39 AM,6,0.00,0,0.00,-1.67,0.00,0.00,100.00,-1.00,-1.00,-1.00,0,1,1,100,0,-1,0.18,0.00,0.18,160,160,0,0.00,0.00,0.00,0.00,0.00,0.00,-1.00,-1.00,0.00,-1.00,-1.00,0.00,-1.00,-1.00,0.00,2.46E-1,1.024E+5,0.00E+0,1.33E-2,-1.00,0.00E+0,1.33E-2,0x0004,0x0000,0x007F,0x0214,0x0000,0x0001,0x0000,0x0000,0x0000,0x0000,0x0000,0x0004,0x0000,0x0000,0x0000,0x0000,0x0000,0x0000,278
11:59:44 AM,6,0.00,0,0.00,-1.67,0.00,0.00,100.00,-1.00,-1.00,-1.00,0,1,1,100,0,-1,0.18,0.00,0.18,160,160,0,0.00,0.00,0.00,0.00,0.00,0.00,-1.00,-1.00,0.00,-1.00,-1.00,0.00,-1.00,-1.00,0.00,2.46E-1,1.024E+5,0.00E+0,1.33E-2,-1.00,0.00E+0,1.33E-2,0x0004,0x0000,0x007F,0x0214,0x0000,0x0001,0x0000,0x0000,0x0000,0x0000,0x0000,0x0004,0x0000,0x0000,0x0000,0x0000,0x0000,0x0000,279
11:59:49 AM,6,0.00,0,0.00,-1.67,0.00,0.00,100.00,-1.00,-1.00,-1.00,0,1,1,100,0,-1,0.18,0.00,0.18,160,160,0,0.00,0.00,0.00,0.00,0.00,0.00,-1.00,-1.00,0.00,-1.00,-1.00,0.00,-1.00,-1.00,0.00,2.42E-1,1.024E+5,0.00E+0,1.33E-2,-1.00,0.00E+0,1.33E-2,0x0004,0x0000,0x007F,0x0214,0x0000,0x0001,0x0000,0x0000,0x0000,0x0000,0x0000,0x0004,0x0000,0x0000,0x0000,0x0000,0x0000,0x0000,280
11:59:54 AM,6,0.00,0,0.00,-1.67,0.00,0.00,100.00,-1.00,-1.00,-1.00,0,1,1,100,0,-1,0.18,0.00,0.18,160,160,0,0.00,0.00,0.00,0.00,0.00,0.00,-1.00,-1.00,0.00,-1.00,-1.00,0.00,-1.00,-1.00,0.00,2.42E-1,1.024E+5,0.00E+0,1.33E-2,-1.00,0.00E+0,1.33E-2,0x0004,0x0000,0x007F,0x0214,0x0000,0x0001,0x0000,0x0000,0x0000,0x0000,0x0000,0x0004,0x0000,0x0000,0x0000,0x0000,0x0000,0x0000,281
11:59:59 AM,6,0.00,0,0.00,-1.67,0.00,0.00,100.00,-1.00,-1.00,-1.00,0,1,1,100,0,-1,0.18,0.00,0.18,160,160,0,0.00,0.00,0.00,0.00,0.00,0.00,-1.00,-1.00,0.00,-1.00,-1.00,0.00,-1.00,-1.00,0.00,2.48E-1,1.024E+5,0.00E+0,1.33E-2,-1.00,0.00E+0,1.33E-2,0x0004,0x0000,0x007F,0x0214,0x0000,0x0001,0x0000,0x0000,0x0000,0x0000,0x0000,0x0004,0x0000,0x0000,0x0000,0x0000,0x0000,0x0000,282
12:00:04 PM,6,0.00,0,0.00,-1.67,0.00,0.00,100.00,-1.00,-1.00,-1.00,0,1,1,100,0,-1,0.18,0.00,0.18,160,160,0,0.00,0.00,0.00,0.00,0.00,0.00,-1.00,-1.00,0.00,-1.00,-1.00,0.00,-1.00,-1.00,0.00,2.42E-1,1.024E+5,0.00E+0,1.33E-2,-1.00,0.00E+0,1.33E-2,0x0004,0x0000,0x007F,0x0214,0x0000,0x0001,0x0000,0x0000,0x0000,0x0000,0x0000,0x0004,0x0000,0x0000,0x0000,0x0000,0x0000,0x0000,283
12:00:09 PM,6,0.00,0,0.00,-1.67,0.00,0.00,100.00,-1.00,-1.00,-1.00,0,1,1,100,0,-1,0.18,0.00,0.18,160,160,0,0.00,0.00,0.00,0.00,0.00,0.00,-1.00,-1.00,0.00,-1.00,-1.00,0.00,-1.00,-1.00,0.00,2.46E-1,1.024E+5,0.00E+0,1.33E-2,-1.00,0.00E+0,1.33E-2,0x0004,0x0000,0x007F,0x0214,0x0000,0x0001,0x0000,0x0000,0x0000,0x0000,0x0000,0x0004,0x0000,0x0000,0x0000,0x0000,0x0000,0x0000,284
12:00:14 PM,6,0.00,0,0.00,-1.67,0.00,0.00,100.00,-1.00,-1.00,-1.00,0,1,1,100,0,-1,0.18,0.00,0.18,160,160,0,0.00,0.00,0.00,0.00,0.00,0.00,-1.00,-1.00,0.00,-1.00,-1.00,0.00,-1.00,-1.00,0.00,2.42E-1,1.024E+5,0.00E+0,1.33E-2,-1.00,0.00E+0,1.33E-2,0x0004,0x0000,0x007F,0x0214,0x0000,0x0001,0x0000,0x0000,0x0000,0x0000,0x0000,0x0004,0x0000,0x0000,0x0000,0x0000,0x0000,0x0000,285
12:00:19 PM,6,0.00,0,0.00,-1.67,0.00,0.00,100.00,-1.00,-1.00,-1.00,0,1,1,100,0,-1,0.18,0.00,0.18,160,160,0,0.00,0.00,0.00,0.00,0.00,0.00,-1.00,-1.00,0.00,-1.00,-1.00,0.00,-1.00,-1.00,0.00,2.44E-1,1.024E+5,0.00E+0,1.33E-2,-1.00,0.00E+0,1.33E-2,0x0004,0x0000,0x007F,0x0214,0x0000,0x0001,0x0000,0x0000,0x0000,0x0000,0x0000,0x0004,0x0000,0x0000,0x0000,0x0000,0x0000,0x0000,286
12:00:24 PM,6,0.00,0,0.00,-1.67,0.00,0.00,100.00,-1.00,-1.00,-1.00,0,1,1,100,0,-1,0.18,0.00,0.18,160,160,0,0.00,0.00,0.00,0.00,0.00,0.00,-1.00,-1.00,0.00,-1.00,-1.00,0.00,-1.00,-1.00,0.00,2.46E-1,1.024E+5,0.00E+0,1.33E-2,-1.00,0.00E+0,1.33E-2,0x0004,0x0000,0x007F,0x0214,0x0000,0x0001,0x0000,0x0000,0x0000,0x0000,0x0000,0x0004,0x0000,0x0000,0x0000,0x0000,0x0000,0x0000,287
12:00:29 PM,6,0.00,0,0.00,-1.67,0.00,0.00,100.00,-1.00,-1.00,-1.00,0,1,1,100,0,-1,0.18,0.00,0.18,160,160,0,0.00,0.00,0.00,0.00,0.00,0.00,-1.00,-1.00,0.00,-1.00,-1.00,0.00,-1.00,-1.00,0.00,2.51E-1,1.024E+5,0.00E+0,1.33E-2,-1.00,0.00E+0,1.33E-2,0x0004,0x0000,0x007F,0x0214,0x0000,0x0001,0x0000,0x0000,0x0000,0x0000,0x0000,0x0004,0x0000,0x0000,0x0000,0x0000,0x0000,0x0000,288
12:00:34 PM,6,0.00,0,0.00,-1.67,0.00,0.00,100.00,-1.00,-1.00,-1.00,0,1,1,100,0,-1,0.18,0.00,0.18,160,160,0,0.00,0.00,0.00,0.00,0.00,0.00,-1.00,-1.00,0.00,-1.00,-1.00,0.00,-1.00,-1.00,0.00,2.46E-1,1.024E+5,0.00E+0,1.33E-2,-1.00,0.00E+0,1.33E-2,0x0004,0x0000,0x007F,0x0214,0x0000,0x0001,0x0000,0x0000,0x0000,0x0000,0x0000,0x0004,0x0000,0x0000,0x0000,0x0000,0x0000,0x0000,289
12:00:39 PM,6,0.00,0,0.00,-1.67,0.00,0.00,100.00,-1.00,-1.00,-1.00,0,1,1,100,0,-1,0.18,0.00,0.18,160,160,0,0.00,0.00,0.00,0.00,0.00,0.00,-1.00,-1.00,0.00,-1.00,-1.00,0.00,-1.00,-1.00,0.00,2.46E-1,1.024E+5,0.00E+0,1.33E-2,-1.00,0.00E+0,1.33E-2,0x0004,0x0000,0x007F,0x0214,0x0000,0x0001,0x0000,0x0000,0x0000,0x0000,0x0000,0x0004,0x0000,0x0000,0x0000,0x0000,0x0000,0x0000,290
12:00:44 PM,6,0.00,0,0.00,-1.67,0.00,0.00,100.00,-1.00,-1.00,-1.00,0,1,1,100,0,-1,0.18,0.00,0.18,160,160,0,0.00,0.00,0.00,0.00,0.00,0.00,-1.00,-1.00,0.00,-1.00,-1.00,0.00,-1.00,-1.00,0.00,2.46E-1,1.024E+5,0.00E+0,1.33E-2,-1.00,0.00E+0,1.33E-2,0x0004,0x0000,0x007F,0x0214,0x0000,0x0001,0x0000,0x0000,0x0000,0x0000,0x0000,0x0004,0x0000,0x0000,0x0000,0x0000,0x0000,0x0000,291
12:00:49 PM,6,0.00,0,0.00,-1.67,0.00,0.00,100.00,-1.00,-1.00,-1.00,0,1,1,100,0,-1,0.18,0.00,0.18,160,160,0,0.00,0.00,0.00,0.00,0.00,0.00,-1.00,-1.00,0.00,-1.00,-1.00,0.00,-1.00,-1.00,0.00,2.42E-1,1.024E+5,0.00E+0,1.33E-2,-1.00,0.00E+0,1.33E-2,0x0004,0x0000,0x007F,0x0214,0x0000,0x0001,0x0000,0x0000,0x0000,0x0000,0x0000,0x0004,0x0000,0x0000,0x0000,0x0000,0x0000,0x0000,292
12:00:54 PM,6,0.00,0,0.00,-1.67,0.00,0.00,100.00,-1.00,-1.00,-1.00,0,1,1,100,0,-1,0.18,0.00,0.18,160,160,0,0.00,0.00,0.00,0.00,0.00,0.00,-1.00,-1.00,0.00,-1.00,-1.00,0.00,-1.00,-1.00,0.00,2.46E-1,1.024E+5,0.00E+0,1.33E-2,-1.00,0.00E+0,1.33E-2,0x0004,0x0000,0x007F,0x0214,0x0000,0x0001,0x0000,0x0000,0x0000,0x0000,0x0000,0x0004,0x0000,0x0000,0x0000,0x0000,0x0000,0x0000,293
12:00:59 PM,6,0.00,0,0.00,-1.67,0.00,0.00,100.00,-1.00,-1.00,-1.00,0,1,1,100,0,-1,0.18,0.00,0.18,160,160,0,0.00,0.00,0.00,0.00,0.00,0.00,-1.00,-1.00,0.00,-1.00,-1.00,0.00,-1.00,-1.00,0.00,2.44E-1,1.024E+5,0.00E+0,1.33E-2,-1.00,0.00E+0,1.33E-2,0x0004,0x0000,0x007F,0x0214,0x0000,0x0001,0x0000,0x0000,0x0000,0x0000,0x0000,0x0004,0x0000,0x0000,0x0000,0x0000,0x0000,0x0000,294
12:01:04 PM,6,0.00,0,0.00,-1.67,0.00,0.00,100.00,-1.00,-1.00,-1.00,0,1,1,100,0,-1,0.18,0.00,0.18,160,160,0,0.00,0.00,0.00,0.00,0.00,0.00,-1.00,-1.00,0.00,-1.00,-1.00,0.00,-1.00,-1.00,0.00,2.46E-1,1.024E+5,0.00E+0,1.33E-2,-1.00,0.00E+0,1.33E-2,0x0004,0x0000,0x007F,0x0214,0x0000,0x0001,0x0000,0x0000,0x0000,0x0000,0x0000,0x0004,0x0000,0x0000,0x0000,0x0000,0x0000,0x0000,295
11:58:05 AM,6,0.00,0,0.00,-1.67,0.00,0.00,100.00,-1.00,-1.00,-1.00,0,1,1,100,0,-1,0.18,0.00,0.18,160,160,0,0.00,0.00,0.00,0.00,0.00,0.00,-1.00,-1.00,0.00,-1.00,-1.00,0.00,-1.00,-1.00,0.00,2.44E-1,1.024E+5,0.00E+0,1.33E-2,-1.00,0.00E+0,1.33E-2,0x0004,0x0000,0x007F,0x0214,0x0000,0x0001,0x0000,0x0000,0x0000,0x0000,0x0000,0x0004,0x0000,0x0000,0x0000,0x0000,0x0000,0x0000,296
11:58:10 AM,6,0.00,0,0.00,-1.67,0.00,0.00,100.00,-1.00,-1.00,-1.00,0,1,1,100,0,-1,0.18,0.00,0.18,160,160,0,0.00,0.00,0.00,0.00,0.00,0.00,-1.00,-1.00,0.00,-1.00,-1.00,0.00,-1.00,-1.00,0.00,2.42E-1,1.024E+5,0.00E+0,1.33E-2,-1.00,0.00E+0,1.33E-2,0x0004,0x0000,0x007F,0x0214,0x0000,0x0001,0x0000,0x0000,0x0000,0x0000,0x0000,0x0004,0x0000,0x0000,0x0000,0x0000,0x0000,0x0000,297
11:58:15 AM,6,0.00,0,0.00,-1.67,0.00,0.00,100.00,-1.00,-1.00,-1.00,0,1,1,100,0,-1,0.18,0.00,0.18,160,160,0,0.00,0.00,0.00,0.00,0.00,0.00,-1.00,-1.00,0.00,-1.00,-1.00,0.00,-1.00,-1.00,0.00,2.42E-1,1.024E+5,0.00E+0,1.33E-2,-1.00,0.00E+0,1.33E-2,0x0004,0x0000,0x007F,0x0214,0x0000,0x0001,0x0000,0x0000,0x0000,0x0000,0x0000,0x0004,0x0000,0x0000,0x0000,0x0000,0x0000,0x0000,298
11:58:20 AM,6,0.00,0,0.00,-1.67,0.00,0.00,100.00,-1.00,-1.00,-1.00,0,1,1,100,0,-1,0.18,0.00,0.18,160,160,0,0.00,0.00,0.00,0.00,0.00,0.00,-1.00,-1.00,0.00,-1.00,-1.00,0.00,-1.00,-1.00,0.00,2.46E-1,1.024E+5,0.00E+0,1.33E-2,-1.00,0.00E+0,1.33E-2,0x0004,0x0000,0x007F,0x0214,0x0000,0x0001,0x0000,0x0000,0x0000,0x0000,0x0000,0x0004,0x0000,0x0000,0x0000,0x0000,0x0000,0x0000,299
11:58:25 AM,6,0.00,0,0.00,-1.67,0.00,0.00,100.00,-1.00,-1.00,-1.00,0,1,1,100,0,-1,0.18,0.00,0.18,160,160,0,0.00,0.00,0.00,0.00,0.00,0.00,-1.00,-1.00,0.00,-1.00,-1.00,0.00,-1.00,-1.00,0.00,2.46E-1,1.024E+5,0.00E+0,1.33E-2,-1.00,0.00E+0,1.33E-2,0x0004,0x0000,0x007F,0x0214,0x0000,0x0001,0x0000,0x0000,0x0000,0x0000,0x0000,0x0004,0x0000,0x0000,0x0000,0x0000,0x0000,0x0000,300
11:58:30 AM,6,0.00,0,0.00,-1.67,0.00,0.00,100.00,-1.00,-1.00,-1.00,0,1,1,100,0,-1,0.18,0.00,0.18,160,160,0,0.00,0.00,0.00,0.00,0.00,0.00,-1.00,-1.00,0.00,-1.00,-1.00,0.00,-1.00,-1.00,0.00,2.46E-1,1.024E+5,0.00E+0,1.33E-2,-1.00,0.00E+0,1.33E-2,0x0004,0x0000,0x007F,0x0214,0x0000,0x0001,0x0000,0x0000,0x0000,0x0000,0x0000,0x0004,0x0000,0x0000,0x0000,0x0000,0x0000,0x0000,301
11:58:35 AM,6,0.00,0,0.00,-1.67,0.00,0.00,100.00,-1.00,-1.00,-1.00,0,1,1,100,0,-1,0.18,0.00,0.18,160,160,0,0.00,0.00,0.00,0.00,0.00,0.00,-1.00,-1.00,0.00,-1.00,-1.00,0.00,-1.00,-1.00,0.00,2.44E-1,1.024E+5,0.00E+0,1.33E-2,-1.00,0.00E+0,1.33E-2,0x0004,0x0000,0x007F,0x0214,0x0000,0x0001,0x0000,0x0000,0x0000,0x0000,0x0000,0x0004,0x0000,0x0000,0x0000,0x0000,0x0000,0x0000,302
11:58:40 AM,6,0.00,0,0.00,-1.67,0.00,0.00,100.00,-1.00,-1.00,-1.00,0,1,1,100,0,-1,0.18,0.00,0.18,160,160,0,0.00,0.00,0.00,0.00,0.00,0.00,-1.00,-1.00,0.00,-1.00,-1.00,0.00,-1.00,-1.00,0.00,2.42E-1,1.024E+5,0.00E+0,1.33E-2,-1.00,0.00E+0,1.33E-2,0x0004,0x0000,0x007F,0x0214,0x0000,0x0001,0x0000,0x0000,0x0000,0x0000,0x0000,0x0004,0x0000,0x0000,0x0000,0x0000,0x0000,0x0000,303
11:58:45 AM,6,0.00,0,0.00,-1.67,0.00,0.00,100.00,-1.00,-1.00,-1.00,0,1,1,100,0,-1,0.18,0.00,0.18,160,160,0,0.00,0.00,0.00,0.00,0.00,0.00,-1.00,-1.00,0.00,-1.00,-1.00,0.00,-1.00,-1.00,0.00,2.40E-1,1.024E+5,0.00E+0,1.33E-2,-1.00,0.00E+0,1.33E-2,0x0004,0x0000,0x007F,0x0214,0x0000,0x0001,0x0000,0x0000,0x0000,0x0000,0x0000,0x0004,0x0000,0x0000,0x0000,0x0000,0x0000,0x0000,304
11:58:50 AM,6,0.00,0,0.00,-1.67,0.00,0.00,100.00,-1.00,-1.00,-1.00,0,1,1,100,0,-1,0.18,0.00,0.18,160,160,0,0.00,0.00,0.00,0.00,0.00,0.00,-1.00,-1.00,0.00,-1.00,-1.00,0.00,-1.00,-1.00,0.00,2.42E-1,1.024E+5,0.00E+0,1.33E-2,-1.00,0.00E+0,1.33E-2,0x0004,0x0000,0x007F,0x0214,0x0000,0x0001,0x0000,0x0000,0x0000,0x0000,0x0000,0x0004,0x0000,0x0000,0x0000,0x0000,0x0000,0x0000,305
11:58:55 AM,6,0.00,0,0.00,-1.67,0.00,0.00,100.00,-1.00,-1.00,-1.00,0,1,1,100,0,-1,0.18,0.00,0.18,160,160,0,0.00,0.00,0.00,0.00,0.00,0.00,-1.00,-1.00,0.00,-1.00,-1.00,0.00,-1.00,-1.00,0.00,2.44E-1,1.024E+5,0.00E+0,1.33E-2,-1.00,0.00E+0,1.33E-2,0x0004,0x0000,0x007F,0x0214,0x0000,0x0001,0x0000,0x0000,0x0000,0x0000,0x0000,0x0004,0x0000,0x0000,0x0000,0x0000,0x0000,0x0000,306
11:59:00 AM,6,0.00,0,0.00,-1.67,0.00,0.00,100.00,-1.00,-1.00,-1.00,0,1,1,100,0,-1,0.18,0.00,0.18,160,160,0,0.00,0.00,0.00,0.00,0.00,0.00,-1.00,-1.00,0.00,-1.00,-1.00,0.00,-1.00,-1.00,0.00,2.37E-1,1.024E+5,0.00E+0,1.33E-2,-1.00,0.00E+0,1.33E-2,0x0004,0x0000,0x007F,0x0214,0x0000,0x0001,0x0000,0x0000,0x0000,0x0000,0x0000,0x0004,0x0000,0x0000,0x0000,0x0000,0x0000,0x0000,307
11:59:05 AM,6,0.00,0,0.00,-1.67,0.00,0.00,100.00,-1.00,-1.00,-1.00,0,1,1,100,0,-1,0.18,0.00,0.18,160,160,0,0.00,0.00,0.00,0.00,0.00,0.00,-1.00,-1.00,0.00,-1.00,-1.00,0.00,-1.00,-1.00,0.00,2.44E-1,1.024E+5,0.00E+0,1.33E-2,-1.00,0.00E+0,1.33E-2,0x0004,0x0000,0x007F,0x0214,0x0000,0x0001,0x0000,0x0000,0x0000,0x0000,0x0000,0x0004,0x0000,0x0000,0x0000,0x0000,0x0000,0x0000,308
11:59:10 AM,6,0.00,0,0.00,-1.67,0.00,0.00,100.00,-1.00,-1.00,-1.00,0,1,1,100,0,-1,0.18,0.00,0.18,160,160,0,0.00,0.00,0.00,0.00,0.00,0.00,-1.00,-1.00,0.00,-1.00,-1.00,0.00,-1.00,-1.00,0.00,2.46E-1,1.024E+5,0.00E+0,1.33E-2,-1.00,0.00E+0,1.33E-2,0x0004,0x0000,0x007F,0x0214,0x0000,0x0001,0x0000,0x0000,0x0000,0x0000,0x0000,0x0004,0x0000,0x0000,0x0000,0x0000,0x0000,0x0000,309
11:59:15 AM,6,0.00,0,0.00,-1.67,0.00,0.00,100.00,-1.00,-1.00,-1.00,0,1,1,100,0,-1,0.18,0.00,0.18,160,160,0,0.00,0.00,0.00,0.00,0.00,0.00,-1.00,-1.00,0.00,-1.00,-1.00,0.00,-1.00,-1.00,0.00,2.46E-1,1.024E+5,0.00E+0,1.33E-2,-1.00,0.00E+0,1.33E-2,0x0004,0x0000,0x007F,0x0214,0x0000,0x0001,0x0000,0x0000,0x0000,0x0000,0x0000,0x0004,0x0000,0x0000,0x0000,0x0000,0x0000,0x0000,310
11:59:20 AM,6,0.00,0,0.00,-1.67,0.00,0.00,100.00,-1.00,-1.00,-1.00,0,1,1,100,0,-1,0.18,0.00,0.18,160,160,0,0.00,0.00,0.00,0.00,0.00,0.00,-1.00,-1.00,0.00,-1.00,-1.00,0.00,-1.00,-1.00,0.00,2.46E-1,1.024E+5,0.00E+0,1.33E-2,-1.00,0.00E+0,1.33E-2,0x0004,0x0000,0x007F,0x0214,0x0000,0x0001,0x0000,0x0000,0x0000,0x0000,0x0000,0x0004,0x0000,0x0000,0x0000,0x0000,0x0000,0x0000,311
11:59:25 AM,6,0.00,0,0.00,-1.67,0.00,0.00,100.00,-1.00,-1.00,-1.00,0,1,1,100,0,-1,0.18,0.00,0.18,160,160,0,0.00,0.00,0.00,0.00,0.00,0.00,-1.00,-1.00,0.00,-1.00,-1.00,0.00,-1.00,-1.00,0.00,2.42E-1,1.024E+5,0.00E+0,1.33E-2,-1.00,0.00E+0,1.33E-2,0x0004,0x0000,0x007F,0x0214,0x0000,0x0001,0x0000,0x0000,0x0000,0x0000,0x0000,0x0004,0x0000,0x0000,0x0000,0x0000,0x0000,0x0000,312
11:59:30 AM,6,0.00,0,0.00,-1.67,0.00,0.00,100.00,-1.00,-1.00,-1.00,0,1,1,100,0,-1,0.18,0.00,0.18,160,160,0,0.00,0.00,0.00,0.00,0.00,0.00,-1.00,-1.00,0.00,-1.00,-1.00,0.00,-1.00,-1.00,0.00,2.42E-1,1.024E+5,0.00E+0,1.33E-2,-1.00,0.00E+0,1.33E-2,0x0004,0x0000,0x007F,0x0214,0x0000,0x0001,0x0000,0x0000,0x0000,0x0000,0x0000,0x0004,0x0000,0x0000,0x0000,0x0000,0x0000,0x0000,313
11:59:35 AM,6,0.00,0,0.00,-1.67,0.00,0.00,100.00,-1.00,-1.00,-1.00,0,1,1,100,0,-1,0.18,0.00,0.18,160,160,0,0.00,0.00,0.00,0.00,0.00,0.00,-1.00,-1.00,0.00,-1.00,-1.00,0.00,-1.00,-1.00,0.00,2.42E-1,1.024E+5,0.00E+0,1.33E-2,-1.00,0.00E+0,1.33E-2,0x0004,0x0000,0x007F,0x0214,0x0000,0x0001,0x0000,0x0000,0x0000,0x0000,0x0000,0x0004,0x0000,0x0000,0x0000,0x0000,0x0000,0x0000,314
11:59:39 AM,6,0.00,0,0.00,-1.67,0.00,0.00,100.00,-1.00,-1.00,-1.00,0,1,1,100,0,-1,0.18,0.00,0.18,160,160,0,0.00,0.00,0.00,0.00,0.00,0.00,-1.00,-1.00,0.00,-1.00,-1.00,0.00,-1.00,-1.00,0.00,2.46E-1,1.024E+5,0.00E+0,1.33E-2,-1.00,0.00E+0,1.33E-2,0x0004,0x0000,0x007F,0x0214,0x0000,0x0001,0x0000,0x0000,0x0000,0x0000,0x0000,0x0004,0x0000,0x0000,0x0000,0x0000,0x0000,0x0000,315
11:59:44 AM,6,0.00,0,0.00,-1.67,0.00,0.00,100.00,-1.00,-1.00,-1.00,0,1,1,100,0,-1,0.18,0.00,0.18,160,160,0,0.00,0.00,0.00,0.00,0.00,0.00,-1.00,-1.00,0.00,-1.00,-1.00,0.00,-1.00,-1.00,0.00,2.46E-1,1.024E+5,0.00E+0,1.33E-2,-1.00,0.00E+0,1.33E-2,0x0004,0x0000,0x007F,0x0214,0x0000,0x0001,0x0000,0x0000,0x0000,0x0000,0x0000,0x0004,0x0000,0x0000,0x0000,0x0000,0x0000,0x0000,316
11:59:49 AM,6,0.00,0,0.00,-1.67,0.00,0.00,100.00,-1.00,-1.00,-1.00,0,1,1,100,0,-1,0.18,0.00,0.18,160,160,0,0.00,0.00,0.00,0.00,0.00,0.00,-1.00,-1.00,0.00,-1.00,-1.00,0.00,-1.00,-1.00,0.00,2.42E-1,1.024E+5,0.00E+0,1.33E-2,-1.00,0.00E+0,1.33E-2,0x0004,0x0000,0x007F,0x0214,0x0000,0x0001,0x0000,0x0000,0x0000,0x0000,0x0000,0x0004,0x0000,0x0000,0x0000,0x0000,0x0000,0x0000,317
11:59:54 AM,6,0.00,0,0.00,-1.67,0.00,0.00,100.00,-1.00,-1.00,-1.00,0,1,1,100,0,-1,0.18,0.00,0.18,160,160,0,0.00,0.00,0.00,0.00,0.00,0.00,-1.00,-1.00,0.00,-1.00,-1.00,0.00,-1.00,-1.00,0.00,2.42E-1,1.024E+5,0.00E+0,1.33E-2,-1.00,0.00E+0,1.33E-2,0x0004,0x0000,0x007F,0x0214,0x0000,0x0001,0x0000,0x0000,0x0000,0x0000,0x0000,0x0004,0x0000,0x0000,0x0000,0x0000,0x0000,0x0000,318
11:59:59 AM,6,0.00,0,0.00,-1.67,0.00,0.00,100.00,-1.00,-1.00,-1.00,0,1,1,100,0,-1,0.18,0.00,0.18,160,160,0,0.00,0.00,0.00,0.00,0.00,0.00,-1.00,-1.00,0.00,-1.00,-1.00,0.00,-1.00,-1.00,0.00,2.48E-1,1.024E+5,0.00E+0,1.33E-2,-1.00,0.00E+0,1.33E-2,0x0004,0x0000,0x007F,0x0214,0x0000,0x0001,0x0000,0x0000,0x0000,0x0000,0x0000,0x0004,0x0000,0x0000,0x0000,0x0000,0x0000,0x0000,319
12:00:04 PM,6,0.00,0,0.00,-1.67,0.00,0.00,100.00,-1.00,-1.00,-1.00,0,1,1,100,0,-1,0.18,0.00,0.18,160,160,0,0.00,0.00,0.00,0.00,0.00,0.00,-1.00,-1.00,0.00,-1.00,-1.00,0.00,-1.00,-1.00,0.00,2.42E-1,1.024E+5,0.00E+0,1.33E-2,-1.00,0.00E+0,1.33E-2,0x0004,0x0000,0x007F,0x0214,0x0000,0x0001,0x0000,0x0000,0x0000,0x0000,0x0000,0x0004,0x0000,0x0000,0x0000,0x0000,0x0000,0x0000,320
12:00:09 PM,6,0.00,0,0.00,-1.67,0.00,0.00,100.00,-1.00,-1.00,-1.00,0,1,1,100,0,-1,0.18,0.00,0.18,160,160,0,0.00,0.00,0.00,0.00,0.00,0.00,-1.00,-1.00,0.00,-1.00,-1.00,0.00,-1.00,-1.00,0.00,2.46E-1,1.024E+5,0.00E+0,1.33E-2,-1.00,0.00E+0,1.33E-2,0x0004,0x0000,0x007F,0x0214,0x0000,0x0001,0x0000,0x0000,0x0000,0x0000,0x0000,0x0004,0x0000,0x0000,0x0000,0x0000,0x0000,0x0000,321
12:00:14 PM,6,0.00,0,0.00,-1.67,0.00,0.00,100.00,-1.00,-1.00,-1.00,0,1,1,100,0,-1,0.18,0.00,0.18,160,160,0,0.00,0.00,0.00,0.00,0.00,0.00,-1.00,-1.00,0.00,-1.00,-1.00,0.00,-1.00,-1.00,0.00,2.42E-1,1.024E+5,0.00E+0,1.33E-2,-1.00,0.00E+0,1.33E-2,0x0004,0x0000,0x007F,0x0214,0x0000,0x0001,0x0000,0x0000,0x0000,0x0000,0x0000,0x0004,0x0000,0x0000,0x0000,0x0000,0x0000,0x0000,322
12:00:19 PM,6,0.00,0,0.00,-1.67,0.00,0.00,100.00,-1.00,-1.00,-1.00,0,1,1,100,0,-1,0.18,0.00,0.18,160,160,0,0.00,0.00,0.00,0.00,0.00,0.00,-1.00,-1.00,0.00,-1.00,-1.00,0.00,-1.00,-1.00,0.00,2.44E-1,1.024E+5,0.00E+0,1.33E-2,-1.00,0.00E+0,1.33E-2,0x0004,0x0000,0x007F,0x0214,0x0000,0x0001,0x0000,0x0000,0x0000,0x0000,0x0000,0x0004,0x0000,0x0000,0x0000,0x0000,0x0000,0x0000,323
12:00:24 PM,6,0.00,0,0.00,-1.67,0.00,0.00,100.00,-1.00,-1.00,-1.00,0,1,1,100,0,-1,0.18,0.00,0.18,160,160,0,0.00,0.00,0.00,0.00,0.00,0.00,-1.00,-1.00,0.00,-1.00,-1.00,0.00,-1.00,-1.00,0.00,2.46E-1,1.024E+5,0.00E+0,1.33E-2,-1.00,0.00E+0,1.33E-2,0x0004,0x0000,0x007F,0x0214,0x0000,0x0001,0x0000,0x0000,0x0000,0x0000,0x0000,0x0004,0x0000,0x0000,0x0000,0x0000,0x0000,0x0000,324
12:00:29 PM,6,0.00,0,0.00,-1.67,0.00,0.00,100.00,-1.00,-1.00,-1.00,0,1,1,100,0,-1,0.18,0.00,0.18,160,160,0,0.00,0.00,0.00,0.00,0.00,0.00,-1.00,-1.00,0.00,-1.00,-1.00,0.00,-1.00,-1.00,0.00,2.51E-1,1.024E+5,0.00E+0,1.33E-2,-1.00,0.00E+0,1.33E-2,0x0004,0x0000,0x007F,0x0214,0x0000,0x0001,0x0000,0x0000,0x0000,0x0000,0x0000,0x0004,0x0000,0x0000,0x0000,0x0000,0x0000,0x0000,325
12:00:34 PM,6,0.00,0,0.00,-1.67,0.00,0.00,100.00,-1.00,-1.00,-1.00,0,1,1,100,0,-1,0.18,0.00,0.18,160,160,0,0.00,0.00,0.00,0.00,0.00,0.00,-1.00,-1.00,0.00,-1.00,-1.00,0.00,-1.00,-1.00,0.00,2.46E-1,1.024E+5,0.00E+0,1.33E-2,-1.00,0.00E+0,1.33E-2,0x0004,0x0000,0x007F,0x0214,0x0000,0x0001,0x0000,0x0000,0x0000,0x0000,0x0000,0x0004,0x0000,0x0000,0x0000,0x0000,0x0000,0x0000,326
12:00:39 PM,6,0.00,0,0.00,-1.67,0.00,0.00,100.00,-1.00,-1.00,-1.00,0,1,1,100,0,-1,0.18,0.00,0.18,160,160,0,0.00,0.00,0.00,0.00,0.00,0.00,-1.00,-1.00,0.00,-1.00,-1.00,0.00,-1.00,-1.00,0.00,2.46E-1,1.024E+5,0.00E+0,1.33E-2,-1.00,0.00E+0,1.33E-2,0x0004,0x0000,0x007F,0x0214,0x0000,0x0001,0x0000,0x0000,0x0000,0x0000,0x0000,0x0004,0x0000,0x0000,0x0000,0x0000,0x0000,0x0000,327
12:00:44 PM,6,0.00,0,0.00,-1.67,0.00,0.00,100.00,-1.00,-1.00,-1.00,0,1,1,100,0,-1,0.18,0.00,0.18,160,160,0,0.00,0.00,0.00,0.00,0.00,0.00,-1.00,-1.00,0.00,-1.00,-1.00,0.00,-1.00,-1.00,0.00,2.46E-1,1.024E+5,0.00E+0,1.33E-2,-1.00,0.00E+0,1.33E-2,0x0004,0x0000,0x007F,0x0214,0x0000,0x0001,0x0000,0x0000,0x0000,0x0000,0x0000,0x0004,0x0000,0x0000,0x0000,0x0000,0x0000,0x0000,328
12:00:49 PM,6,0.00,0,0.00,-1.67,0.00,0.00,100.00,-1.00,-1.00,-1.00,0,1,1,100,0,-1,0.18,0.00,0.18,160,160,0,0.00,0.00,0.00,0.00,0.00,0.00,-1.00,-1.00,0.00,-1.00,-1.00,0.00,-1.00,-1.00,0.00,2.42E-1,1.024E+5,0.00E+0,1.33E-2,-1.00,0.00E+0,1.33E-2,0x0004,0x0000,0x007F,0x0214,0x0000,0x0001,0x0000,0x0000,0x0000,0x0000,0x0000,0x0004,0x0000,0x0000,0x0000,0x0000,0x0000,0x0000,329
12:00:54 PM,6,0.00,0,0.00,-1.67,0.00,0.00,100.00,-1.00,-1.00,-1.00,0,1,1,100,0,-1,0.18,0.00,0.18,160,160,0,0.00,0.00,0.00,0.00,0.00,0.00,-1.00,-1.00,0.00,-1.00,-1.00,0.00,-1.00,-1.00,0.00,2.46E-1,1.024E+5,0.00E+0,1.33E-2,-1.00,0.00E+0,1.33E-2,0x0004,0x0000,0x007F,0x0214,0x0000,0x0001,0x0000,0x0000,0x0000,0x0000,0x0000,0x0004,0x0000,0x0000,0x0000,0x0000,0x0000,0x0000,330
12:00:59 PM,6,0.00,0,0.00,-1.67,0.00,0.00,100.00,-1.00,-1.00,-1.00,0,1,1,100,0,-1,0.18,0.00,0.18,160,160,0,0.00,0.00,0.00,0.00,0.00,0.00,-1.00,-1.00,0.00,-1.00,-1.00,0.00,-1.00,-1.00,0.00,2.44E-1,1.024E+5,0.00E+0,1.33E-2,-1.00,0.00E+0,1.33E-2,0x0004,0x0000,0x007F,0x0214,0x0000,0x0001,0x0000,0x0000,0x0000,0x0000,0x0000,0x0004,0x0000,0x0000,0x0000,0x0000,0x0000,0x0000,331
12:01:04 PM,6,0.00,0,0.00,-1.67,0.00,0.00,100.00,-1.00,-1.00,-1.00,0,1,1,100,0,-1,0.18,0.00,0.18,160,160,0,0.00,0.00,0.00,0.00,0.00,0.00,-1.00,-1.00,0.00,-1.00,-1.00,0.00,-1.00,-1.00,0.00,2.46E-1,1.024E+5,0.00E+0,1.33E-2,-1.00,0.00E+0,1.33E-2,0x0004,0x0000,0x007F,0x0214,0x0000,0x0001,0x0000,0x0000,0x0000,0x0000,0x0000,0x0004,0x0000,0x0000,0x0000,0x0000,0x0000,0x0000,332
11:58:05 AM,6,0.00,0,0.00,-1.67,0.00,0.00,100.00,-1.00,-1.00,-1.00,0,1,1,100,0,-1,0.18,0.00,0.18,160,160,0,0.00,0.00,0.00,0.00,0.00,0.00,-1.00,-1.00,0.00,-1.00,-1.00,0.00,-1.00,-1.00,0.00,2.44E-1,1.024E+5,0.00E+0,1.33E-2,-1.00,0.00E+0,1.33E-2,0x0004,0x0000,0x007F,0x0214,0x0000,0x0001,0x0000,0x0000,0x0000,0x0000,0x0000,0x0004,0x0000,0x0000,0x0000,0x0000,0x0000,0x0000,333
11:58:10 AM,6,0.00,0,0.00,-1.67,0.00,0.00,100.00,-1.00,-1.00,-1.00,0,1,1,100,0,-1,0.18,0.00,0.18,160,160,0,0.00,0.00,0.00,0.00,0.00,0.00,-1.00,-1.00,0.00,-1.00,-1.00,0.00,-1.00,-1.00,0.00,2.42E-1,1.024E+5,0.00E+0,1.33E-2,-1.00,0.00E+0,1.33E-2,0x0004,0x0000,0x007F,0x0214,0x0000,0x0001,0x0000,0x0000,0x0000,0x0000,0x0000,0x0004,0x0000,0x0000,0x0000,0x0000,0x0000,0x0000,334
11:58:15 AM,6,0.00,0,0.00,-1.67,0.00,0.00,100.00,-1.00,-1.00,-1.00,0,1,1,100,0,-1,0.18,0.00,0.18,160,160,0,0.00,0.00,0.00,0.00,0.00,0.00,-1.00,-1.00,0.00,-1.00,-1.00,0.00,-1.00,-1.00,0.00,2.42E-1,1.024E+5,0.00E+0,1.33E-2,-1.00,0.00E+0,1.33E-2,0x0004,0x0000,0x007F,0x0214,0x0000,0x0001,0x0000,0x0000,0x0000,0x0000,0x0000,0x0004,0x0000,0x0000,0x0000,0x0000,0x0000,0x0000,335
11:58:20 AM,6,0.00,0,0.00,-1.67,0.00,0.00,100.00,-1.00,-1.00,-1.00,0,1,1,100,0,-1,0.18,0.00,0.18,160,160,0,0.00,0.00,0.00,0.00,0.00,0.00,-1.00,-1.00,0.00,-1.00,-1.00,0.00,-1.00,-1.00,0.00,2.46E-1,1.024E+5,0.00E+0,1.33E-2,-1.00,0.00E+0,1.33E-2,0x0004,0x0000,0x007F,0x0214,0x0000,0x0001,0x0000,0x0000,0x0000,0x0000,0x0000,0x0004,0x0000,0x0000,0x0000,0x0000,0x0000,0x0000,336
11:58:25 AM,6,0.00,0,0.00,-1.67,0.00,0.00,100.00,-1.00,-1.00,-1.00,0,1,1,100,0,-1,0.18,0.00,0.18,160,160,0,0.00,0.00,0.00,0.00,0.00,0.00,-1.00,-1.00,0.00,-1.00,-1.00,0.00,-1.00,-1.00,0.00,2.46E-1,1.024E+5,0.00E+0,1.33E-2,-1.00,0.00E+0,1.33E-2,0x0004,0x0000,0x007F,0x0214,0x0000,0x0001,0x0000,0x0000,0x0000,0x0000,0x0000,0x0004,0x0000,0x0000,0x0000,0x0000,0x0000,0x0000,337
11:58:30 AM,6,0.00,0,0.00,-1.67,0.00,0.00,100.00,-1.00,-1.00,-1.00,0,1,1,100,0,-1,0.18,0.00,0.18,160,160,0,0.00,0.00,0.00,0.00,0.00,0.00,-1.00,-1.00,0.00,-1.00,-1.00,0.00,-1.00,-1.00,0.00,2.46E-1,1.024E+5,0.00E+0,1.33E-2,-1.00,0.00E+0,1.33E-2,0x0004,0x0000,0x007F,0x0214,0x0000,0x0001,0x0000,0x0000,0x0000,0x0000,0x0000,0x0004,0x0000,0x0000,0x0000,0x0000,0x0000,0x0000,338
11:58:35 AM,6,0.00,0,0.00,-1.67,0.00,0.00,100.00,-1.00,-1.00,-1.00,0,1,1,100,0,-1,0.18,0.00,0.18,160,160,0,0.00,0.00,0.00,0.00,0.00,0.00,-1.00,-1.00,0.00,-1.00,-1.00,0.00,-1.00,-1.00,0.00,2.44E-1,1.024E+5,0.00E+0,1.33E-2,-1.00,0.00E+0,1.33E-2,0x0004,0x0000,0x007F,0x0214,0x0000,0x0001,0x0000,0x0000,0x0000,0x0000,0x0000,0x0004,0x0000,0x0000,0x0000,0x0000,0x0000,0x0000,339
11:58:40 AM,6,0.00,0,0.00,-1.67,0.00,0.00,100.00,-1.00,-1.00,-1.00,0,1,1,100,0,-1,0.18,0.00,0.18,160,160,0,0.00,0.00,0.00,0.00,0.00,0.00,-1.00,-1.00,0.00,-1.00,-1.00,0.00,-1.00,-1.00,0.00,2.42E-1,1.024E+5,0.00E+0,1.33E-2,-1.00,0.00E+0,1.33E-2,0x0004,0x0000,0x007F,0x0214,0x0000,0x0001,0x0000,0x0000,0x0000,0x0000,0x0000,0x0004,0x0000,0x0000,0x0000,0x0000,0x0000,0x0000,340
11:58:45 AM,6,0.00,0,0.00,-1.67,0.00,0.00,100.00,-1.00,-1.00,-1.00,0,1,1,100,0,-1,0.18,0.00,0.18,160,160,0,0.00,0.00,0.00,0.00,0.00,0.00,-1.00,-1.00,0.00,-1.00,-1.00,0.00,-1.00,-1.00,0.00,2.40E-1,1.024E+5,0.00E+0,1.33E-2,-1.00,0.00E+0,1.33E-2,0x0004,0x0000,0x007F,0x0214,0x0000,0x0001,0x0000,0x0000,0x0000,0x0000,0x0000,0x0004,0x0000,0x0000,0x0000,0x0000,0x0000,0x0000,341
11:58:50 AM,6,0.00,0,0.00,-1.67,0.00,0.00,100.00,-1.00,-1.00,-1.00,0,1,1,100,0,-1,0.18,0.00,0.18,160,160,0,0.00,0.00,0.00,0.00,0.00,0.00,-1.00,-1.00,0.00,-1.00,-1.00,0.00,-1.00,-1.00,0.00,2.42E-1,1.024E+5,0.00E+0,1.33E-2,-1.00,0.00E+0,1.33E-2,0x0004,0x0000,0x007F,0x0214,0x0000,0x0001,0x0000,0x0000,0x0000,0x0000,0x0000,0x0004,0x0000,0x0000,0x0000,0x0000,0x0000,0x0000,342
11:58:55 AM,6,0.00,0,0.00,-1.67,0.00,0.00,100.00,-1.00,-1.00,-1.00,0,1,1,100,0,-1,0.18,0.00,0.18,160,160,0,0.00,0.00,0.00,0.00,0.00,0.00,-1.00,-1.00,0.00,-1.00,-1.00,0.00,-1.00,-1.00,0.00,2.44E-1,1.024E+5,0.00E+0,1.33E-2,-1.00,0.00E+0,1.33E-2,0x0004,0x0000,0x007F,0x0214,0x0000,0x0001,0x0000,0x0000,0x0000,0x0000,0x0000,0x0004,0x0000,0x0000,0x0000,0x0000,0x0000,0x0000,343
11:59:00 AM,6,0.00,0,0.00,-1.67,0.00,0.00,100.00,-1.00,-1.00,-1.00,0,1,1,100,0,-1,0.18,0.00,0.18,160,160,0,0.00,0.00,0.00,0.00,0.00,0.00,-1.00,-1.00,0.00,-1.00,-1.00,0.00,-1.00,-1.00,0.00,2.37E-1,1.024E+5,0.00E+0,1.33E-2,-1.00,0.00E+0,1.33E-2,0x0004,0x0000,0x007F,0x0214,0x0000,0x0001,0x0000,0x0000,0x0000,0x0000,0x0000,0x0004,0x0000,0x0000,0x0000,0x0000,0x0000,0x0000,344
11:59:05 AM,6,0.00,0,0.00,-1.67,0.00,0.00,100.00,-1.00,-1.00,-1.00,0,1,1,100,0,-1,0.18,0.00,0.18,160,160,0,0.00,0.00,0.00,0.00,0.00,0.00,-1.00,-1.00,0.00,-1.00,-1.00,0.00,-1.00,-1.00,0.00,2.44E-1,1.024E+5,0.00E+0,1.33E-2,-1.00,0.00E+0,1.33E-2,0x0004,0x0000,0x007F,0x0214,0x0000,0x0001,0x0000,0x0000,0x0000,0x0000,0x0000,0x0004,0x0000,0x0000,0x0000,0x0000,0x0000,0x0000,345
11:59:10 AM,6,0.00,0,0.00,-1.67,0.00,0.00,100.00,-1.00,-1.00,-1.00,0,1,1,100,0,-1,0.18,0.00,0.18,160,160,0,0.00,0.00,0.00,0.00,0.00,0.00,-1.00,-1.00,0.00,-1.00,-1.00,0.00,-1.00,-1.00,0.00,2.46E-1,1.024E+5,0.00E+0,1.33E-2,-1.00,0.00E+0,1.33E-2,0x0004,0x0000,0x007F,0x0214,0x0000,0x0001,0x0000,0x0000,0x0000,0x0000,0x0000,0x0004,0x0000,0x0000,0x0000,0x0000,0x0000,0x0000,346
11:59:15 AM,6,0.00,0,0.00,-1.67,0.00,0.00,100.00,-1.00,-1.00,-1.00,0,1,1,100,0,-1,0.18,0.00,0.18,160,160,0,0.00,0.00,0.00,0.00,0.00,0.00,-1.00,-1.00,0.00,-1.00,-1.00,0.00,-1.00,-1.00,0.00,2.46E-1,1.024E+5,0.00E+0,1.33E-2,-1.00,0.00E+0,1.33E-2,0x0004,0x0000,0x007F,0x0214,0x0000,0x0001,0x0000,0x0000,0x0000,0x0000,0x0000,0x0004,0x0000,0x0000,0x0000,0x0000,0x0000,0x0000,347
11:59:20 AM,6,0.00,0,0.00,-1.67,0.00,0.00,100.00,-1.00,-1.00,-1.00,0,1,1,100,0,-1,0.18,0.00,0.18,160,160,0,0.00,0.00,0.00,0.00,0.00,0.00,-1.00,-1.00,0.00,-1.00,-1.00,0.00,-1.00,-1.00,0.00,2.46E-1,1.024E+5,0.00E+0,1.33E-2,-1.00,0.00E+0,1.33E-2,0x0004,0x0000,0x007F,0x0214,0x0000,0x0001,0x0000,0x0000,0x0000,0x0000,0x0000,0x0004,0x0000,0x0000,0x0000,0x0000,0x0000,0x0000,348
11:59:25 AM,6,0.00,0,0.00,-1.67,0.00,0.00,100.00,-1.00,-1.00,-1.00,0,1,1,100,0,-1,0.18,0.00,0.18,160,160,0,0.00,0.00,0.00,0.00,0.00,0.00,-1.00,-1.00,0.00,-1.00,-1.00,0.00,-1.00,-1.00,0.00,2.42E-1,1.024E+5,0.00E+0,1.33E-2,-1.00,0.00E+0,1.33E-2,0x0004,0x0000,0x007F,0x0214,0x0000,0x0001,0x0000,0x0000,0x0000,0x0000,0x0000,0x0004,0x0000,0x0000,0x0000,0x0000,0x0000,0x0000,349
11:59:30 AM,6,0.00,0,0.00,-1.67,0.00,0.00,100.00,-1.00,-1.00,-1.00,0,1,1,100,0,-1,0.18,0.00,0.18,160,160,0,0.00,0.00,0.00,0.00,0.00,0.00,-1.00,-1.00,0.00,-1.00,-1.00,0.00,-1.00,-1.00,0.00,2.42E-1,1.024E+5,0.00E+0,1.33E-2,-1.00,0.00E+0,1.33E-2,0x0004,0x0000,0x007F,0x0214,0x0000,0x0001,0x0000,0x0000,0x0000,0x0000,0x0000,0x0004,0x0000,0x0000,0x0000,0x0000,0x0000,0x0000,350
11:59:35 AM,6,0.00,0,0.00,-1.67,0.00,0.00,100.00,-1.00,-1.00,-1.00,0,1,1,100,0,-1,0.18,0.00,0.18,160,160,0,0.00,0.00,0.00,0.00,0.00,0.00,-1.00,-1.00,0.00,-1.00,-1.00,0.00,-1.00,-1.00,0.00,2.42E-1,1.024E+5,0.00E+0,1.33E-2,-1.00,0.00E+0,1.33E-2,0x0004,0x0000,0x007F,0x0214,0x0000,0x0001,0x0000,0x0000,0x0000,0x0000,0x0000,0x0004,0x0000,0x0000,0x0000,0x0000,0x0000,0x0000,351
11:59:39 AM,6,0.00,0,0.00,-1.67,0.00,0.00,100.00,-1.00,-1.00,-1.00,0,1,1,100,0,-1,0.18,0.00,0.18,160,160,0,0.00,0.00,0.00,0.00,0.00,0.00,-1.00,-1.00,0.00,-1.00,-1.00,0.00,-1.00,-1.00,0.00,2.46E-1,1.024E+5,0.00E+0,1.33E-2,-1.00,0.00E+0,1.33E-2,0x0004,0x0000,0x007F,0x0214,0x0000,0x0001,0x0000,0x0000,0x0000,0x0000,0x0000,0x0004,0x0000,0x0000,0x0000,0x0000,0x0000,0x0000,352
11:59:44 AM,6,0.00,0,0.00,-1.67,0.00,0.00,100.00,-1.00,-1.00,-1.00,0,1,1,100,0,-1,0.18,0.00,0.18,160,160,0,0.00,0.00,0.00,0.00,0.00,0.00,-1.00,-1.00,0.00,-1.00,-1.00,0.00,-1.00,-1.00,0.00,2.46E-1,1.024E+5,0.00E+0,1.33E-2,-1.00,0.00E+0,1.33E-2,0x0004,0x0000,0x007F,0x0214,0x0000,0x0001,0x0000,0x0000,0x0000,0x0000,0x0000,0x0004,0x0000,0x0000,0x0000,0x0000,0x0000,0x0000,353
11:59:49 AM,6,0.00,0,0.00,-1.67,0.00,0.00,100.00,-1.00,-1.00,-1.00,0,1,1,100,0,-1,0.18,0.00,0.18,160,160,0,0.00,0.00,0.00,0.00,0.00,0.00,-1.00,-1.00,0.00,-1.00,-1.00,0.00,-1.00,-1.00,0.00,2.42E-1,1.024E+5,0.00E+0,1.33E-2,-1.00,0.00E+0,1.33E-2,0x0004,0x0000,0x007F,0x0214,0x0000,0x0001,0x0000,0x0000,0x0000,0x0000,0x0000,0x0004,0x0000,0x0000,0x0000,0x0000,0x0000,0x0000,354
11:59:54 AM,6,0.00,0,0.00,-1.67,0.00,0.00,100.00,-1.00,-1.00,-1.00,0,1,1,100,0,-1,0.18,0.00,0.18,160,160,0,0.00,0.00,0.00,0.00,0.00,0.00,-1.00,-1.00,0.00,-1.00,-1.00,0.00,-1.00,-1.00,0.00,2.42E-1,1.024E+5,0.00E+0,1.33E-2,-1.00,0.00E+0,1.33E-2,0x0004,0x0000,0x007F,0x0214,0x0000,0x0001,0x0000,0x0000,0x0000,0x0000,0x0000,0x0004,0x0000,0x0000,0x0000,0x0000,0x0000,0x0000,355
11:59:59 AM,6,0.00,0,0.00,-1.67,0.00,0.00,100.00,-1.00,-1.00,-1.00,0,1,1,100,0,-1,0.18,0.00,0.18,160,160,0,0.00,0.00,0.00,0.00,0.00,0.00,-1.00,-1.00,0.00,-1.00,-1.00,0.00,-1.00,-1.00,0.00,2.48E-1,1.024E+5,0.00E+0,1.33E-2,-1.00,0.00E+0,1.33E-2,0x0004,0x0000,0x007F,0x0214,0x0000,0x0001,0x0000,0x0000,0x0000,0x0000,0x0000,0x0004,0x0000,0x0000,0x0000,0x0000,0x0000,0x0000,356
12:00:04 PM,6,0.00,0,0.00,-1.67,0.00,0.00,100.00,-1.00,-1.00,-1.00,0,1,1,100,0,-1,0.18,0.00,0.18,160,160,0,0.00,0.00,0.00,0.00,0.00,0.00,-1.00,-1.00,0.00,-1.00,-1.00,0.00,-1.00,-1.00,0.00,2.42E-1,1.024E+5,0.00E+0,1.33E-2,-1.00,0.00E+0,1.33E-2,0x0004,0x0000,0x007F,0x0214,0x0000,0x0001,0x0000,0x0000,0x0000,0x0000,0x0000,0x0004,0x0000,0x0000,0x0000,0x0000,0x0000,0x0000,357
12:00:09 PM,6,0.00,0,0.00,-1.67,0.00,0.00,100.00,-1.00,-1.00,-1.00,0,1,1,100,0,-1,0.18,0.00,0.18,160,160,0,0.00,0.00,0.00,0.00,0.00,0.00,-1.00,-1.00,0.00,-1.00,-1.00,0.00,-1.00,-1.00,0.00,2.46E-1,1.024E+5,0.00E+0,1.33E-2,-1.00,0.00E+0,1.33E-2,0x0004,0x0000,0x007F,0x0214,0x0000,0x0001,0x0000,0x0000,0x0000,0x0000,0x0000,0x0004,0x0000,0x0000,0x0000,0x0000,0x0000,0x0000,358
12:00:14 PM,6,0.00,0,0.00,-1.67,0.00,0.00,100.00,-1.00,-1.00,-1.00,0,1,1,100,0,-1,0.18,0.00,0.18,160,160,0,0.00,0.00,0.00,0.00,0.00,0.00,-1.00,-1.00,0.00,-1.00,-1.00,0.00,-1.00,-1.00,0.00,2.42E-1,1.024E+5,0.00E+0,1.33E-2,-1.00,0.00E+0,1.33E-2,0x0004,0x0000,0x007F,0x0214,0x0000,0x0001,0x0000,0x0000,0x0000,0x0000,0x0000,0x0004,0x0000,0x0000,0x0000,0x0000,0x0000,0x0000,359
12:00:19 PM,6,0.00,0,0.00,-1.67,0.00,0.00,100.00,-1.00,-1.00,-1.00,0,1,1,100,0,-1,0.18,0.00,0.18,160,160,0,0.00,0.00,0.00,0.00,0.00,0.00,-1.00,-1.00,0.00,-1.00,-1.00,0.00,-1.00,-1.00,0.00,2.44E-1,1.024E+5,0.00E+0,1.33E-2,-1.00,0.00E+0,1.33E-2,0x0004,0x0000,0x007F,0x0214,0x0000,0x0001,0x0000,0x0000,0x0000,0x0000,0x0000,0x0004,0x0000,0x0000,0x0000,0x0000,0x0000,0x0000,360
12:00:24 PM,6,0.00,0,0.00,-1.67,0.00,0.00,100.00,-1.00,-1.00,-1.00,0,1,1,100,0,-1,0.18,0.00,0.18,160,160,0,0.00,0.00,0.00,0.00,0.00,0.00,-1.00,-1.00,0.00,-1.00,-1.00,0.00,-1.00,-1.00,0.00,2.46E-1,1.024E+5,0.00E+0,1.33E-2,-1.00,0.00E+0,1.33E-2,0x0004,0x0000,0x007F,0x0214,0x0000,0x0001,0x0000,0x0000,0x0000,0x0000,0x0000,0x0004,0x0000,0x0000,0x0000,0x0000,0x0000,0x0000,361
12:00:29 PM,6,0.00,0,0.00,-1.67,0.00,0.00,100.00,-1.00,-1.00,-1.00,0,1,1,100,0,-1,0.18,0.00,0.18,160,160,0,0.00,0.00,0.00,0.00,0.00,0.00,-1.00,-1.00,0.00,-1.00,-1.00,0.00,-1.00,-1.00,0.00,2.51E-1,1.024E+5,0.00E+0,1.33E-2,-1.00,0.00E+0,1.33E-2,0x0004,0x0000,0x007F,0x0214,0x0000,0x0001,0x0000,0x0000,0x0000,0x0000,0x0000,0x0004,0x0000,0x0000,0x0000,0x0000,0x0000,0x0000,362
12:00:34 PM,6,0.00,0,0.00,-1.67,0.00,0.00,100.00,-1.00,-1.00,-1.00,0,1,1,100,0,-1,0.18,0.00,0.18,160,160,0,0.00,0.00,0.00,0.00,0.00,0.00,-1.00,-1.00,0.00,-1.00,-1.00,0.00,-1.00,-1.00,0.00,2.46E-1,1.024E+5,0.00E+0,1.33E-2,-1.00,0.00E+0,1.33E-2,0x0004,0x0000,0x007F,0x0214,0x0000,0x0001,0x0000,0x0000,0x0000,0x0000,0x0000,0x0004,0x0000,0x0000,0x0000,0x0000,0x0000,0x0000,363
12:00:39 PM,6,0.00,0,0.00,-1.67,0.00,0.00,100.00,-1.00,-1.00,-1.00,0,1,1,100,0,-1,0.18,0.00,0.18,160,160,0,0.00,0.00,0.00,0.00,0.00,0.00,-1.00,-1.00,0.00,-1.00,-1.00,0.00,-1.00,-1.00,0.00,2.46E-1,1.024E+5,0.00E+0,1.33E-2,-1.00,0.00E+0,1.33E-2,0x0004,0x0000,0x007F,0x0214,0x0000,0x0001,0x0000,0x0000,0x0000,0x0000,0x0000,0x0004,0x0000,0x0000,0x0000,0x0000,0x0000,0x0000,364
12:00:44 PM,6,0.00,0,0.00,-1.67,0.00,0.00,100.00,-1.00,-1.00,-1.00,0,1,1,100,0,-1,0.18,0.00,0.18,160,160,0,0.00,0.00,0.00,0.00,0.00,0.00,-1.00,-1.00,0.00,-1.00,-1.00,0.00,-1.00,-1.00,0.00,2.46E-1,1.024E+5,0.00E+0,1.33E-2,-1.00,0.00E+0,1.33E-2,0x0004,0x0000,0x007F,0x0214,0x0000,0x0001,0x0000,0x0000,0x0000,0x0000,0x0000,0x0004,0x0000,0x0000,0x0000,0x0000,0x0000,0x0000,365
12:00:49 PM,6,0.00,0,0.00,-1.67,0.00,0.00,100.00,-1.00,-1.00,-1.00,0,1,1,100,0,-1,0.18,0.00,0.18,160,160,0,0.00,0.00,0.00,0.00,0.00,0.00,-1.00,-1.00,0.00,-1.00,-1.00,0.00,-1.00,-1.00,0.00,2.42E-1,1.024E+5,0.00E+0,1.33E-2,-1.00,0.00E+0,1.33E-2,0x0004,0x0000,0x007F,0x0214,0x0000,0x0001,0x0000,0x0000,0x0000,0x0000,0x0000,0x0004,0x0000,0x0000,0x0000,0x0000,0x0000,0x0000,366
12:00:54 PM,6,0.00,0,0.00,-1.67,0.00,0.00,100.00,-1.00,-1.00,-1.00,0,1,1,100,0,-1,0.18,0.00,0.18,160,160,0,0.00,0.00,0.00,0.00,0.00,0.00,-1.00,-1.00,0.00,-1.00,-1.00,0.00,-1.00,-1.00,0.00,2.46E-1,1.024E+5,0.00E+0,1.33E-2,-1.00,0.00E+0,1.33E-2,0x0004,0x0000,0x007F,0x0214,0x0000,0x0001,0x0000,0x0000,0x0000,0x0000,0x0000,0x0004,0x0000,0x0000,0x0000,0x0000,0x0000,0x0000,367
12:00:59 PM,6,0.00,0,0.00,-1.67,0.00,0.00,100.00,-1.00,-1.00,-1.00,0,1,1,100,0,-1,0.18,0.00,0.18,160,160,0,0.00,0.00,0.00,0.00,0.00,0.00,-1.00,-1.00,0.00,-1.00,-1.00,0.00,-1.00,-1.00,0.00,2.44E-1,1.024E+5,0.00E+0,1.33E-2,-1.00,0.00E+0,1.33E-2,0x0004,0x0000,0x007F,0x0214,0x0000,0x0001,0x0000,0x0000,0x0000,0x0000,0x0000,0x0004,0x0000,0x0000,0x0000,0x0000,0x0000,0x0000,368
12:01:04 PM,6,0.00,0,0.00,-1.67,0.00,0.00,100.00,-1.00,-1.00,-1.00,0,1,1,100,0,-1,0.18,0.00,0.18,160,160,0,0.00,0.00,0.00,0.00,0.00,0.00,-1.00,-1.00,0.00,-1.00,-1.00,0.00,-1.00,-1.00,0.00,2.46E-1,1.024E+5,0.00E+0,1.33E-2,-1.00,0.00E+0,1.33E-2,0x0004,0x0000,0x007F,0x0214,0x0000,0x0001,0x0000,0x0000,0x0000,0x0000,0x0000,0x0004,0x0000,0x0000,0x0000,0x0000,0x0000,0x0000,369
11:58:05 AM,6,0.00,0,0.00,-1.67,0.00,0.00,100.00,-1.00,-1.00,-1.00,0,1,1,100,0,-1,0.18,0.00,0.18,160,160,0,0.00,0.00,0.00,0.00,0.00,0.00,-1.00,-1.00,0.00,-1.00,-1.00,0.00,-1.00,-1.00,0.00,2.44E-1,1.024E+5,0.00E+0,1.33E-2,-1.00,0.00E+0,1.33E-2,0x0004,0x0000,0x007F,0x0214,0x0000,0x0001,0x0000,0x0000,0x0000,0x0000,0x0000,0x0004,0x0000,0x0000,0x0000,0x0000,0x0000,0x0000,370
11:58:10 AM,6,0.00,0,0.00,-1.67,0.00,0.00,100.00,-1.00,-1.00,-1.00,0,1,1,100,0,-1,0.18,0.00,0.18,160,160,0,0.00,0.00,0.00,0.00,0.00,0.00,-1.00,-1.00,0.00,-1.00,-1.00,0.00,-1.00,-1.00,0.00,2.42E-1,1.024E+5,0.00E+0,1.33E-2,-1.00,0.00E+0,1.33E-2,0x0004,0x0000,0x007F,0x0214,0x0000,0x0001,0x0000,0x0000,0x0000,0x0000,0x0000,0x0004,0x0000,0x0000,0x0000,0x0000,0x0000,0x0000,371
11:58:15 AM,6,0.00,0,0.00,-1.67,0.00,0.00,100.00,-1.00,-1.00,-1.00,0,1,1,100,0,-1,0.18,0.00,0.18,160,160,0,0.00,0.00,0.00,0.00,0.00,0.00,-1.00,-1.00,0.00,-1.00,-1.00,0.00,-1.00,-1.00,0.00,2.42E-1,1.024E+5,0.00E+0,1.33E-2,-1.00,0.00E+0,1.33E-2,0x0004,0x0000,0x007F,0x0214,0x0000,0x0001,0x0000,0x0000,0x0000,0x0000,0x0000,0x0004,0x0000,0x0000,0x0000,0x0000,0x0000,0x0000,372
11:58:20 AM,6,0.00,0,0.00,-1.67,0.00,0.00,100.00,-1.00,-1.00,-1.00,0,1,1,100,0,-1,0.18,0.00,0.18,160,160,0,0.00,0.00,0.00,0.00,0.00,0.00,-1.00,-1.00,0.00,-1.00,-1.00,0.00,-1.00,-1.00,0.00,2.46E-1,1.024E+5,0.00E+0,1.33E-2,-1.00,0.00E+0,1.33E-2,0x0004,0x0000,0x007F,0x0214,0x0000,0x0001,0x0000,0x0000,0x0000,0x0000,0x0000,0x0004,0x0000,0x0000,0x0000,0x0000,0x0000,0x0000,373
11:58:25 AM,6,0.00,0,0.00,-1.67,0.00,0.00,100.00,-1.00,-1.00,-1.00,0,1,1,100,0,-1,0.18,0.00,0.18,160,160,0,0.00,0.00,0.00,0.00,0.00,0.00,-1.00,-1.00,0.00,-1.00,-1.00,0.00,-1.00,-1.00,0.00,2.46E-1,1.024E+5,0.00E+0,1.33E-2,-1.00,0.00E+0,1.33E-2,0x0004,0x0000,0x007F,0x0214,0x0000,0x0001,0x0000,0x0000,0x0000,0x0000,0x0000,0x0004,0x0000,0x0000,0x0000,0x0000,0x0000,0x0000,374
11:58:30 AM,6,0.00,0,0.00,-1.67,0.00,0.00,100.00,-1.00,-1.00,-1.00,0,1,1,100,0,-1,0.18,0.00,0.18,160,160,0,0.00,0.00,0.00,0.00,0.00,0.00,-1.00,-1.00,0.00,-1.00,-1.00,0.00,-1.00,-1.00,0.00,2.46E-1,1.024E+5,0.00E+0,1.33E-2,-1.00,0.00E+0,1.33E-2,0x0004,0x0000,0x007F,0x0214,0x0000,0x0001,0x0000,0x0000,0x0000,0x0000,0x0000,0x0004,0x0000,0x0000,0x0000,0x0000,0x0000,0x0000,375
11:58:35 AM,6,0.00,0,0.00,-1.67,0.00,0.00,100.00,-1.00,-1.00,-1.00,0,1,1,100,0,-1,0.18,0.00,0.18,160,160,0,0.00,0.00,0.00,0.00,0.00,0.00,-1.00,-1.00,0.00,-1.00,-1.00,0.00,-1.00,-1.00,0.00,2.44E-1,1.024E+5,0.00E+0,1.33E-2,-1.00,0.00E+0,1.33E-2,0x0004,0x0000,0x007F,0x0214,0x0000,0x0001,0x0000,0x0000,0x0000,0x0000,0x0000,0x0004,0x0000,0x0000,0x0000,0x0000,0x0000,0x0000,376
11:58:40 AM,6,0.00,0,0.00,-1.67,0.00,0.00,100.00,-1.00,-1.00,-1.00,0,1,1,100,0,-1,0.18,0.00,0.18,160,160,0,0.00,0.00,0.00,0.00,0.00,0.00,-1.00,-1.00,0.00,-1.00,-1.00,0.00,-1.00,-1.00,0.00,2.42E-1,1.024E+5,0.00E+0,1.33E-2,-1.00,0.00E+0,1.33E-2,0x0004,0x0000,0x007F,0x0214,0x0000,0x0001,0x0000,0x0000,0x0000,0x0000,0x0000,0x0004,0x0000,0x0000,0x0000,0x0000,0x0000,0x0000,377
11:58:45 AM,6,0.00,0,0.00,-1.67,0.00,0.00,100.00,-1.00,-1.00,-1.00,0,1,1,100,0,-1,0.18,0.00,0.18,160,160,0,0.00,0.00,0.00,0.00,0.00,0.00,-1.00,-1.00,0.00,-1.00,-1.00,0.00,-1.00,-1.00,0.00,2.40E-1,1.024E+5,0.00E+0,1.33E-2,-1.00,0.00E+0,1.33E-2,0x0004,0x0000,0x007F,0x0214,0x0000,0x0001,0x0000,0x0000,0x0000,0x0000,0x0000,0x0004,0x0000,0x0000,0x0000,0x0000,0x0000,0x0000,378
11:58:50 AM,6,0.00,0,0.00,-1.67,0.00,0.00,100.00,-1.00,-1.00,-1.00,0,1,1,100,0,-1,0.18,0.00,0.18,160,160,0,0.00,0.00,0.00,0.00,0.00,0.00,-1.00,-1.00,0.00,-1.00,-1.00,0.00,-1.00,-1.00,0.00,2.42E-1,1.024E+5,0.00E+0,1.33E-2,-1.00,0.00E+0,1.33E-2,0x0004,0x0000,0x007F,0x0214,0x0000,0x0001,0x0000,0x0000,0x0000,0x0000,0x0000,0x0004,0x0000,0x0000,0x0000,0x0000,0x0000,0x0000,379
11:58:55 AM,6,0.00,0,0.00,-1.67,0.00,0.00,100.00,-1.00,-1.00,-1.00,0,1,1,100,0,-1,0.18,0.00,0.18,160,160,0,0.00,0.00,0.00,0.00,0.00,0.00,-1.00,-1.00,0.00,-1.00,-1.00,0.00,-1.00,-1.00,0.00,2.44E-1,1.024E+5,0.00E+0,1.33E-2,-1.00,0.00E+0,1.33E-2,0x0004,0x0000,0x007F,0x0214,0x0000,0x0001,0x0000,0x0000,0x0000,0x0000,0x0000,0x0004,0x0000,0x0000,0x0000,0x0000,0x0000,0x0000,380
11:59:00 AM,6,0.00,0,0.00,-1.67,0.00,0.00,100.00,-1.00,-1.00,-1.00,0,1,1,100,0,-1,0.18,0.00,0.18,160,160,0,0.00,0.00,0.00,0.00,0.00,0.00,-1.00,-1.00,0.00,-1.00,-1.00,0.00,-1.00,-1.00,0.00,2.37E-1,1.024E+5,0.00E+0,1.33E-2,-1.00,0.00E+0,1.33E-2,0x0004,0x0000,0x007F,0x0214,0x0000,0x0001,0x0000,0x0000,0x0000,0x0000,0x0000,0x0004,0x0000,0x0000,0x0000,0x0000,0x0000,0x0000,381
11:59:05 AM,6,0.00,0,0.00,-1.67,0.00,0.00,100.00,-1.00,-1.00,-1.00,0,1,1,100,0,-1,0.18,0.00,0.18,160,160,0,0.00,0.00,0.00,0.00,0.00,0.00,-1.00,-1.00,0.00,-1.00,-1.00,0.00,-1.00,-1.00,0.00,2.44E-1,1.024E+5,0.00E+0,1.33E-2,-1.00,0.00E+0,1.33E-2,0x0004,0x0000,0x007F,0x0214,0x0000,0x0001,0x0000,0x0000,0x0000,0x0000,0x0000,0x0004,0x0000,0x0000,0x0000,0x0000,0x0000,0x0000,382
11:59:10 AM,6,0.00,0,0.00,-1.67,0.00,0.00,100.00,-1.00,-1.00,-1.00,0,1,1,100,0,-1,0.18,0.00,0.18,160,160,0,0.00,0.00,0.00,0.00,0.00,0.00,-1.00,-1.00,0.00,-1.00,-1.00,0.00,-1.00,-1.00,0.00,2.46E-1,1.024E+5,0.00E+0,1.33E-2,-1.00,0.00E+0,1.33E-2,0x0004,0x0000,0x007F,0x0214,0x0000,0x0001,0x0000,0x0000,0x0000,0x0000,0x0000,0x0004,0x0000,0x0000,0x0000,0x0000,0x0000,0x0000,383
11:59:15 AM,6,0.00,0,0.00,-1.67,0.00,0.00,100.00,-1.00,-1.00,-1.00,0,1,1,100,0,-1,0.18,0.00,0.18,160,160,0,0.00,0.00,0.00,0.00,0.00,0.00,-1.00,-1.00,0.00,-1.00,-1.00,0.00,-1.00,-1.00,0.00,2.46E-1,1.024E+5,0.00E+0,1.33E-2,-1.00,0.00E+0,1.33E-2,0x0004,0x0000,0x007F,0x0214,0x0000,0x0001,0x0000,0x0000,0x0000,0x0000,0x0000,0x0004,0x0000,0x0000,0x0000,0x0000,0x0000,0x0000,384
11:59:20 AM,6,0.00,0,0.00,-1.67,0.00,0.00,100.00,-1.00,-1.00,-1.00,0,1,1,100,0,-1,0.18,0.00,0.18,160,160,0,0.00,0.00,0.00,0.00,0.00,0.00,-1.00,-1.00,0.00,-1.00,-1.00,0.00,-1.00,-1.00,0.00,2.46E-1,1.024E+5,0.00E+0,1.33E-2,-1.00,0.00E+0,1.33E-2,0x0004,0x0000,0x007F,0x0214,0x0000,0x0001,0x0000,0x0000,0x0000,0x0000,0x0000,0x0004,0x0000,0x0000,0x0000,0x0000,0x0000,0x0000,385
11:59:25 AM,6,0.00,0,0.00,-1.67,0.00,0.00,100.00,-1.00,-1.00,-1.00,0,1,1,100,0,-1,0.18,0.00,0.18,160,160,0,0.00,0.00,0.00,0.00,0.00,0.00,-1.00,-1.00,0.00,-1.00,-1.00,0.00,-1.00,-1.00,0.00,2.42E-1,1.024E+5,0.00E+0,1.33E-2,-1.00,0.00E+0,1.33E-2,0x0004,0x0000,0x007F,0x0214,0x0000,0x0001,0x0000,0x0000,0x0000,0x0000,0x0000,0x0004,0x0000,0x0000,0x0000,0x0000,0x0000,0x0000,386
11:59:30 AM,6,0.00,0,0.00,-1.67,0.00,0.00,100.00,-1.00,-1.00,-1.00,0,1,1,100,0,-1,0.18,0.00,0.18,160,160,0,0.00,0.00,0.00,0.00,0.00,0.00,-1.00,-1.00,0.00,-1.00,-1.00,0.00,-1.00,-1.00,0.00,2.42E-1,1.024E+5,0.00E+0,1.33E-2,-1.00,0.00E+0,1.33E-2,0x0004,0x0000,0x007F,0x0214,0x0000,0x0001,0x0000,0x0000,0x0000,0x0000,0x0000,0x0004,0x0000,0x0000,0x0000,0x0000,0x0000,0x0000,387
11:59:35 AM,6,0.00,0,0.00,-1.67,0.00,0.00,100.00,-1.00,-1.00,-1.00,0,1,1,100,0,-1,0.18,0.00,0.18,160,160,0,0.00,0.00,0.00,0.00,0.00,0.00,-1.00,-1.00,0.00,-1.00,-1.00,0.00,-1.00,-1.00,0.00,2.42E-1,1.024E+5,0.00E+0,1.33E-2,-1.00,0.00E+0,1.33E-2,0x0004,0x0000,0x007F,0x0214,0x0000,0x0001,0x0000,0x0000,0x0000,0x0000,0x0000,0x0004,0x0000,0x0000,0x0000,0x0000,0x0000,0x0000,388
11:59:39 AM,6,0.00,0,0.00,-1.67,0.00,0.00,100.00,-1.00,-1.00,-1.00,0,1,1,100,0,-1,0.18,0.00,0.18,160,160,0,0.00,0.00,0.00,0.00,0.00,0.00,-1.00,-1.00,0.00,-1.00,-1.00,0.00,-1.00,-1.00,0.00,2.46E-1,1.024E+5,0.00E+0,1.33E-2,-1.00,0.00E+0,1.33E-2,0x0004,0x0000,0x007F,0x0214,0x0000,0x0001,0x0000,0x0000,0x0000,0x0000,0x0000,0x0004,0x0000,0x0000,0x0000,0x0000,0x0000,0x0000,389
11:59:44 AM,6,0.00,0,0.00,-1.67,0.00,0.00,100.00,-1.00,-1.00,-1.00,0,1,1,100,0,-1,0.18,0.00,0.18,160,160,0,0.00,0.00,0.00,0.00,0.00,0.00,-1.00,-1.00,0.00,-1.00,-1.00,0.00,-1.00,-1.00,0.00,2.46E-1,1.024E+5,0.00E+0,1.33E-2,-1.00,0.00E+0,1.33E-2,0x0004,0x0000,0x007F,0x0214,0x0000,0x0001,0x0000,0x0000,0x0000,0x0000,0x0000,0x0004,0x0000,0x0000,0x0000,0x0000,0x0000,0x0000,390
11:59:49 AM,6,0.00,0,0.00,-1.67,0.00,0.00,100.00,-1.00,-1.00,-1.00,0,1,1,100,0,-1,0.18,0.00,0.18,160,160,0,0.00,0.00,0.00,0.00,0.00,0.00,-1.00,-1.00,0.00,-1.00,-1.00,0.00,-1.00,-1.00,0.00,2.42E-1,1.024E+5,0.00E+0,1.33E-2,-1.00,0.00E+0,1.33E-2,0x0004,0x0000,0x007F,0x0214,0x0000,0x0001,0x0000,0x0000,0x0000,0x0000,0x0000,0x0004,0x0000,0x0000,0x0000,0x0000,0x0000,0x0000,391
11:59:54 AM,6,0.00,0,0.00,-1.67,0.00,0.00,100.00,-1.00,-1.00,-1.00,0,1,1,100,0,-1,0.18,0.00,0.18,160,160,0,0.00,0.00,0.00,0.00,0.00,0.00,-1.00,-1.00,0.00,-1.00,-1.00,0.00,-1.00,-1.00,0.00,2.42E-1,1.024E+5,0.00E+0,1.33E-2,-1.00,0.00E+0,1.33E-2,0x0004,0x0000,0x007F,0x0214,0x0000,0x0001,0x0000,0x0000,0x0000,0x0000,0x0000,0x0004,0x0000,0x0000,0x0000,0x0000,0x0000,0x0000,392
11:59:59 AM,6,0.00,0,0.00,-1.67,0.00,0.00,100.00,-1.00,-1.00,-1.00,0,1,1,100,0,-1,0.18,0.00,0.18,160,160,0,0.00,0.00,0.00,0.00,0.00,0.00,-1.00,-1.00,0.00,-1.00,-1.00,0.00,-1.00,-1.00,0.00,2.48E-1,1.024E+5,0.00E+0,1.33E-2,-1.00,0.00E+0,1.33E-2,0x0004,0x0000,0x007F,0x0214,0x0000,0x0001,0x0000,0x0000,0x0000,0x0000,0x0000,0x0004,0x0000,0x0000,0x0000,0x0000,0x0000,0x0000,393
12:00:04 PM,6,0.00,0,0.00,-1.67,0.00,0.00,100.00,-1.00,-1.00,-1.00,0,1,1,100,0,-1,0.18,0.00,0.18,160,160,0,0.00,0.00,0.00,0.00,0.00,0.00,-1.00,-1.00,0.00,-1.00,-1.00,0.00,-1.00,-1.00,0.00,2.42E-1,1.024E+5,0.00E+0,1.33E-2,-1.00,0.00E+0,1.33E-2,0x0004,0x0000,0x007F,0x0214,0x0000,0x0001,0x0000,0x0000,0x0000,0x0000,0x0000,0x0004,0x0000,0x0000,0x0000,0x0000,0x0000,0x0000,394
12:00:09 PM,6,0.00,0,0.00,-1.67,0.00,0.00,100.00,-1.00,-1.00,-1.00,0,1,1,100,0,-1,0.18,0.00,0.18,160,160,0,0.00,0.00,0.00,0.00,0.00,0.00,-1.00,-1.00,0.00,-1.00,-1.00,0.00,-1.00,-1.00,0.00,2.46E-1,1.024E+5,0.00E+0,1.33E-2,-1.00,0.00E+0,1.33E-2,0x0004,0x0000,0x007F,0x0214,0x0000,0x0001,0x0000,0x0000,0x0000,0x0000,0x0000,0x0004,0x0000,0x0000,0x0000,0x0000,0x0000,0x0000,395
12:00:14 PM,6,0.00,0,0.00,-1.67,0.00,0.00,100.00,-1.00,-1.00,-1.00,0,1,1,100,0,-1,0.18,0.00,0.18,160,160,0,0.00,0.00,0.00,0.00,0.00,0.00,-1.00,-1.00,0.00,-1.00,-1.00,0.00,-1.00,-1.00,0.00,2.42E-1,1.024E+5,0.00E+0,1.33E-2,-1.00,0.00E+0,1.33E-2,0x0004,0x0000,0x007F,0x0214,0x0000,0x0001,0x0000,0x0000,0x0000,0x0000,0x0000,0x0004,0x0000,0x0000,0x0000,0x0000,0x0000,0x0000,396
12:00:19 PM,6,0.00,0,0.00,-1.67,0.00,0.00,100.00,-1.00,-1.00,-1.00,0,1,1,100,0,-1,0.18,0.00,0.18,160,160,0,0.00,0.00,0.00,0.00,0.00,0.00,-1.00,-1.00,0.00,-1.00,-1.00,0.00,-1.00,-1.00,0.00,2.44E-1,1.024E+5,0.00E+0,1.33E-2,-1.00,0.00E+0,1.33E-2,0x0004,0x0000,0x007F,0x0214,0x0000,0x0001,0x0000,0x0000,0x0000,0x0000,0x0000,0x0004,0x0000,0x0000,0x0000,0x0000,0x0000,0x0000,397
12:00:24 PM,6,0.00,0,0.00,-1.67,0.00,0.00,100.00,-1.00,-1.00,-1.00,0,1,1,100,0,-1,0.18,0.00,0.18,160,160,0,0.00,0.00,0.00,0.00,0.00,0.00,-1.00,-1.00,0.00,-1.00,-1.00,0.00,-1.00,-1.00,0.00,2.46E-1,1.024E+5,0.00E+0,1.33E-2,-1.00,0.00E+0,1.33E-2,0x0004,0x0000,0x007F,0x0214,0x0000,0x0001,0x0000,0x0000,0x0000,0x0000,0x0000,0x0004,0x0000,0x0000,0x0000,0x0000,0x0000,0x0000,398
12:00:29 PM,6,0.00,0,0.00,-1.67,0.00,0.00,100.00,-1.00,-1.00,-1.00,0,1,1,100,0,-1,0.18,0.00,0.18,160,160,0,0.00,0.00,0.00,0.00,0.00,0.00,-1.00,-1.00,0.00,-1.00,-1.00,0.00,-1.00,-1.00,0.00,2.51E-1,1.024E+5,0.00E+0,1.33E-2,-1.00,0.00E+0,1.33E-2,0x0004,0x0000,0x007F,0x0214,0x0000,0x0001,0x0000,0x0000,0x0000,0x0000,0x0000,0x0004,0x0000,0x0000,0x0000,0x0000,0x0000,0x0000,399
12:00:34 PM,6,0.00,0,0.00,-1.67,0.00,0.00,100.00,-1.00,-1.00,-1.00,0,1,1,100,0,-1,0.18,0.00,0.18,160,160,0,0.00,0.00,0.00,0.00,0.00,0.00,-1.00,-1.00,0.00,-1.00,-1.00,0.00,-1.00,-1.00,0.00,2.46E-1,1.024E+5,0.00E+0,1.33E-2,-1.00,0.00E+0,1.33E-2,0x0004,0x0000,0x007F,0x0214,0x0000,0x0001,0x0000,0x0000,0x0000,0x0000,0x0000,0x0004,0x0000,0x0000,0x0000,0x0000,0x0000,0x0000,400
12:00:39 PM,6,0.00,0,0.00,-1.67,0.00,0.00,100.00,-1.00,-1.00,-1.00,0,1,1,100,0,-1,0.18,0.00,0.18,160,160,0,0.00,0.00,0.00,0.00,0.00,0.00,-1.00,-1.00,0.00,-1.00,-1.00,0.00,-1.00,-1.00,0.00,2.46E-1,1.024E+5,0.00E+0,1.33E-2,-1.00,0.00E+0,1.33E-2,0x0004,0x0000,0x007F,0x0214,0x0000,0x0001,0x0000,0x0000,0x0000,0x0000,0x0000,0x0004,0x0000,0x0000,0x0000,0x0000,0x0000,0x0000,401
12:00:44 PM,6,0.00,0,0.00,-1.67,0.00,0.00,100.00,-1.00,-1.00,-1.00,0,1,1,100,0,-1,0.18,0.00,0.18,160,160,0,0.00,0.00,0.00,0.00,0.00,0.00,-1.00,-1.00,0.00,-1.00,-1.00,0.00,-1.00,-1.00,0.00,2.46E-1,1.024E+5,0.00E+0,1.33E-2,-1.00,0.00E+0,1.33E-2,0x0004,0x0000,0x007F,0x0214,0x0000,0x0001,0x0000,0x0000,0x0000,0x0000,0x0000,0x0004,0x0000,0x0000,0x0000,0x0000,0x0000,0x0000,402
12:00:49 PM,6,0.00,0,0.00,-1.67,0.00,0.00,100.00,-1.00,-1.00,-1.00,0,1,1,100,0,-1,0.18,0.00,0.18,160,160,0,0.00,0.00,0.00,0.00,0.00,0.00,-1.00,-1.00,0.00,-1.00,-1.00,0.00,-1.00,-1.00,0.00,2.42E-1,1.024E+5,0.00E+0,1.33E-2,-1.00,0.00E+0,1.33E-2,0x0004,0x0000,0x007F,0x0214,0x0000,0x0001,0x0000,0x0000,0x0000,0x0000,0x0000,0x0004,0x0000,0x0000,0x0000,0x0000,0x0000,0x0000,403
12:00:54 PM,6,0.00,0,0.00,-1.67,0.00,0.00,100.00,-1.00,-1.00,-1.00,0,1,1,100,0,-1,0.18,0.00,0.18,160,160,0,0.00,0.00,0.00,0.00,0.00,0.00,-1.00,-1.00,0.00,-1.00,-1.00,0.00,-1.00,-1.00,0.00,2.46E-1,1.024E+5,0.00E+0,1.33E-2,-1.00,0.00E+0,1.33E-2,0x0004,0x0000,0x007F,0x0214,0x0000,0x0001,0x0000,0x0000,0x0000,0x0000,0x0000,0x0004,0x0000,0x0000,0x0000,0x0000,0x0000,0x0000,404
12:00:59 PM,6,0.00,0,0.00,-1.67,0.00,0.00,100.00,-1.00,-1.00,-1.00,0,1,1,100,0,-1,0.18,0.00,0.18,160,160,0,0.00,0.00,0.00,0.00,0.00,0.00,-1.00,-1.00,0.00,-1.00,-1.00,0.00,-1.00,-1.00,0.00,2.44E-1,1.024E+5,0.00E+0,1.33E-2,-1.00,0.00E+0,1.33E-2,0x0004,0x0000,0x007F,0x0214,0x0000,0x0001,0x0000,0x0000,0x0000,0x0000,0x0000,0x0004,0x0000,0x0000,0x0000,0x0000,0x0000,0x0000,405
12:01:04 PM,6,0.00,0,0.00,-1.67,0.00,0.00,100.00,-1.00,-1.00,-1.00,0,1,1,100,0,-1,0.18,0.00,0.18,160,160,0,0.00,0.00,0.00,0.00,0.00,0.00,-1.00,-1.00,0.00,-1.00,-1.00,0.00,-1.00,-1.00,0.00,2.46E-1,1.024E+5,0.00E+0,1.33E-2,-1.00,0.00E+0,1.33E-2,0x0004,0x0000,0x007F,0x0214,0x0000,0x0001,0x0000,0x0000,0x0000,0x0000,0x0000,0x0004,0x0000,0x0000,0x0000,0x0000,0x0000,0x0000,406
11:58:05 AM,6,0.00,0,0.00,-1.67,0.00,0.00,100.00,-1.00,-1.00,-1.00,0,1,1,100,0,-1,0.18,0.00,0.18,160,160,0,0.00,0.00,0.00,0.00,0.00,0.00,-1.00,-1.00,0.00,-1.00,-1.00,0.00,-1.00,-1.00,0.00,2.44E-1,1.024E+5,0.00E+0,1.33E-2,-1.00,0.00E+0,1.33E-2,0x0004,0x0000,0x007F,0x0214,0x0000,0x0001,0x0000,0x0000,0x0000,0x0000,0x0000,0x0004,0x0000,0x0000,0x0000,0x0000,0x0000,0x0000,407
11:58:10 AM,6,0.00,0,0.00,-1.67,0.00,0.00,100.00,-1.00,-1.00,-1.00,0,1,1,100,0,-1,0.18,0.00,0.18,160,160,0,0.00,0.00,0.00,0.00,0.00,0.00,-1.00,-1.00,0.00,-1.00,-1.00,0.00,-1.00,-1.00,0.00,2.42E-1,1.024E+5,0.00E+0,1.33E-2,-1.00,0.00E+0,1.33E-2,0x0004,0x0000,0x007F,0x0214,0x0000,0x0001,0x0000,0x0000,0x0000,0x0000,0x0000,0x0004,0x0000,0x0000,0x0000,0x0000,0x0000,0x0000,408
11:58:15 AM,6,0.00,0,0.00,-1.67,0.00,0.00,100.00,-1.00,-1.00,-1.00,0,1,1,100,0,-1,0.18,0.00,0.18,160,160,0,0.00,0.00,0.00,0.00,0.00,0.00,-1.00,-1.00,0.00,-1.00,-1.00,0.00,-1.00,-1.00,0.00,2.42E-1,1.024E+5,0.00E+0,1.33E-2,-1.00,0.00E+0,1.33E-2,0x0004,0x0000,0x007F,0x0214,0x0000,0x0001,0x0000,0x0000,0x0000,0x0000,0x0000,0x0004,0x0000,0x0000,0x0000,0x0000,0x0000,0x0000,409
11:58:20 AM,6,0.00,0,0.00,-1.67,0.00,0.00,100.00,-1.00,-1.00,-1.00,0,1,1,100,0,-1,0.18,0.00,0.18,160,160,0,0.00,0.00,0.00,0.00,0.00,0.00,-1.00,-1.00,0.00,-1.00,-1.00,0.00,-1.00,-1.00,0.00,2.46E-1,1.024E+5,0.00E+0,1.33E-2,-1.00,0.00E+0,1.33E-2,0x0004,0x0000,0x007F,0x0214,0x0000,0x0001,0x0000,0x0000,0x0000,0x0000,0x0000,0x0004,0x0000,0x0000,0x0000,0x0000,0x0000,0x0000,410
11:58:25 AM,6,0.00,0,0.00,-1.67,0.00,0.00,100.00,-1.00,-1.00,-1.00,0,1,1,100,0,-1,0.18,0.00,0.18,160,160,0,0.00,0.00,0.00,0.00,0.00,0.00,-1.00,-1.00,0.00,-1.00,-1.00,0.00,-1.00,-1.00,0.00,2.46E-1,1.024E+5,0.00E+0,1.33E-2,-1.00,0.00E+0,1.33E-2,0x0004,0x0000,0x007F,0x0214,0x0000,0x0001,0x0000,0x0000,0x0000,0x0000,0x0000,0x0004,0x0000,0x0000,0x0000,0x0000,0x0000,0x0000,411
11:58:30 AM,6,0.00,0,0.00,-1.67,0.00,0.00,100.00,-1.00,-1.00,-1.00,0,1,1,100,0,-1,0.18,0.00,0.18,160,160,0,0.00,0.00,0.00,0.00,0.00,0.00,-1.00,-1.00,0.00,-1.00,-1.00,0.00,-1.00,-1.00,0.00,2.46E-1,1.024E+5,0.00E+0,1.33E-2,-1.00,0.00E+0,1.33E-2,0x0004,0x0000,0x007F,0x0214,0x0000,0x0001,0x0000,0x0000,0x0000,0x0000,0x0000,0x0004,0x0000,0x0000,0x0000,0x0000,0x0000,0x0000,412
11:58:35 AM,6,0.00,0,0.00,-1.67,0.00,0.00,100.00,-1.00,-1.00,-1.00,0,1,1,100,0,-1,0.18,0.00,0.18,160,160,0,0.00,0.00,0.00,0.00,0.00,0.00,-1.00,-1.00,0.00,-1.00,-1.00,0.00,-1.00,-1.00,0.00,2.44E-1,1.024E+5,0.00E+0,1.33E-2,-1.00,0.00E+0,1.33E-2,0x0004,0x0000,0x007F,0x0214,0x0000,0x0001,0x0000,0x0000,0x0000,0x0000,0x0000,0x0004,0x0000,0x0000,0x0000,0x0000,0x0000,0x0000,413
11:58:40 AM,6,0.00,0,0.00,-1.67,0.00,0.00,100.00,-1.00,-1.00,-1.00,0,1,1,100,0,-1,0.18,0.00,0.18,160,160,0,0.00,0.00,0.00,0.00,0.00,0.00,-1.00,-1.00,0.00,-1.00,-1.00,0.00,-1.00,-1.00,0.00,2.42E-1,1.024E+5,0.00E+0,1.33E-2,-1.00,0.00E+0,1.33E-2,0x0004,0x0000,0x007F,0x0214,0x0000,0x0001,0x0000,0x0000,0x0000,0x0000,0x0000,0x0004,0x0000,0x0000,0x0000,0x0000,0x0000,0x0000,414
11:58:45 AM,6,0.00,0,0.00,-1.67,0.00,0.00,100.00,-1.00,-1.00,-1.00,0,1,1,100,0,-1,0.18,0.00,0.18,160,160,0,0.00,0.00,0.00,0.00,0.00,0.00,-1.00,-1.00,0.00,-1.00,-1.00,0.00,-1.00,-1.00,0.00,2.40E-1,1.024E+5,0.00E+0,1.33E-2,-1.00,0.00E+0,1.33E-2,0x0004,0x0000,0x007F,0x0214,0x0000,0x0001,0x0000,0x0000,0x0000,0x0000,0x0000,0x0004,0x0000,0x0000,0x0000,0x0000,0x0000,0x0000,415
11:58:50 AM,6,0.00,0,0.00,-1.67,0.00,0.00,100.00,-1.00,-1.00,-1.00,0,1,1,100,0,-1,0.18,0.00,0.18,160,160,0,0.00,0.00,0.00,0.00,0.00,0.00,-1.00,-1.00,0.00,-1.00,-1.00,0.00,-1.00,-1.00,0.00,2.42E-1,1.024E+5,0.00E+0,1.33E-2,-1.00,0.00E+0,1.33E-2,0x0004,0x0000,0x007F,0x0214,0x0000,0x0001,0x0000,0x0000,0x0000,0x0000,0x0000,0x0004,0x0000,0x0000,0x0000,0x0000,0x0000,0x0000,416
11:58:55 AM,6,0.00,0,0.00,-1.67,0.00,0.00,100.00,-1.00,-1.00,-1.00,0,1,1,100,0,-1,0.18,0.00,0.18,160,160,0,0.00,0.00,0.00,0.00,0.00,0.00,-1.00,-1.00,0.00,-1.00,-1.00,0.00,-1.00,-1.00,0.00,2.44E-1,1.024E+5,0.00E+0,1.33E-2,-1.00,0.00E+0,1.33E-2,0x0004,0x0000,0x007F,0x0214,0x0000,0x0001,0x0000,0x0000,0x0000,0x0000,0x0000,0x0004,0x0000,0x0000,0x0000,0x0000,0x0000,0x0000,417
11:59:00 AM,6,0.00,0,0.00,-1.67,0.00,0.00,100.00,-1.00,-1.00,-1.00,0,1,1,100,0,-1,0.18,0.00,0.18,160,160,0,0.00,0.00,0.00,0.00,0.00,0.00,-1.00,-1.00,0.00,-1.00,-1.00,0.00,-1.00,-1.00,0.00,2.37E-1,1.024E+5,0.00E+0,1.33E-2,-1.00,0.00E+0,1.33E-2,0x0004,0x0000,0x007F,0x0214,0x0000,0x0001,0x0000,0x0000,0x0000,0x0000,0x0000,0x0004,0x0000,0x0000,0x0000,0x0000,0x0000,0x0000,418
11:59:05 AM,6,0.00,0,0.00,-1.67,0.00,0.00,100.00,-1.00,-1.00,-1.00,0,1,1,100,0,-1,0.18,0.00,0.18,160,160,0,0.00,0.00,0.00,0.00,0.00,0.00,-1.00,-1.00,0.00,-1.00,-1.00,0.00,-1.00,-1.00,0.00,2.44E-1,1.024E+5,0.00E+0,1.33E-2,-1.00,0.00E+0,1.33E-2,0x0004,0x0000,0x007F,0x0214,0x0000,0x0001,0x0000,0x0000,0x0000,0x0000,0x0000,0x0004,0x0000,0x0000,0x0000,0x0000,0x0000,0x0000,419
11:59:10 AM,6,0.00,0,0.00,-1.67,0.00,0.00,100.00,-1.00,-1.00,-1.00,0,1,1,100,0,-1,0.18,0.00,0.18,160,160,0,0.00,0.00,0.00,0.00,0.00,0.00,-1.00,-1.00,0.00,-1.00,-1.00,0.00,-1.00,-1.00,0.00,2.46E-1,1.024E+5,0.00E+0,1.33E-2,-1.00,0.00E+0,1.33E-2,0x0004,0x0000,0x007F,0x0214,0x0000,0x0001,0x0000,0x0000,0x0000,0x0000,0x0000,0x0004,0x0000,0x0000,0x0000,0x0000,0x0000,0x0000,420
11:59:15 AM,6,0.00,0,0.00,-1.67,0.00,0.00,100.00,-1.00,-1.00,-1.00,0,1,1,100,0,-1,0.18,0.00,0.18,160,160,0,0.00,0.00,0.00,0.00,0.00,0.00,-1.00,-1.00,0.00,-1.00,-1.00,0.00,-1.00,-1.00,0.00,2.46E-1,1.024E+5,0.00E+0,1.33E-2,-1.00,0.00E+0,1.33E-2,0x0004,0x0000,0x007F,0x0214,0x0000,0x0001,0x0000,0x0000,0x0000,0x0000,0x0000,0x0004,0x0000,0x0000,0x0000,0x0000,0x0000,0x0000,421
11:59:20 AM,6,0.00,0,0.00,-1.67,0.00,0.00,100.00,-1.00,-1.00,-1.00,0,1,1,100,0,-1,0.18,0.00,0.18,160,160,0,0.00,0.00,0.00,0.00,0.00,0.00,-1.00,-1.00,0.00,-1.00,-1.00,0.00,-1.00,-1.00,0.00,2.46E-1,1.024E+5,0.00E+0,1.33E-2,-1.00,0.00E+0,1.33E-2,0x0004,0x0000,0x007F,0x0214,0x0000,0x0001,0x0000,0x0000,0x0000,0x0000,0x0000,0x0004,0x0000,0x0000,0x0000,0x0000,0x0000,0x0000,422
11:59:25 AM,6,0.00,0,0.00,-1.67,0.00,0.00,100.00,-1.00,-1.00,-1.00,0,1,1,100,0,-1,0.18,0.00,0.18,160,160,0,0.00,0.00,0.00,0.00,0.00,0.00,-1.00,-1.00,0.00,-1.00,-1.00,0.00,-1.00,-1.00,0.00,2.42E-1,1.024E+5,0.00E+0,1.33E-2,-1.00,0.00E+0,1.33E-2,0x0004,0x0000,0x007F,0x0214,0x0000,0x0001,0x0000,0x0000,0x0000,0x0000,0x0000,0x0004,0x0000,0x0000,0x0000,0x0000,0x0000,0x0000,423
11:59:30 AM,6,0.00,0,0.00,-1.67,0.00,0.00,100.00,-1.00,-1.00,-1.00,0,1,1,100,0,-1,0.18,0.00,0.18,160,160,0,0.00,0.00,0.00,0.00,0.00,0.00,-1.00,-1.00,0.00,-1.00,-1.00,0.00,-1.00,-1.00,0.00,2.42E-1,1.024E+5,0.00E+0,1.33E-2,-1.00,0.00E+0,1.33E-2,0x0004,0x0000,0x007F,0x0214,0x0000,0x0001,0x0000,0x0000,0x0000,0x0000,0x0000,0x0004,0x0000,0x0000,0x0000,0x0000,0x0000,0x0000,424
11:59:35 AM,6,0.00,0,0.00,-1.67,0.00,0.00,100.00,-1.00,-1.00,-1.00,0,1,1,100,0,-1,0.18,0.00,0.18,160,160,0,0.00,0.00,0.00,0.00,0.00,0.00,-1.00,-1.00,0.00,-1.00,-1.00,0.00,-1.00,-1.00,0.00,2.42E-1,1.024E+5,0.00E+0,1.33E-2,-1.00,0.00E+0,1.33E-2,0x0004,0x0000,0x007F,0x0214,0x0000,0x0001,0x0000,0x0000,0x0000,0x0000,0x0000,0x0004,0x0000,0x0000,0x0000,0x0000,0x0000,0x0000,425
11:59:39 AM,6,0.00,0,0.00,-1.67,0.00,0.00,100.00,-1.00,-1.00,-1.00,0,1,1,100,0,-1,0.18,0.00,0.18,160,160,0,0.00,0.00,0.00,0.00,0.00,0.00,-1.00,-1.00,0.00,-1.00,-1.00,0.00,-1.00,-1.00,0.00,2.46E-1,1.024E+5,0.00E+0,1.33E-2,-1.00,0.00E+0,1.33E-2,0x0004,0x0000,0x007F,0x0214,0x0000,0x0001,0x0000,0x0000,0x0000,0x0000,0x0000,0x0004,0x0000,0x0000,0x0000,0x0000,0x0000,0x0000,426
11:59:44 AM,6,0.00,0,0.00,-1.67,0.00,0.00,100.00,-1.00,-1.00,-1.00,0,1,1,100,0,-1,0.18,0.00,0.18,160,160,0,0.00,0.00,0.00,0.00,0.00,0.00,-1.00,-1.00,0.00,-1.00,-1.00,0.00,-1.00,-1.00,0.00,2.46E-1,1.024E+5,0.00E+0,1.33E-2,-1.00,0.00E+0,1.33E-2,0x0004,0x0000,0x007F,0x0214,0x0000,0x0001,0x0000,0x0000,0x0000,0x0000,0x0000,0x0004,0x0000,0x0000,0x0000,0x0000,0x0000,0x0000,427
11:59:49 AM,6,0.00,0,0.00,-1.67,0.00,0.00,100.00,-1.00,-1.00,-1.00,0,1,1,100,0,-1,0.18,0.00,0.18,160,160,0,0.00,0.00,0.00,0.00,0.00,0.00,-1.00,-1.00,0.00,-1.00,-1.00,0.00,-1.00,-1.00,0.00,2.42E-1,1.024E+5,0.00E+0,1.33E-2,-1.00,0.00E+0,1.33E-2,0x0004,0x0000,0x007F,0x0214,0x0000,0x0001,0x0000,0x0000,0x0000,0x0000,0x0000,0x0004,0x0000,0x0000,0x0000,0x0000,0x0000,0x0000,428
11:59:54 AM,6,0.00,0,0.00,-1.67,0.00,0.00,100.00,-1.00,-1.00,-1.00,0,1,1,100,0,-1,0.18,0.00,0.18,160,160,0,0.00,0.00,0.00,0.00,0.00,0.00,-1.00,-1.00,0.00,-1.00,-1.00,0.00,-1.00,-1.00,0.00,2.42E-1,1.024E+5,0.00E+0,1.33E-2,-1.00,0.00E+0,1.33E-2,0x0004,0x0000,0x007F,0x0214,0x0000,0x0001,0x0000,0x0000,0x0000,0x0000,0x0000,0x0004,0x0000,0x0000,0x0000,0x0000,0x0000,0x0000,429
11:59:59 AM,6,0.00,0,0.00,-1.67,0.00,0.00,100.00,-1.00,-1.00,-1.00,0,1,1,100,0,-1,0.18,0.00,0.18,160,160,0,0.00,0.00,0.00,0.00,0.00,0.00,-1.00,-1.00,0.00,-1.00,-1.00,0.00,-1.00,-1.00,0.00,2.48E-1,1.024E+5,0.00E+0,1.33E-2,-1.00,0.00E+0,1.33E-2,0x0004,0x0000,0x007F,0x0214,0x0000,0x0001,0x0000,0x0000,0x0000,0x0000,0x0000,0x0004,0x0000,0x0000,0x0000,0x0000,0x0000,0x0000,430
12:00:04 PM,6,0.00,0,0.00,-1.67,0.00,0.00,100.00,-1.00,-1.00,-1.00,0,1,1,100,0,-1,0.18,0.00,0.18,160,160,0,0.00,0.00,0.00,0.00,0.00,0.00,-1.00,-1.00,0.00,-1.00,-1.00,0.00,-1.00,-1.00,0.00,2.42E-1,1.024E+5,0.00E+0,1.33E-2,-1.00,0.00E+0,1.33E-2,0x0004,0x0000,0x007F,0x0214,0x0000,0x0001,0x0000,0x0000,0x0000,0x0000,0x0000,0x0004,0x0000,0x0000,0x0000,0x0000,0x0000,0x0000,431
12:00:09 PM,6,0.00,0,0.00,-1.67,0.00,0.00,100.00,-1.00,-1.00,-1.00,0,1,1,100,0,-1,0.18,0.00,0.18,160,160,0,0.00,0.00,0.00,0.00,0.00,0.00,-1.00,-1.00,0.00,-1.00,-1.00,0.00,-1.00,-1.00,0.00,2.46E-1,1.024E+5,0.00E+0,1.33E-2,-1.00,0.00E+0,1.33E-2,0x0004,0x0000,0x007F,0x0214,0x0000,0x0001,0x0000,0x0000,0x0000,0x0000,0x0000,0x0004,0x0000,0x0000,0x0000,0x0000,0x0000,0x0000,432
12:00:14 PM,6,0.00,0,0.00,-1.67,0.00,0.00,100.00,-1.00,-1.00,-1.00,0,1,1,100,0,-1,0.18,0.00,0.18,160,160,0,0.00,0.00,0.00,0.00,0.00,0.00,-1.00,-1.00,0.00,-1.00,-1.00,0.00,-1.00,-1.00,0.00,2.42E-1,1.024E+5,0.00E+0,1.33E-2,-1.00,0.00E+0,1.33E-2,0x0004,0x0000,0x007F,0x0214,0x0000,0x0001,0x0000,0x0000,0x0000,0x0000,0x0000,0x0004,0x0000,0x0000,0x0000,0x0000,0x0000,0x0000,433
12:00:19 PM,6,0.00,0,0.00,-1.67,0.00,0.00,100.00,-1.00,-1.00,-1.00,0,1,1,100,0,-1,0.18,0.00,0.18,160,160,0,0.00,0.00,0.00,0.00,0.00,0.00,-1.00,-1.00,0.00,-1.00,-1.00,0.00,-1.00,-1.00,0.00,2.44E-1,1.024E+5,0.00E+0,1.33E-2,-1.00,0.00E+0,1.33E-2,0x0004,0x0000,0x007F,0x0214,0x0000,0x0001,0x0000,0x0000,0x0000,0x0000,0x0000,0x0004,0x0000,0x0000,0x0000,0x0000,0x0000,0x0000,434
12:00:24 PM,6,0.00,0,0.00,-1.67,0.00,0.00,100.00,-1.00,-1.00,-1.00,0,1,1,100,0,-1,0.18,0.00,0.18,160,160,0,0.00,0.00,0.00,0.00,0.00,0.00,-1.00,-1.00,0.00,-1.00,-1.00,0.00,-1.00,-1.00,0.00,2.46E-1,1.024E+5,0.00E+0,1.33E-2,-1.00,0.00E+0,1.33E-2,0x0004,0x0000,0x007F,0x0214,0x0000,0x0001,0x0000,0x0000,0x0000,0x0000,0x0000,0x0004,0x0000,0x0000,0x0000,0x0000,0x0000,0x0000,435
12:00:29 PM,6,0.00,0,0.00,-1.67,0.00,0.00,100.00,-1.00,-1.00,-1.00,0,1,1,100,0,-1,0.18,0.00,0.18,160,160,0,0.00,0.00,0.00,0.00,0.00,0.00,-1.00,-1.00,0.00,-1.00,-1.00,0.00,-1.00,-1.00,0.00,2.51E-1,1.024E+5,0.00E+0,1.33E-2,-1.00,0.00E+0,1.33E-2,0x0004,0x0000,0x007F,0x0214,0x0000,0x0001,0x0000,0x0000,0x0000,0x0000,0x0000,0x0004,0x0000,0x0000,0x0000,0x0000,0x0000,0x0000,436
12:00:34 PM,6,0.00,0,0.00,-1.67,0.00,0.00,100.00,-1.00,-1.00,-1.00,0,1,1,100,0,-1,0.18,0.00,0.18,160,160,0,0.00,0.00,0.00,0.00,0.00,0.00,-1.00,-1.00,0.00,-1.00,-1.00,0.00,-1.00,-1.00,0.00,2.46E-1,1.024E+5,0.00E+0,1.33E-2,-1.00,0.00E+0,1.33E-2,0x0004,0x0000,0x007F,0x0214,0x0000,0x0001,0x0000,0x0000,0x0000,0x0000,0x0000,0x0004,0x0000,0x0000,0x0000,0x0000,0x0000,0x0000,437
12:00:39 PM,6,0.00,0,0.00,-1.67,0.00,0.00,100.00,-1.00,-1.00,-1.00,0,1,1,100,0,-1,0.18,0.00,0.18,160,160,0,0.00,0.00,0.00,0.00,0.00,0.00,-1.00,-1.00,0.00,-1.00,-1.00,0.00,-1.00,-1.00,0.00,2.46E-1,1.024E+5,0.00E+0,1.33E-2,-1.00,0.00E+0,1.33E-2,0x0004,0x0000,0x007F,0x0214,0x0000,0x0001,0x0000,0x0000,0x0000,0x0000,0x0000,0x0004,0x0000,0x0000,0x0000,0x0000,0x0000,0x0000,438
12:00:44 PM,6,0.00,0,0.00,-1.67,0.00,0.00,100.00,-1.00,-1.00,-1.00,0,1,1,100,0,-1,0.18,0.00,0.18,160,160,0,0.00,0.00,0.00,0.00,0.00,0.00,-1.00,-1.00,0.00,-1.00,-1.00,0.00,-1.00,-1.00,0.00,2.46E-1,1.024E+5,0.00E+0,1.33E-2,-1.00,0.00E+0,1.33E-2,0x0004,0x0000,0x007F,0x0214,0x0000,0x0001,0x0000,0x0000,0x0000,0x0000,0x0000,0x0004,0x0000,0x0000,0x0000,0x0000,0x0000,0x0000,439
12:00:49 PM,6,0.00,0,0.00,-1.67,0.00,0.00,100.00,-1.00,-1.00,-1.00,0,1,1,100,0,-1,0.18,0.00,0.18,160,160,0,0.00,0.00,0.00,0.00,0.00,0.00,-1.00,-1.00,0.00,-1.00,-1.00,0.00,-1.00,-1.00,0.00,2.42E-1,1.024E+5,0.00E+0,1.33E-2,-1.00,0.00E+0,1.33E-2,0x0004,0x0000,0x007F,0x0214,0x0000,0x0001,0x0000,0x0000,0x0000,0x0000,0x0000,0x0004,0x0000,0x0000,0x0000,0x0000,0x0000,0x0000,440
12:00:54 PM,6,0.00,0,0.00,-1.67,0.00,0.00,100.00,-1.00,-1.00,-1.00,0,1,1,100,0,-1,0.18,0.00,0.18,160,160,0,0.00,0.00,0.00,0.00,0.00,0.00,-1.00,-1.00,0.00,-1.00,-1.00,0.00,-1.00,-1.00,0.00,2.46E-1,1.024E+5,0.00E+0,1.33E-2,-1.00,0.00E+0,1.33E-2,0x0004,0x0000,0x007F,0x0214,0x0000,0x0001,0x0000,0x0000,0x0000,0x0000,0x0000,0x0004,0x0000,0x0000,0x0000,0x0000,0x0000,0x0000,441
12:00:59 PM,6,0.00,0,0.00,-1.67,0.00,0.00,100.00,-1.00,-1.00,-1.00,0,1,1,100,0,-1,0.18,0.00,0.18,160,160,0,0.00,0.00,0.00,0.00,0.00,0.00,-1.00,-1.00,0.00,-1.00,-1.00,0.00,-1.00,-1.00,0.00,2.44E-1,1.024E+5,0.00E+0,1.33E-2,-1.00,0.00E+0,1.33E-2,0x0004,0x0000,0x007F,0x0214,0x0000,0x0001,0x0000,0x0000,0x0000,0x0000,0x0000,0x0004,0x0000,0x0000,0x0000,0x0000,0x0000,0x0000,442
12:01:04 PM,6,0.00,0,0.00,-1.67,0.00,0.00,100.00,-1.00,-1.00,-1.00,0,1,1,100,0,-1,0.18,0.00,0.18,160,160,0,0.00,0.00,0.00,0.00,0.00,0.00,-1.00,-1.00,0.00,-1.00,-1.00,0.00,-1.00,-1.00,0.00,2.46E-1,1.024E+5,0.00E+0,1.33E-2,-1.00,0.00E+0,1.33E-2,0x0004,0x0000,0x007F,0x0214,0x0000,0x0001,0x0000,0x0000,0x0000,0x0000,0x0000,0x0004,0x0000,0x0000,0x0000,0x0000,0x0000,0x0000,443
11:58:05 AM,6,0.00,0,0.00,-1.67,0.00,0.00,100.00,-1.00,-1.00,-1.00,0,1,1,100,0,-1,0.18,0.00,0.18,160,160,0,0.00,0.00,0.00,0.00,0.00,0.00,-1.00,-1.00,0.00,-1.00,-1.00,0.00,-1.00,-1.00,0.00,2.44E-1,1.024E+5,0.00E+0,1.33E-2,-1.00,0.00E+0,1.33E-2,0x0004,0x0000,0x007F,0x0214,0x0000,0x0001,0x0000,0x0000,0x0000,0x0000,0x0000,0x0004,0x0000,0x0000,0x0000,0x0000,0x0000,0x0000,444
11:58:10 AM,6,0.00,0,0.00,-1.67,0.00,0.00,100.00,-1.00,-1.00,-1.00,0,1,1,100,0,-1,0.18,0.00,0.18,160,160,0,0.00,0.00,0.00,0.00,0.00,0.00,-1.00,-1.00,0.00,-1.00,-1.00,0.00,-1.00,-1.00,0.00,2.42E-1,1.024E+5,0.00E+0,1.33E-2,-1.00,0.00E+0,1.33E-2,0x0004,0x0000,0x007F,0x0214,0x0000,0x0001,0x0000,0x0000,0x0000,0x0000,0x0000,0x0004,0x0000,0x0000,0x0000,0x0000,0x0000,0x0000,445
11:58:15 AM,6,0.00,0,0.00,-1.67,0.00,0.00,100.00,-1.00,-1.00,-1.00,0,1,1,100,0,-1,0.18,0.00,0.18,160,160,0,0.00,0.00,0.00,0.00,0.00,0.00,-1.00,-1.00,0.00,-1.00,-1.00,0.00,-1.00,-1.00,0.00,2.42E-1,1.024E+5,0.00E+0,1.33E-2,-1.00,0.00E+0,1.33E-2,0x0004,0x0000,0x007F,0x0214,0x0000,0x0001,0x0000,0x0000,0x0000,0x0000,0x0000,0x0004,0x0000,0x0000,0x0000,0x0000,0x0000,0x0000,446
11:58:20 AM,6,0.00,0,0.00,-1.67,0.00,0.00,100.00,-1.00,-1.00,-1.00,0,1,1,100,0,-1,0.18,0.00,0.18,160,160,0,0.00,0.00,0.00,0.00,0.00,0.00,-1.00,-1.00,0.00,-1.00,-1.00,0.00,-1.00,-1.00,0.00,2.46E-1,1.024E+5,0.00E+0,1.33E-2,-1.00,0.00E+0,1.33E-2,0x0004,0x0000,0x007F,0x0214,0x0000,0x0001,0x0000,0x0000,0x0000,0x0000,0x0000,0x0004,0x0000,0x0000,0x0000,0x0000,0x0000,0x0000,447
11:58:25 AM,6,0.00,0,0.00,-1.67,0.00,0.00,100.00,-1.00,-1.00,-1.00,0,1,1,100,0,-1,0.18,0.00,0.18,160,160,0,0.00,0.00,0.00,0.00,0.00,0.00,-1.00,-1.00,0.00,-1.00,-1.00,0.00,-1.00,-1.00,0.00,2.46E-1,1.024E+5,0.00E+0,1.33E-2,-1.00,0.00E+0,1.33E-2,0x0004,0x0000,0x007F,0x0214,0x0000,0x0001,0x0000,0x0000,0x0000,0x0000,0x0000,0x0004,0x0000,0x0000,0x0000,0x0000,0x0000,0x0000,448
11:58:30 AM,6,0.00,0,0.00,-1.67,0.00,0.00,100.00,-1.00,-1.00,-1.00,0,1,1,100,0,-1,0.18,0.00,0.18,160,160,0,0.00,0.00,0.00,0.00,0.00,0.00,-1.00,-1.00,0.00,-1.00,-1.00,0.00,-1.00,-1.00,0.00,2.46E-1,1.024E+5,0.00E+0,1.33E-2,-1.00,0.00E+0,1.33E-2,0x0004,0x0000,0x007F,0x0214,0x0000,0x0001,0x0000,0x0000,0x0000,0x0000,0x0000,0x0004,0x0000,0x0000,0x0000,0x0000,0x0000,0x0000,449
11:58:35 AM,6,0.00,0,0.00,-1.67,0.00,0.00,100.00,-1.00,-1.00,-1.00,0,1,1,100,0,-1,0.18,0.00,0.18,160,160,0,0.00,0.00,0.00,0.00,0.00,0.00,-1.00,-1.00,0.00,-1.00,-1.00,0.00,-1.00,-1.00,0.00,2.44E-1,1.024E+5,0.00E+0,1.33E-2,-1.00,0.00E+0,1.33E-2,0x0004,0x0000,0x007F,0x0214,0x0000,0x0001,0x0000,0x0000,0x0000,0x0000,0x0000,0x0004,0x0000,0x0000,0x0000,0x0000,0x0000,0x0000,450
11:58:40 AM,6,0.00,0,0.00,-1.67,0.00,0.00,100.00,-1.00,-1.00,-1.00,0,1,1,100,0,-1,0.18,0.00,0.18,160,160,0,0.00,0.00,0.00,0.00,0.00,0.00,-1.00,-1.00,0.00,-1.00,-1.00,0.00,-1.00,-1.00,0.00,2.42E-1,1.024E+5,0.00E+0,1.33E-2,-1.00,0.00E+0,1.33E-2,0x0004,0x0000,0x007F,0x0214,0x0000,0x0001,0x0000,0x0000,0x0000,0x0000,0x0000,0x0004,0x0000,0x0000,0x0000,0x0000,0x0000,0x0000,451
11:58:45 AM,6,0.00,0,0.00,-1.67,0.00,0.00,100.00,-1.00,-1.00,-1.00,0,1,1,100,0,-1,0.18,0.00,0.18,160,160,0,0.00,0.00,0.00,0.00,0.00,0.00,-1.00,-1.00,0.00,-1.00,-1.00,0.00,-1.00,-1.00,0.00,2.40E-1,1.024E+5,0.00E+0,1.33E-2,-1.00,0.00E+0,1.33E-2,0x0004,0x0000,0x007F,0x0214,0x0000,0x0001,0x0000,0x0000,0x0000,0x0000,0x0000,0x0004,0x0000,0x0000,0x0000,0x0000,0x0000,0x0000,452
11:58:50 AM,6,0.00,0,0.00,-1.67,0.00,0.00,100.00,-1.00,-1.00,-1.00,0,1,1,100,0,-1,0.18,0.00,0.18,160,160,0,0.00,0.00,0.00,0.00,0.00,0.00,-1.00,-1.00,0.00,-1.00,-1.00,0.00,-1.00,-1.00,0.00,2.42E-1,1.024E+5,0.00E+0,1.33E-2,-1.00,0.00E+0,1.33E-2,0x0004,0x0000,0x007F,0x0214,0x0000,0x0001,0x0000,0x0000,0x0000,0x0000,0x0000,0x0004,0x0000,0x0000,0x0000,0x0000,0x0000,0x0000,453
11:58:55 AM,6,0.00,0,0.00,-1.67,0.00,0.00,100.00,-1.00,-1.00,-1.00,0,1,1,100,0,-1,0.18,0.00,0.18,160,160,0,0.00,0.00,0.00,0.00,0.00,0.00,-1.00,-1.00,0.00,-1.00,-1.00,0.00,-1.00,-1.00,0.00,2.44E-1,1.024E+5,0.00E+0,1.33E-2,-1.00,0.00E+0,1.33E-2,0x0004,0x0000,0x007F,0x0214,0x0000,0x0001,0x0000,0x0000,0x0000,0x0000,0x0000,0x0004,0x0000,0x0000,0x0000,0x0000,0x0000,0x0000,454
11:59:00 AM,6,0.00,0,0.00,-1.67,0.00,0.00,100.00,-1.00,-1.00,-1.00,0,1,1,100,0,-1,0.18,0.00,0.18,160,160,0,0.00,0.00,0.00,0.00,0.00,0.00,-1.00,-1.00,0.00,-1.00,-1.00,0.00,-1.00,-1.00,0.00,2.37E-1,1.024E+5,0.00E+0,1.33E-2,-1.00,0.00E+0,1.33E-2,0x0004,0x0000,0x007F,0x0214,0x0000,0x0001,0x0000,0x0000,0x0000,0x0000,0x0000,0x0004,0x0000,0x0000,0x0000,0x0000,0x0000,0x0000,455
11:59:05 AM,6,0.00,0,0.00,-1.67,0.00,0.00,100.00,-1.00,-1.00,-1.00,0,1,1,100,0,-1,0.18,0.00,0.18,160,160,0,0.00,0.00,0.00,0.00,0.00,0.00,-1.00,-1.00,0.00,-1.00,-1.00,0.00,-1.00,-1.00,0.00,2.44E-1,1.024E+5,0.00E+0,1.33E-2,-1.00,0.00E+0,1.33E-2,0x0004,0x0000,0x007F,0x0214,0x0000,0x0001,0x0000,0x0000,0x0000,0x0000,0x0000,0x0004,0x0000,0x0000,0x0000,0x0000,0x0000,0x0000,456
11:59:10 AM,6,0.00,0,0.00,-1.67,0.00,0.00,100.00,-1.00,-1.00,-1.00,0,1,1,100,0,-1,0.18,0.00,0.18,160,160,0,0.00,0.00,0.00,0.00,0.00,0.00,-1.00,-1.00,0.00,-1.00,-1.00,0.00,-1.00,-1.00,0.00,2.46E-1,1.024E+5,0.00E+0,1.33E-2,-1.00,0.00E+0,1.33E-2,0x0004,0x0000,0x007F,0x0214,0x0000,0x0001,0x0000,0x0000,0x0000,0x0000,0x0000,0x0004,0x0000,0x0000,0x0000,0x0000,0x0000,0x0000,457
11:59:15 AM,6,0.00,0,0.00,-1.67,0.00,0.00,100.00,-1.00,-1.00,-1.00,0,1,1,100,0,-1,0.18,0.00,0.18,160,160,0,0.00,0.00,0.00,0.00,0.00,0.00,-1.00,-1.00,0.00,-1.00,-1.00,0.00,-1.00,-1.00,0.00,2.46E-1,1.024E+5,0.00E+0,1.33E-2,-1.00,0.00E+0,1.33E-2,0x0004,0x0000,0x007F,0x0214,0x0000,0x0001,0x0000,0x0000,0x0000,0x0000,0x0000,0x0004,0x0000,0x0000,0x0000,0x0000,0x0000,0x0000,458
11:59:20 AM,6,0.00,0,0.00,-1.67,0.00,0.00,100.00,-1.00,-1.00,-1.00,0,1,1,100,0,-1,0.18,0.00,0.18,160,160,0,0.00,0.00,0.00,0.00,0.00,0.00,-1.00,-1.00,0.00,-1.00,-1.00,0.00,-1.00,-1.00,0.00,2.46E-1,1.024E+5,0.00E+0,1.33E-2,-1.00,0.00E+0,1.33E-2,0x0004,0x0000,0x007F,0x0214,0x0000,0x0001,0x0000,0x0000,0x0000,0x0000,0x0000,0x0004,0x0000,0x0000,0x0000,0x0000,0x0000,0x0000,459
11:59:25 AM,6,0.00,0,0.00,-1.67,0.00,0.00,100.00,-1.00,-1.00,-1.00,0,1,1,100,0,-1,0.18,0.00,0.18,160,160,0,0.00,0.00,0.00,0.00,0.00,0.00,-1.00,-1.00,0.00,-1.00,-1.00,0.00,-1.00,-1.00,0.00,2.42E-1,1.024E+5,0.00E+0,1.33E-2,-1.00,0.00E+0,1.33E-2,0x0004,0x0000,0x007F,0x0214,0x0000,0x0001,0x0000,0x0000,0x0000,0x0000,0x0000,0x0004,0x0000,0x0000,0x0000,0x0000,0x0000,0x0000,460
11:59:30 AM,6,0.00,0,0.00,-1.67,0.00,0.00,100.00,-1.00,-1.00,-1.00,0,1,1,100,0,-1,0.18,0.00,0.18,160,160,0,0.00,0.00,0.00,0.00,0.00,0.00,-1.00,-1.00,0.00,-1.00,-1.00,0.00,-1.00,-1.00,0.00,2.42E-1,1.024E+5,0.00E+0,1.33E-2,-1.00,0.00E+0,1.33E-2,0x0004,0x0000,0x007F,0x0214,0x0000,0x0001,0x0000,0x0000,0x0000,0x0000,0x0000,0x0004,0x0000,0x0000,0x0000,0x0000,0x0000,0x0000,461
11:59:35 AM,6,0.00,0,0.00,-1.67,0.00,0.00,100.00,-1.00,-1.00,-1.00,0,1,1,100,0,-1,0.18,0.00,0.18,160,160,0,0.00,0.00,0.00,0.00,0.00,0.00,-1.00,-1.00,0.00,-1.00,-1.00,0.00,-1.00,-1.00,0.00,2.42E-1,1.024E+5,0.00E+0,1.33E-2,-1.00,0.00E+0,1.33E-2,0x0004,0x0000,0x007F,0x0214,0x0000,0x0001,0x0000,0x0000,0x0000,0x0000,0x0000,0x0004,0x0000,0x0000,0x0000,0x0000,0x0000,0x0000,462
11:59:39 AM,6,0.00,0,0.00,-1.67,0.00,0.00,100.00,-1.00,-1.00,-1.00,0,1,1,100,0,-1,0.18,0.00,0.18,160,160,0,0.00,0.00,0.00,0.00,0.00,0.00,-1.00,-1.00,0.00,-1.00,-1.00,0.00,-1.00,-1.00,0.00,2.46E-1,1.024E+5,0.00E+0,1.33E-2,-1.00,0.00E+0,1.33E-2,0x0004,0x0000,0x007F,0x0214,0x0000,0x0001,0x0000,0x0000,0x0000,0x0000,0x0000,0x0004,0x0000,0x0000,0x0000,0x0000,0x0000,0x0000,463
11:59:44 AM,6,0.00,0,0.00,-1.67,0.00,0.00,100.00,-1.00,-1.00,-1.00,0,1,1,100,0,-1,0.18,0.00,0.18,160,160,0,0.00,0.00,0.00,0.00,0.00,0.00,-1.00,-1.00,0.00,-1.00,-1.00,0.00,-1.00,-1.00,0.00,2.46E-1,1.024E+5,0.00E+0,1.33E-2,-1.00,0.00E+0,1.33E-2,0x0004,0x0000,0x007F,0x0214,0x0000,0x0001,0x0000,0x0000,0x0000,0x0000,0x0000,0x0004,0x0000,0x0000,0x0000,0x0000,0x0000,0x0000,464
11:59:49 AM,6,0.00,0,0.00,-1.67,0.00,0.00,100.00,-1.00,-1.00,-1.00,0,1,1,100,0,-1,0.18,0.00,0.18,160,160,0,0.00,0.00,0.00,0.00,0.00,0.00,-1.00,-1.00,0.00,-1.00,-1.00,0.00,-1.00,-1.00,0.00,2.42E-1,1.024E+5,0.00E+0,1.33E-2,-1.00,0.00E+0,1.33E-2,0x0004,0x0000,0x007F,0x0214,0x0000,0x0001,0x0000,0x0000,0x0000,0x0000,0x0000,0x0004,0x0000,0x0000,0x0000,0x0000,0x0000,0x0000,465
11:59:54 AM,6,0.00,0,0.00,-1.67,0.00,0.00,100.00,-1.00,-1.00,-1.00,0,1,1,100,0,-1,0.18,0.00,0.18,160,160,0,0.00,0.00,0.00,0.00,0.00,0.00,-1.00,-1.00,0.00,-1.00,-1.00,0.00,-1.00,-1.00,0.00,2.42E-1,1.024E+5,0.00E+0,1.33E-2,-1.00,0.00E+0,1.33E-2,0x0004,0x0000,0x007F,0x0214,0x0000,0x0001,0x0000,0x0000,0x0000,0x0000,0x0000,0x0004,0x0000,0x0000,0x0000,0x0000,0x0000,0x0000,466
11:59:59 AM,6,0.00,0,0.00,-1.67,0.00,0.00,100.00,-1.00,-1.00,-1.00,0,1,1,100,0,-1,0.18,0.00,0.18,160,160,0,0.00,0.00,0.00,0.00,0.00,0.00,-1.00,-1.00,0.00,-1.00,-1.00,0.00,-1.00,-1.00,0.00,2.48E-1,1.024E+5,0.00E+0,1.33E-2,-1.00,0.00E+0,1.33E-2,0x0004,0x0000,0x007F,0x0214,0x0000,0x0001,0x0000,0x0000,0x0000,0x0000,0x0000,0x0004,0x0000,0x0000,0x0000,0x0000,0x0000,0x0000,467
12:00:04 PM,6,0.00,0,0.00,-1.67,0.00,0.00,100.00,-1.00,-1.00,-1.00,0,1,1,100,0,-1,0.18,0.00,0.18,160,160,0,0.00,0.00,0.00,0.00,0.00,0.00,-1.00,-1.00,0.00,-1.00,-1.00,0.00,-1.00,-1.00,0.00,2.42E-1,1.024E+5,0.00E+0,1.33E-2,-1.00,0.00E+0,1.33E-2,0x0004,0x0000,0x007F,0x0214,0x0000,0x0001,0x0000,0x0000,0x0000,0x0000,0x0000,0x0004,0x0000,0x0000,0x0000,0x0000,0x0000,0x0000,468
12:00:09 PM,6,0.00,0,0.00,-1.67,0.00,0.00,100.00,-1.00,-1.00,-1.00,0,1,1,100,0,-1,0.18,0.00,0.18,160,160,0,0.00,0.00,0.00,0.00,0.00,0.00,-1.00,-1.00,0.00,-1.00,-1.00,0.00,-1.00,-1.00,0.00,2.46E-1,1.024E+5,0.00E+0,1.33E-2,-1.00,0.00E+0,1.33E-2,0x0004,0x0000,0x007F,0x0214,0x0000,0x0001,0x0000,0x0000,0x0000,0x0000,0x0000,0x0004,0x0000,0x0000,0x0000,0x0000,0x0000,0x0000,469
12:00:14 PM,6,0.00,0,0.00,-1.67,0.00,0.00,100.00,-1.00,-1.00,-1.00,0,1,1,100,0,-1,0.18,0.00,0.18,160,160,0,0.00,0.00,0.00,0.00,0.00,0.00,-1.00,-1.00,0.00,-1.00,-1.00,0.00,-1.00,-1.00,0.00,2.42E-1,1.024E+5,0.00E+0,1.33E-2,-1.00,0.00E+0,1.33E-2,0x0004,0x0000,0x007F,0x0214,0x0000,0x0001,0x0000,0x0000,0x0000,0x0000,0x0000,0x0004,0x0000,0x0000,0x0000,0x0000,0x0000,0x0000,470
12:00:19 PM,6,0.00,0,0.00,-1.67,0.00,0.00,100.00,-1.00,-1.00,-1.00,0,1,1,100,0,-1,0.18,0.00,0.18,160,160,0,0.00,0.00,0.00,0.00,0.00,0.00,-1.00,-1.00,0.00,-1.00,-1.00,0.00,-1.00,-1.00,0.00,2.44E-1,1.024E+5,0.00E+0,1.33E-2,-1.00,0.00E+0,1.33E-2,0x0004,0x0000,0x007F,0x0214,0x0000,0x0001,0x0000,0x0000,0x0000,0x0000,0x0000,0x0004,0x0000,0x0000,0x0000,0x0000,0x0000,0x0000,471
12:00:24 PM,6,0.00,0,0.00,-1.67,0.00,0.00,100.00,-1.00,-1.00,-1.00,0,1,1,100,0,-1,0.18,0.00,0.18,160,160,0,0.00,0.00,0.00,0.00,0.00,0.00,-1.00,-1.00,0.00,-1.00,-1.00,0.00,-1.00,-1.00,0.00,2.46E-1,1.024E+5,0.00E+0,1.33E-2,-1.00,0.00E+0,1.33E-2,0x0004,0x0000,0x007F,0x0214,0x0000,0x0001,0x0000,0x0000,0x0000,0x0000,0x0000,0x0004,0x0000,0x0000,0x0000,0x0000,0x0000,0x0000,472
12:00:29 PM,6,0.00,0,0.00,-1.67,0.00,0.00,100.00,-1.00,-1.00,-1.00,0,1,1,100,0,-1,0.18,0.00,0.18,160,160,0,0.00,0.00,0.00,0.00,0.00,0.00,-1.00,-1.00,0.00,-1.00,-1.00,0.00,-1.00,-1.00,0.00,2.51E-1,1.024E+5,0.00E+0,1.33E-2,-1.00,0.00E+0,1.33E-2,0x0004,0x0000,0x007F,0x0214,0x0000,0x0001,0x0000,0x0000,0x0000,0x0000,0x0000,0x0004,0x0000,0x0000,0x0000,0x0000,0x0000,0x0000,473
12:00:34 PM,6,0.00,0,0.00,-1.67,0.00,0.00,100.00,-1.00,-1.00,-1.00,0,1,1,100,0,-1,0.18,0.00,0.18,160,160,0,0.00,0.00,0.00,0.00,0.00,0.00,-1.00,-1.00,0.00,-1.00,-1.00,0.00,-1.00,-1.00,0.00,2.46E-1,1.024E+5,0.00E+0,1.33E-2,-1.00,0.00E+0,1.33E-2,0x0004,0x0000,0x007F,0x0214,0x0000,0x0001,0x0000,0x0000,0x0000,0x0000,0x0000,0x0004,0x0000,0x0000,0x0000,0x0000,0x0000,0x0000,474
12:00:39 PM,6,0.00,0,0.00,-1.67,0.00,0.00,100.00,-1.00,-1.00,-1.00,0,1,1,100,0,-1,0.18,0.00,0.18,160,160,0,0.00,0.00,0.00,0.00,0.00,0.00,-1.00,-1.00,0.00,-1.00,-1.00,0.00,-1.00,-1.00,0.00,2.46E-1,1.024E+5,0.00E+0,1.33E-2,-1.00,0.00E+0,1.33E-2,0x0004,0x0000,0x007F,0x0214,0x0000,0x0001,0x0000,0x0000,0x0000,0x0000,0x0000,0x0004,0x0000,0x0000,0x0000,0x0000,0x0000,0x0000,475
12:00:44 PM,6,0.00,0,0.00,-1.67,0.00,0.00,100.00,-1.00,-1.00,-1.00,0,1,1,100,0,-1,0.18,0.00,0.18,160,160,0,0.00,0.00,0.00,0.00,0.00,0.00,-1.00,-1.00,0.00,-1.00,-1.00,0.00,-1.00,-1.00,0.00,2.46E-1,1.024E+5,0.00E+0,1.33E-2,-1.00,0.00E+0,1.33E-2,0x0004,0x0000,0x007F,0x0214,0x0000,0x0001,0x0000,0x0000,0x0000,0x0000,0x0000,0x0004,0x0000,0x0000,0x0000,0x0000,0x0000,0x0000,476
12:00:49 PM,6,0.00,0,0.00,-1.67,0.00,0.00,100.00,-1.00,-1.00,-1.00,0,1,1,100,0,-1,0.18,0.00,0.18,160,160,0,0.00,0.00,0.00,0.00,0.00,0.00,-1.00,-1.00,0.00,-1.00,-1.00,0.00,-1.00,-1.00,0.00,2.42E-1,1.024E+5,0.00E+0,1.33E-2,-1.00,0.00E+0,1.33E-2,0x0004,0x0000,0x007F,0x0214,0x0000,0x0001,0x0000,0x0000,0x0000,0x0000,0x0000,0x0004,0x0000,0x0000,0x0000,0x0000,0x0000,0x0000,477
12:00:54 PM,6,0.00,0,0.00,-1.67,0.00,0.00,100.00,-1.00,-1.00,-1.00,0,1,1,100,0,-1,0.18,0.00,0.18,160,160,0,0.00,0.00,0.00,0.00,0.00,0.00,-1.00,-1.00,0.00,-1.00,-1.00,0.00,-1.00,-1.00,0.00,2.46E-1,1.024E+5,0.00E+0,1.33E-2,-1.00,0.00E+0,1.33E-2,0x0004,0x0000,0x007F,0x0214,0x0000,0x0001,0x0000,0x0000,0x0000,0x0000,0x0000,0x0004,0x0000,0x0000,0x0000,0x0000,0x0000,0x0000,478
12:00:59 PM,6,0.00,0,0.00,-1.67,0.00,0.00,100.00,-1.00,-1.00,-1.00,0,1,1,100,0,-1,0.18,0.00,0.18,160,160,0,0.00,0.00,0.00,0.00,0.00,0.00,-1.00,-1.00,0.00,-1.00,-1.00,0.00,-1.00,-1.00,0.00,2.44E-1,1.024E+5,0.00E+0,1.33E-2,-1.00,0.00E+0,1.33E-2,0x0004,0x0000,0x007F,0x0214,0x0000,0x0001,0x0000,0x0000,0x0000,0x0000,0x0000,0x0004,0x0000,0x0000,0x0000,0x0000,0x0000,0x0000,479
12:01:04 PM,6,0.00,0,0.00,-1.67,0.00,0.00,100.00,-1.00,-1.00,-1.00,0,1,1,100,0,-1,0.18,0.00,0.18,160,160,0,0.00,0.00,0.00,0.00,0.00,0.00,-1.00,-1.00,0.00,-1.00,-1.00,0.00,-1.00,-1.00,0.00,2.46E-1,1.024E+5,0.00E+0,1.33E-2,-1.00,0.00E+0,1.33E-2,0x0004,0x0000,0x007F,0x0214,0x0000,0x0001,0x0000,0x0000,0x0000,0x0000,0x0000,0x0004,0x0000,0x0000,0x0000,0x0000,0x0000,0x0000,480
11:58:05 AM,6,0.00,0,0.00,-1.67,0.00,0.00,100.00,-1.00,-1.00,-1.00,0,1,1,100,0,-1,0.18,0.00,0.18,160,160,0,0.00,0.00,0.00,0.00,0.00,0.00,-1.00,-1.00,0.00,-1.00,-1.00,0.00,-1.00,-1.00,0.00,2.44E-1,1.024E+5,0.00E+0,1.33E-2,-1.00,0.00E+0,1.33E-2,0x0004,0x0000,0x007F,0x0214,0x0000,0x0001,0x0000,0x0000,0x0000,0x0000,0x0000,0x0004,0x0000,0x0000,0x0000,0x0000,0x0000,0x0000,481
11:58:10 AM,6,0.00,0,0.00,-1.67,0.00,0.00,100.00,-1.00,-1.00,-1.00,0,1,1,100,0,-1,0.18,0.00,0.18,160,160,0,0.00,0.00,0.00,0.00,0.00,0.00,-1.00,-1.00,0.00,-1.00,-1.00,0.00,-1.00,-1.00,0.00,2.42E-1,1.024E+5,0.00E+0,1.33E-2,-1.00,0.00E+0,1.33E-2,0x0004,0x0000,0x007F,0x0214,0x0000,0x0001,0x0000,0x0000,0x0000,0x0000,0x0000,0x0004,0x0000,0x0000,0x0000,0x0000,0x0000,0x0000,482
11:58:15 AM,6,0.00,0,0.00,-1.67,0.00,0.00,100.00,-1.00,-1.00,-1.00,0,1,1,100,0,-1,0.18,0.00,0.18,160,160,0,0.00,0.00,0.00,0.00,0.00,0.00,-1.00,-1.00,0.00,-1.00,-1.00,0.00,-1.00,-1.00,0.00,2.42E-1,1.024E+5,0.00E+0,1.33E-2,-1.00,0.00E+0,1.33E-2,0x0004,0x0000,0x007F,0x0214,0x0000,0x0001,0x0000,0x0000,0x0000,0x0000,0x0000,0x0004,0x0000,0x0000,0x0000,0x0000,0x0000,0x0000,483
11:58:20 AM,6,0.00,0,0.00,-1.67,0.00,0.00,100.00,-1.00,-1.00,-1.00,0,1,1,100,0,-1,0.18,0.00,0.18,160,160,0,0.00,0.00,0.00,0.00,0.00,0.00,-1.00,-1.00,0.00,-1.00,-1.00,0.00,-1.00,-1.00,0.00,2.46E-1,1.024E+5,0.00E+0,1.33E-2,-1.00,0.00E+0,1.33E-2,0x0004,0x0000,0x007F,0x0214,0x0000,0x0001,0x0000,0x0000,0x0000,0x0000,0x0000,0x0004,0x0000,0x0000,0x0000,0x0000,0x0000,0x0000,484
11:58:25 AM,6,0.00,0,0.00,-1.67,0.00,0.00,100.00,-1.00,-1.00,-1.00,0,1,1,100,0,-1,0.18,0.00,0.18,160,160,0,0.00,0.00,0.00,0.00,0.00,0.00,-1.00,-1.00,0.00,-1.00,-1.00,0.00,-1.00,-1.00,0.00,2.46E-1,1.024E+5,0.00E+0,1.33E-2,-1.00,0.00E+0,1.33E-2,0x0004,0x0000,0x007F,0x0214,0x0000,0x0001,0x0000,0x0000,0x0000,0x0000,0x0000,0x0004,0x0000,0x0000,0x0000,0x0000,0x0000,0x0000,485
11:58:30 AM,6,0.00,0,0.00,-1.67,0.00,0.00,100.00,-1.00,-1.00,-1.00,0,1,1,100,0,-1,0.18,0.00,0.18,160,160,0,0.00,0.00,0.00,0.00,0.00,0.00,-1.00,-1.00,0.00,-1.00,-1.00,0.00,-1.00,-1.00,0.00,2.46E-1,1.024E+5,0.00E+0,1.33E-2,-1.00,0.00E+0,1.33E-2,0x0004,0x0000,0x007F,0x0214,0x0000,0x0001,0x0000,0x0000,0x0000,0x0000,0x0000,0x0004,0x0000,0x0000,0x0000,0x0000,0x0000,0x0000,486
11:58:35 AM,6,0.00,0,0.00,-1.67,0.00,0.00,100.00,-1.00,-1.00,-1.00,0,1,1,100,0,-1,0.18,0.00,0.18,160,160,0,0.00,0.00,0.00,0.00,0.00,0.00,-1.00,-1.00,0.00,-1.00,-1.00,0.00,-1.00,-1.00,0.00,2.44E-1,1.024E+5,0.00E+0,1.33E-2,-1.00,0.00E+0,1.33E-2,0x0004,0x0000,0x007F,0x0214,0x0000,0x0001,0x0000,0x0000,0x0000,0x0000,0x0000,0x0004,0x0000,0x0000,0x0000,0x0000,0x0000,0x0000,487
11:58:40 AM,6,0.00,0,0.00,-1.67,0.00,0.00,100.00,-1.00,-1.00,-1.00,0,1,1,100,0,-1,0.18,0.00,0.18,160,160,0,0.00,0.00,0.00,0.00,0.00,0.00,-1.00,-1.00,0.00,-1.00,-1.00,0.00,-1.00,-1.00,0.00,2.42E-1,1.024E+5,0.00E+0,1.33E-2,-1.00,0.00E+0,1.33E-2,0x0004,0x0000,0x007F,0x0214,0x0000,0x0001,0x0000,0x0000,0x0000,0x0000,0x0000,0x0004,0x0000,0x0000,0x0000,0x0000,0x0000,0x0000,488
11:58:45 AM,6,0.00,0,0.00,-1.67,0.00,0.00,100.00,-1.00,-1.00,-1.00,0,1,1,100,0,-1,0.18,0.00,0.18,160,160,0,0.00,0.00,0.00,0.00,0.00,0.00,-1.00,-1.00,0.00,-1.00,-1.00,0.00,-1.00,-1.00,0.00,2.40E-1,1.024E+5,0.00E+0,1.33E-2,-1.00,0.00E+0,1.33E-2,0x0004,0x0000,0x007F,0x0214,0x0000,0x0001,0x0000,0x0000,0x0000,0x0000,0x0000,0x0004,0x0000,0x0000,0x0000,0x0000,0x0000,0x0000,489
11:58:50 AM,6,0.00,0,0.00,-1.67,0.00,0.00,100.00,-1.00,-1.00,-1.00,0,1,1,100,0,-1,0.18,0.00,0.18,160,160,0,0.00,0.00,0.00,0.00,0.00,0.00,-1.00,-1.00,0.00,-1.00,-1.00,0.00,-1.00,-1.00,0.00,2.42E-1,1.024E+5,0.00E+0,1.33E-2,-1.00,0.00E+0,1.33E-2,0x0004,0x0000,0x007F,0x0214,0x0000,0x0001,0x0000,0x0000,0x0000,0x0000,0x0000,0x0004,0x0000,0x0000,0x0000,0x0000,0x0000,0x0000,490
11:58:55 AM,6,0.00,0,0.00,-1.67,0.00,0.00,100.00,-1.00,-1.00,-1.00,0,1,1,100,0,-1,0.18,0.00,0.18,160,160,0,0.00,0.00,0.00,0.00,0.00,0.00,-1.00,-1.00,0.00,-1.00,-1.00,0.00,-1.00,-1.00,0.00,2.44E-1,1.024E+5,0.00E+0,1.33E-2,-1.00,0.00E+0,1.33E-2,0x0004,0x0000,0x007F,0x0214,0x0000,0x0001,0x0000,0x0000,0x0000,0x0000,0x0000,0x0004,0x0000,0x0000,0x0000,0x0000,0x0000,0x0000,491
11:59:00 AM,6,0.00,0,0.00,-1.67,0.00,0.00,100.00,-1.00,-1.00,-1.00,0,1,1,100,0,-1,0.18,0.00,0.18,160,160,0,0.00,0.00,0.00,0.00,0.00,0.00,-1.00,-1.00,0.00,-1.00,-1.00,0.00,-1.00,-1.00,0.00,2.37E-1,1.024E+5,0.00E+0,1.33E-2,-1.00,0.00E+0,1.33E-2,0x0004,0x0000,0x007F,0x0214,0x0000,0x0001,0x0000,0x0000,0x0000,0x0000,0x0000,0x0004,0x0000,0x0000,0x0000,0x0000,0x0000,0x0000,492
11:59:05 AM,6,0.00,0,0.00,-1.67,0.00,0.00,100.00,-1.00,-1.00,-1.00,0,1,1,100,0,-1,0.18,0.00,0.18,160,160,0,0.00,0.00,0.00,0.00,0.00,0.00,-1.00,-1.00,0.00,-1.00,-1.00,0.00,-1.00,-1.00,0.00,2.44E-1,1.024E+5,0.00E+0,1.33E-2,-1.00,0.00E+0,1.33E-2,0x0004,0x0000,0x007F,0x0214,0x0000,0x0001,0x0000,0x0000,0x0000,0x0000,0x0000,0x0004,0x0000,0x0000,0x0000,0x0000,0x0000,0x0000,493
11:59:10 AM,6,0.00,0,0.00,-1.67,0.00,0.00,100.00,-1.00,-1.00,-1.00,0,1,1,100,0,-1,0.18,0.00,0.18,160,160,0,0.00,0.00,0.00,0.00,0.00,0.00,-1.00,-1.00,0.00,-1.00,-1.00,0.00,-1.00,-1.00,0.00,2.46E-1,1.024E+5,0.00E+0,1.33E-2,-1.00,0.00E+0,1.33E-2,0x0004,0x0000,0x007F,0x0214,0x0000,0x0001,0x0000,0x0000,0x0000,0x0000,0x0000,0x0004,0x0000,0x0000,0x0000,0x0000,0x0000,0x0000,494
11:59:15 AM,6,0.00,0,0.00,-1.67,0.00,0.00,100.00,-1.00,-1.00,-1.00,0,1,1,100,0,-1,0.18,0.00,0.18,160,160,0,0.00,0.00,0.00,0.00,0.00,0.00,-1.00,-1.00,0.00,-1.00,-1.00,0.00,-1.00,-1.00,0.00,2.46E-1,1.024E+5,0.00E+0,1.33E-2,-1.00,0.00E+0,1.33E-2,0x0004,0x0000,0x007F,0x0214,0x0000,0x0001,0x0000,0x0000,0x0000,0x0000,0x0000,0x0004,0x0000,0x0000,0x0000,0x0000,0x0000,0x0000,495
11:59:20 AM,6,0.00,0,0.00,-1.67,0.00,0.00,100.00,-1.00,-1.00,-1.00,0,1,1,100,0,-1,0.18,0.00,0.18,160,160,0,0.00,0.00,0.00,0.00,0.00,0.00,-1.00,-1.00,0.00,-1.00,-1.00,0.00,-1.00,-1.00,0.00,2.46E-1,1.024E+5,0.00E+0,1.33E-2,-1.00,0.00E+0,1.33E-2,0x0004,0x0000,0x007F,0x0214,0x0000,0x0001,0x0000,0x0000,0x0000,0x0000,0x0000,0x0004,0x0000,0x0000,0x0000,0x0000,0x0000,0x0000,496
11:59:25 AM,6,0.00,0,0.00,-1.67,0.00,0.00,100.00,-1.00,-1.00,-1.00,0,1,1,100,0,-1,0.18,0.00,0.18,160,160,0,0.00,0.00,0.00,0.00,0.00,0.00,-1.00,-1.00,0.00,-1.00,-1.00,0.00,-1.00,-1.00,0.00,2.42E-1,1.024E+5,0.00E+0,1.33E-2,-1.00,0.00E+0,1.33E-2,0x0004,0x0000,0x007F,0x0214,0x0000,0x0001,0x0000,0x0000,0x0000,0x0000,0x0000,0x0004,0x0000,0x0000,0x0000,0x0000,0x0000,0x0000,497
11:59:30 AM,6,0.00,0,0.00,-1.67,0.00,0.00,100.00,-1.00,-1.00,-1.00,0,1,1,100,0,-1,0.18,0.00,0.18,160,160,0,0.00,0.00,0.00,0.00,0.00,0.00,-1.00,-1.00,0.00,-1.00,-1.00,0.00,-1.00,-1.00,0.00,2.42E-1,1.024E+5,0.00E+0,1.33E-2,-1.00,0.00E+0,1.33E-2,0x0004,0x0000,0x007F,0x0214,0x0000,0x0001,0x0000,0x0000,0x0000,0x0000,0x0000,0x0004,0x0000,0x0000,0x0000,0x0000,0x0000,0x0000,498
11:59:35 AM,6,0.00,0,0.00,-1.67,0.00,0.00,100.00,-1.00,-1.00,-1.00,0,1,1,100,0,-1,0.18,0.00,0.18,160,160,0,0.00,0.00,0.00,0.00,0.00,0.00,-1.00,-1.00,0.00,-1.00,-1.00,0.00,-1.00,-1.00,0.00,2.42E-1,1.024E+5,0.00E+0,1.33E-2,-1.00,0.00E+0,1.33E-2,0x0004,0x0000,0x007F,0x0214,0x0000,0x0001,0x0000,0x0000,0x0000,0x0000,0x0000,0x0004,0x0000,0x0000,0x0000,0x0000,0x0000,0x0000,499
11:59:39 AM,6,0.00,0,0.00,-1.67,0.00,0.00,100.00,-1.00,-1.00,-1.00,0,1,1,100,0,-1,0.18,0.00,0.18,160,160,0,0.00,0.00,0.00,0.00,0.00,0.00,-1.00,-1.00,0.00,-1.00,-1.00,0.00,-1.00,-1.00,0.00,2.46E-1,1.024E+5,0.00E+0,1.33E-2,-1.00,0.00E+0,1.33E-2,0x0004,0x0000,0x007F,0x0214,0x0000,0x0001,0x0000,0x0000,0x0000,0x0000,0x0000,0x0004,0x0000,0x0000,0x0000,0x0000,0x0000,0x0000,500
11:59:44 AM,6,0.00,0,0.00,-1.67,0.00,0.00,100.00,-1.00,-1.00,-1.00,0,1,1,100,0,-1,0.18,0.00,0.18,160,160,0,0.00,0.00,0.00,0.00,0.00,0.00,-1.00,-1.00,0.00,-1.00,-1.00,0.00,-1.00,-1.00,0.00,2.46E-1,1.024E+5,0.00E+0,1.33E-2,-1.00,0.00E+0,1.33E-2,0x0004,0x0000,0x007F,0x0214,0x0000,0x0001,0x0000,0x0000,0x0000,0x0000,0x0000,0x0004,0x0000,0x0000,0x0000,0x0000,0x0000,0x0000,501
11:59:49 AM,6,0.00,0,0.00,-1.67,0.00,0.00,100.00,-1.00,-1.00,-1.00,0,1,1,100,0,-1,0.18,0.00,0.18,160,160,0,0.00,0.00,0.00,0.00,0.00,0.00,-1.00,-1.00,0.00,-1.00,-1.00,0.00,-1.00,-1.00,0.00,2.42E-1,1.024E+5,0.00E+0,1.33E-2,-1.00,0.00E+0,1.33E-2,0x0004,0x0000,0x007F,0x0214,0x0000,0x0001,0x0000,0x0000,0x0000,0x0000,0x0000,0x0004,0x0000,0x0000,0x0000,0x0000,0x0000,0x0000,502
11:59:54 AM,6,0.00,0,0.00,-1.67,0.00,0.00,100.00,-1.00,-1.00,-1.00,0,1,1,100,0,-1,0.18,0.00,0.18,160,160,0,0.00,0.00,0.00,0.00,0.00,0.00,-1.00,-1.00,0.00,-1.00,-1.00,0.00,-1.00,-1.00,0.00,2.42E-1,1.024E+5,0.00E+0,1.33E-2,-1.00,0.00E+0,1.33E-2,0x0004,0x0000,0x007F,0x0214,0x0000,0x0001,0x0000,0x0000,0x0000,0x0000,0x0000,0x0004,0x0000,0x0000,0x0000,0x0000,0x0000,0x0000,503
11:59:59 AM,6,0.00,0,0.00,-1.67,0.00,0.00,100.00,-1.00,-1.00,-1.00,0,1,1,100,0,-1,0.18,0.00,0.18,160,160,0,0.00,0.00,0.00,0.00,0.00,0.00,-1.00,-1.00,0.00,-1.00,-1.00,0.00,-1.00,-1.00,0.00,2.48E-1,1.024E+5,0.00E+0,1.33E-2,-1.00,0.00E+0,1.33E-2,0x0004,0x0000,0x007F,0x0214,0x0000,0x0001,0x0000,0x0000,0x0000,0x0000,0x0000,0x0004,0x0000,0x0000,0x0000,0x0000,0x0000,0x0000,504
12:00:04 PM,6,0.00,0,0.00,-1.67,0.00,0.00,100.00,-1.00,-1.00,-1.00,0,1,1,100,0,-1,0.18,0.00,0.18,160,160,0,0.00,0.00,0.00,0.00,0.00,0.00,-1.00,-1.00,0.00,-1.00,-1.00,0.00,-1.00,-1.00,0.00,2.42E-1,1.024E+5,0.00E+0,1.33E-2,-1.00,0.00E+0,1.33E-2,0x0004,0x0000,0x007F,0x0214,0x0000,0x0001,0x0000,0x0000,0x0000,0x0000,0x0000,0x0004,0x0000,0x0000,0x0000,0x0000,0x0000,0x0000,505
12:00:09 PM,6,0.00,0,0.00,-1.67,0.00,0.00,100.00,-1.00,-1.00,-1.00,0,1,1,100,0,-1,0.18,0.00,0.18,160,160,0,0.00,0.00,0.00,0.00,0.00,0.00,-1.00,-1.00,0.00,-1.00,-1.00,0.00,-1.00,-1.00,0.00,2.46E-1,1.024E+5,0.00E+0,1.33E-2,-1.00,0.00E+0,1.33E-2,0x0004,0x0000,0x007F,0x0214,0x0000,0x0001,0x0000,0x0000,0x0000,0x0000,0x0000,0x0004,0x0000,0x0000,0x0000,0x0000,0x0000,0x0000,506
12:00:14 PM,6,0.00,0,0.00,-1.67,0.00,0.00,100.00,-1.00,-1.00,-1.00,0,1,1,100,0,-1,0.18,0.00,0.18,160,160,0,0.00,0.00,0.00,0.00,0.00,0.00,-1.00,-1.00,0.00,-1.00,-1.00,0.00,-1.00,-1.00,0.00,2.42E-1,1.024E+5,0.00E+0,1.33E-2,-1.00,0.00E+0,1.33E-2,0x0004,0x0000,0x007F,0x0214,0x0000,0x0001,0x0000,0x0000,0x0000,0x0000,0x0000,0x0004,0x0000,0x0000,0x0000,0x0000,0x0000,0x0000,507
12:00:19 PM,6,0.00,0,0.00,-1.67,0.00,0.00,100.00,-1.00,-1.00,-1.00,0,1,1,100,0,-1,0.18,0.00,0.18,160,160,0,0.00,0.00,0.00,0.00,0.00,0.00,-1.00,-1.00,0.00,-1.00,-1.00,0.00,-1.00,-1.00,0.00,2.44E-1,1.024E+5,0.00E+0,1.33E-2,-1.00,0.00E+0,1.33E-2,0x0004,0x0000,0x007F,0x0214,0x0000,0x0001,0x0000,0x0000,0x0000,0x0000,0x0000,0x0004,0x0000,0x0000,0x0000,0x0000,0x0000,0x0000,508
12:00:24 PM,6,0.00,0,0.00,-1.67,0.00,0.00,100.00,-1.00,-1.00,-1.00,0,1,1,100,0,-1,0.18,0.00,0.18,160,160,0,0.00,0.00,0.00,0.00,0.00,0.00,-1.00,-1.00,0.00,-1.00,-1.00,0.00,-1.00,-1.00,0.00,2.46E-1,1.024E+5,0.00E+0,1.33E-2,-1.00,0.00E+0,1.33E-2,0x0004,0x0000,0x007F,0x0214,0x0000,0x0001,0x0000,0x0000,0x0000,0x0000,0x0000,0x0004,0x0000,0x0000,0x0000,0x0000,0x0000,0x0000,509
12:00:29 PM,6,0.00,0,0.00,-1.67,0.00,0.00,100.00,-1.00,-1.00,-1.00,0,1,1,100,0,-1,0.18,0.00,0.18,160,160,0,0.00,0.00,0.00,0.00,0.00,0.00,-1.00,-1.00,0.00,-1.00,-1.00,0.00,-1.00,-1.00,0.00,2.51E-1,1.024E+5,0.00E+0,1.33E-2,-1.00,0.00E+0,1.33E-2,0x0004,0x0000,0x007F,0x0214,0x0000,0x0001,0x0000,0x0000,0x0000,0x0000,0x0000,0x0004,0x0000,0x0000,0x0000,0x0000,0x0000,0x0000,510
12:00:34 PM,6,0.00,0,0.00,-1.67,0.00,0.00,100.00,-1.00,-1.00,-1.00,0,1,1,100,0,-1,0.18,0.00,0.18,160,160,0,0.00,0.00,0.00,0.00,0.00,0.00,-1.00,-1.00,0.00,-1.00,-1.00,0.00,-1.00,-1.00,0.00,2.46E-1,1.024E+5,0.00E+0,1.33E-2,-1.00,0.00E+0,1.33E-2,0x0004,0x0000,0x007F,0x0214,0x0000,0x0001,0x0000,0x0000,0x0000,0x0000,0x0000,0x0004,0x0000,0x0000,0x0000,0x0000,0x0000,0x0000,511
12:00:39 PM,6,0.00,0,0.00,-1.67,0.00,0.00,100.00,-1.00,-1.00,-1.00,0,1,1,100,0,-1,0.18,0.00,0.18,160,160,0,0.00,0.00,0.00,0.00,0.00,0.00,-1.00,-1.00,0.00,-1.00,-1.00,0.00,-1.00,-1.00,0.00,2.46E-1,1.024E+5,0.00E+0,1.33E-2,-1.00,0.00E+0,1.33E-2,0x0004,0x0000,0x007F,0x0214,0x0000,0x0001,0x0000,0x0000,0x0000,0x0000,0x0000,0x0004,0x0000,0x0000,0x0000,0x0000,0x0000,0x0000,512
12:00:44 PM,6,0.00,0,0.00,-1.67,0.00,0.00,100.00,-1.00,-1.00,-1.00,0,1,1,100,0,-1,0.18,0.00,0.18,160,160,0,0.00,0.00,0.00,0.00,0.00,0.00,-1.00,-1.00,0.00,-1.00,-1.00,0.00,-1.00,-1.00,0.00,2.46E-1,1.024E+5,0.00E+0,1.33E-2,-1.00,0.00E+0,1.33E-2,0x0004,0x0000,0x007F,0x0214,0x0000,0x0001,0x0000,0x0000,0x0000,0x0000,0x0000,0x0004,0x0000,0x0000,0x0000,0x0000,0x0000,0x0000,513
12:00:49 PM,6,0.00,0,0.00,-1.67,0.00,0.00,100.00,-1.00,-1.00,-1.00,0,1,1,100,0,-1,0.18,0.00,0.18,160,160,0,0.00,0.00,0.00,0.00,0.00,0.00,-1.00,-1.00,0.00,-1.00,-1.00,0.00,-1.00,-1.00,0.00,2.42E-1,1.024E+5,0.00E+0,1.33E-2,-1.00,0.00E+0,1.33E-2,0x0004,0x0000,0x007F,0x0214,0x0000,0x0001,0x0000,0x0000,0x0000,0x0000,0x0000,0x0004,0x0000,0x0000,0x0000,0x0000,0x0000,0x0000,514
12:00:54 PM,6,0.00,0,0.00,-1.67,0.00,0.00,100.00,-1.00,-1.00,-1.00,0,1,1,100,0,-1,0.18,0.00,0.18,160,160,0,0.00,0.00,0.00,0.00,0.00,0.00,-1.00,-1.00,0.00,-1.00,-1.00,0.00,-1.00,-1.00,0.00,2.46E-1,1.024E+5,0.00E+0,1.33E-2,-1.00,0.00E+0,1.33E-2,0x0004,0x0000,0x007F,0x0214,0x0000,0x0001,0x0000,0x0000,0x0000,0x0000,0x0000,0x0004,0x0000,0x0000,0x0000,0x0000,0x0000,0x0000,515
12:00:59 PM,6,0.00,0,0.00,-1.67,0.00,0.00,100.00,-1.00,-1.00,-1.00,0,1,1,100,0,-1,0.18,0.00,0.18,160,160,0,0.00,0.00,0.00,0.00,0.00,0.00,-1.00,-1.00,0.00,-1.00,-1.00,0.00,-1.00,-1.00,0.00,2.44E-1,1.024E+5,0.00E+0,1.33E-2,-1.00,0.00E+0,1.33E-2,0x0004,0x0000,0x007F,0x0214,0x0000,0x0001,0x0000,0x0000,0x0000,0x0000,0x0000,0x0004,0x0000,0x0000,0x0000,0x0000,0x0000,0x0000,516
12:01:04 PM,6,0.00,0,0.00,-1.67,0.00,0.00,100.00,-1.00,-1.00,-1.00,0,1,1,100,0,-1,0.18,0.00,0.18,160,160,0,0.00,0.00,0.00,0.00,0.00,0.00,-1.00,-1.00,0.00,-1.00,-1.00,0.00,-1.00,-1.00,0.00,2.46E-1,1.024E+5,0.00E+0,1.33E-2,-1.00,0.00E+0,1.33E-2,0x0004,0x0000,0x007F,0x0214,0x0000,0x0001,0x0000,0x0000,0x0000,0x0000,0x0000,0x0004,0x0000,0x0000,0x0000,0x0000,0x0000,0x0000,517
11:58:05 AM,6,0.00,0,0.00,-1.67,0.00,0.00,100.00,-1.00,-1.00,-1.00,0,1,1,100,0,-1,0.18,0.00,0.18,160,160,0,0.00,0.00,0.00,0.00,0.00,0.00,-1.00,-1.00,0.00,-1.00,-1.00,0.00,-1.00,-1.00,0.00,2.44E-1,1.024E+5,0.00E+0,1.33E-2,-1.00,0.00E+0,1.33E-2,0x0004,0x0000,0x007F,0x0214,0x0000,0x0001,0x0000,0x0000,0x0000,0x0000,0x0000,0x0004,0x0000,0x0000,0x0000,0x0000,0x0000,0x0000,518
11:58:10 AM,6,0.00,0,0.00,-1.67,0.00,0.00,100.00,-1.00,-1.00,-1.00,0,1,1,100,0,-1,0.18,0.00,0.18,160,160,0,0.00,0.00,0.00,0.00,0.00,0.00,-1.00,-1.00,0.00,-1.00,-1.00,0.00,-1.00,-1.00,0.00,2.42E-1,1.024E+5,0.00E+0,1.33E-2,-1.00,0.00E+0,1.33E-2,0x0004,0x0000,0x007F,0x0214,0x0000,0x0001,0x0000,0x0000,0x0000,0x0000,0x0000,0x0004,0x0000,0x0000,0x0000,0x0000,0x0000,0x0000,519
11:58:15 AM,6,0.00,0,0.00,-1.67,0.00,0.00,100.00,-1.00,-1.00,-1.00,0,1,1,100,0,-1,0.18,0.00,0.18,160,160,0,0.00,0.00,0.00,0.00,0.00,0.00,-1.00,-1.00,0.00,-1.00,-1.00,0.00,-1.00,-1.00,0.00,2.42E-1,1.024E+5,0.00E+0,1.33E-2,-1.00,0.00E+0,1.33E-2,0x0004,0x0000,0x007F,0x0214,0x0000,0x0001,0x0000,0x0000,0x0000,0x0000,0x0000,0x0004,0x0000,0x0000,0x0000,0x0000,0x0000,0x0000,520
11:58:20 AM,6,0.00,0,0.00,-1.67,0.00,0.00,100.00,-1.00,-1.00,-1.00,0,1,1,100,0,-1,0.18,0.00,0.18,160,160,0,0.00,0.00,0.00,0.00,0.00,0.00,-1.00,-1.00,0.00,-1.00,-1.00,0.00,-1.00,-1.00,0.00,2.46E-1,1.024E+5,0.00E+0,1.33E-2,-1.00,0.00E+0,1.33E-2,0x0004,0x0000,0x007F,0x0214,0x0000,0x0001,0x0000,0x0000,0x0000,0x0000,0x0000,0x0004,0x0000,0x0000,0x0000,0x0000,0x0000,0x0000,521
11:58:25 AM,6,0.00,0,0.00,-1.67,0.00,0.00,100.00,-1.00,-1.00,-1.00,0,1,1,100,0,-1,0.18,0.00,0.18,160,160,0,0.00,0.00,0.00,0.00,0.00,0.00,-1.00,-1.00,0.00,-1.00,-1.00,0.00,-1.00,-1.00,0.00,2.46E-1,1.024E+5,0.00E+0,1.33E-2,-1.00,0.00E+0,1.33E-2,0x0004,0x0000,0x007F,0x0214,0x0000,0x0001,0x0000,0x0000,0x0000,0x0000,0x0000,0x0004,0x0000,0x0000,0x0000,0x0000,0x0000,0x0000,522
11:58:30 AM,6,0.00,0,0.00,-1.67,0.00,0.00,100.00,-1.00,-1.00,-1.00,0,1,1,100,0,-1,0.18,0.00,0.18,160,160,0,0.00,0.00,0.00,0.00,0.00,0.00,-1.00,-1.00,0.00,-1.00,-1.00,0.00,-1.00,-1.00,0.00,2.46E-1,1.024E+5,0.00E+0,1.33E-2,-1.00,0.00E+0,1.33E-2,0x0004,0x0000,0x007F,0x0214,0x0000,0x0001,0x0000,0x0000,0x0000,0x0000,0x0000,0x0004,0x0000,0x0000,0x0000,0x0000,0x0000,0x0000,523
11:58:35 AM,6,0.00,0,0.00,-1.67,0.00,0.00,100.00,-1.00,-1.00,-1.00,0,1,1,100,0,-1,0.18,0.00,0.18,160,160,0,0.00,0.00,0.00,0.00,0.00,0.00,-1.00,-1.00,0.00,-1.00,-1.00,0.00,-1.00,-1.00,0.00,2.44E-1,1.024E+5,0.00E+0,1.33E-2,-1.00,0.00E+0,1.33E-2,0x0004,0x0000,0x007F,0x0214,0x0000,0x0001,0x0000,0x0000,0x0000,0x0000,0x0000,0x0004,0x0000,0x0000,0x0000,0x0000,0x0000,0x0000,524
11:58:40 AM,6,0.00,0,0.00,-1.67,0.00,0.00,100.00,-1.00,-1.00,-1.00,0,1,1,100,0,-1,0.18,0.00,0.18,160,160,0,0.00,0.00,0.00,0.00,0.00,0.00,-1.00,-1.00,0.00,-1.00,-1.00,0.00,-1.00,-1.00,0.00,2.42E-1,1.024E+5,0.00E+0,1.33E-2,-1.00,0.00E+0,1.33E-2,0x0004,0x0000,0x007F,0x0214,0x0000,0x0001,0x0000,0x0000,0x0000,0x0000,0x0000,0x0004,0x0000,0x0000,0x0000,0x0000,0x0000,0x0000,525
11:58:45 AM,6,0.00,0,0.00,-1.67,0.00,0.00,100.00,-1.00,-1.00,-1.00,0,1,1,100,0,-1,0.18,0.00,0.18,160,160,0,0.00,0.00,0.00,0.00,0.00,0.00,-1.00,-1.00,0.00,-1.00,-1.00,0.00,-1.00,-1.00,0.00,2.40E-1,1.024E+5,0.00E+0,1.33E-2,-1.00,0.00E+0,1.33E-2,0x0004,0x0000,0x007F,0x0214,0x0000,0x0001,0x0000,0x0000,0x0000,0x0000,0x0000,0x0004,0x0000,0x0000,0x0000,0x0000,0x0000,0x0000,526
11:58:50 AM,6,0.00,0,0.00,-1.67,0.00,0.00,100.00,-1.00,-1.00,-1.00,0,1,1,100,0,-1,0.18,0.00,0.18,160,160,0,0.00,0.00,0.00,0.00,0.00,0.00,-1.00,-1.00,0.00,-1.00,-1.00,0.00,-1.00,-1.00,0.00,2.42E-1,1.024E+5,0.00E+0,1.33E-2,-1.00,0.00E+0,1.33E-2,0x0004,0x0000,0x007F,0x0214,0x0000,0x0001,0x0000,0x0000,0x0000,0x0000,0x0000,0x0004,0x0000,0x0000,0x0000,0x0000,0x0000,0x0000,527
11:58:55 AM,6,0.00,0,0.00,-1.67,0.00,0.00,100.00,-1.00,-1.00,-1.00,0,1,1,100,0,-1,0.18,0.00,0.18,160,160,0,0.00,0.00,0.00,0.00,0.00,0.00,-1.00,-1.00,0.00,-1.00,-1.00,0.00,-1.00,-1.00,0.00,2.44E-1,1.024E+5,0.00E+0,1.33E-2,-1.00,0.00E+0,1.33E-2,0x0004,0x0000,0x007F,0x0214,0x0000,0x0001,0x0000,0x0000,0x0000,0x0000,0x0000,0x0004,0x0000,0x0000,0x0000,0x0000,0x0000,0x0000,528
11:59:00 AM,6,0.00,0,0.00,-1.67,0.00,0.00,100.00,-1.00,-1.00,-1.00,0,1,1,100,0,-1,0.18,0.00,0.18,160,160,0,0.00,0.00,0.00,0.00,0.00,0.00,-1.00,-1.00,0.00,-1.00,-1.00,0.00,-1.00,-1.00,0.00,2.37E-1,1.024E+5,0.00E+0,1.33E-2,-1.00,0.00E+0,1.33E-2,0x0004,0x0000,0x007F,0x0214,0x0000,0x0001,0x0000,0x0000,0x0000,0x0000,0x0000,0x0004,0x0000,0x0000,0x0000,0x0000,0x0000,0x0000,529
11:59:05 AM,6,0.00,0,0.00,-1.67,0.00,0.00,100.00,-1.00,-1.00,-1.00,0,1,1,100,0,-1,0.18,0.00,0.18,160,160,0,0.00,0.00,0.00,0.00,0.00,0.00,-1.00,-1.00,0.00,-1.00,-1.00,0.00,-1.00,-1.00,0.00,2.44E-1,1.024E+5,0.00E+0,1.33E-2,-1.00,0.00E+0,1.33E-2,0x0004,0x0000,0x007F,0x0214,0x0000,0x0001,0x0000,0x0000,0x0000,0x0000,0x0000,0x0004,0x0000,0x0000,0x0000,0x0000,0x0000,0x0000,530
11:59:10 AM,6,0.00,0,0.00,-1.67,0.00,0.00,100.00,-1.00,-1.00,-1.00,0,1,1,100,0,-1,0.18,0.00,0.18,160,160,0,0.00,0.00,0.00,0.00,0.00,0.00,-1.00,-1.00,0.00,-1.00,-1.00,0.00,-1.00,-1.00,0.00,2.46E-1,1.024E+5,0.00E+0,1.33E-2,-1.00,0.00E+0,1.33E-2,0x0004,0x0000,0x007F,0x0214,0x0000,0x0001,0x0000,0x0000,0x0000,0x0000,0x0000,0x0004,0x0000,0x0000,0x0000,0x0000,0x0000,0x0000,531
11:59:15 AM,6,0.00,0,0.00,-1.67,0.00,0.00,100.00,-1.00,-1.00,-1.00,0,1,1,100,0,-1,0.18,0.00,0.18,160,160,0,0.00,0.00,0.00,0.00,0.00,0.00,-1.00,-1.00,0.00,-1.00,-1.00,0.00,-1.00,-1.00,0.00,2.46E-1,1.024E+5,0.00E+0,1.33E-2,-1.00,0.00E+0,1.33E-2,0x0004,0x0000,0x007F,0x0214,0x0000,0x0001,0x0000,0x0000,0x0000,0x0000,0x0000,0x0004,0x0000,0x0000,0x0000,0x0000,0x0000,0x0000,532
11:59:20 AM,6,0.00,0,0.00,-1.67,0.00,0.00,100.00,-1.00,-1.00,-1.00,0,1,1,100,0,-1,0.18,0.00,0.18,160,160,0,0.00,0.00,0.00,0.00,0.00,0.00,-1.00,-1.00,0.00,-1.00,-1.00,0.00,-1.00,-1.00,0.00,2.46E-1,1.024E+5,0.00E+0,1.33E-2,-1.00,0.00E+0,1.33E-2,0x0004,0x0000,0x007F,0x0214,0x0000,0x0001,0x0000,0x0000,0x0000,0x0000,0x0000,0x0004,0x0000,0x0000,0x0000,0x0000,0x0000,0x0000,533
11:59:25 AM,6,0.00,0,0.00,-1.67,0.00,0.00,100.00,-1.00,-1.00,-1.00,0,1,1,100,0,-1,0.18,0.00,0.18,160,160,0,0.00,0.00,0.00,0.00,0.00,0.00,-1.00,-1.00,0.00,-1.00,-1.00,0.00,-1.00,-1.00,0.00,2.42E-1,1.024E+5,0.00E+0,1.33E-2,-1.00,0.00E+0,1.33E-2,0x0004,0x0000,0x007F,0x0214,0x0000,0x0001,0x0000,0x0000,0x0000,0x0000,0x0000,0x0004,0x0000,0x0000,0x0000,0x0000,0x0000,0x0000,534
11:59:30 AM,6,0.00,0,0.00,-1.67,0.00,0.00,100.00,-1.00,-1.00,-1.00,0,1,1,100,0,-1,0.18,0.00,0.18,160,160,0,0.00,0.00,0.00,0.00,0.00,0.00,-1.00,-1.00,0.00,-1.00,-1.00,0.00,-1.00,-1.00,0.00,2.42E-1,1.024E+5,0.00E+0,1.33E-2,-1.00,0.00E+0,1.33E-2,0x0004,0x0000,0x007F,0x0214,0x0000,0x0001,0x0000,0x0000,0x0000,0x0000,0x0000,0x0004,0x0000,0x0000,0x0000,0x0000,0x0000,0x0000,535
11:59:35 AM,6,0.00,0,0.00,-1.67,0.00,0.00,100.00,-1.00,-1.00,-1.00,0,1,1,100,0,-1,0.18,0.00,0.18,160,160,0,0.00,0.00,0.00,0.00,0.00,0.00,-1.00,-1.00,0.00,-1.00,-1.00,0.00,-1.00,-1.00,0.00,2.42E-1,1.024E+5,0.00E+0,1.33E-2,-1.00,0.00E+0,1.33E-2,0x0004,0x0000,0x007F,0x0214,0x0000,0x0001,0x0000,0x0000,0x0000,0x0000,0x0000,0x0004,0x0000,0x0000,0x0000,0x0000,0x0000,0x0000,536
11:59:39 AM,6,0.00,0,0.00,-1.67,0.00,0.00,100.00,-1.00,-1.00,-1.00,0,1,1,100,0,-1,0.18,0.00,0.18,160,160,0,0.00,0.00,0.00,0.00,0.00,0.00,-1.00,-1.00,0.00,-1.00,-1.00,0.00,-1.00,-1.00,0.00,2.46E-1,1.024E+5,0.00E+0,1.33E-2,-1.00,0.00E+0,1.33E-2,0x0004,0x0000,0x007F,0x0214,0x0000,0x0001,0x0000,0x0000,0x0000,0x0000,0x0000,0x0004,0x0000,0x0000,0x0000,0x0000,0x0000,0x0000,537
11:59:44 AM,6,0.00,0,0.00,-1.67,0.00,0.00,100.00,-1.00,-1.00,-1.00,0,1,1,100,0,-1,0.18,0.00,0.18,160,160,0,0.00,0.00,0.00,0.00,0.00,0.00,-1.00,-1.00,0.00,-1.00,-1.00,0.00,-1.00,-1.00,0.00,2.46E-1,1.024E+5,0.00E+0,1.33E-2,-1.00,0.00E+0,1.33E-2,0x0004,0x0000,0x007F,0x0214,0x0000,0x0001,0x0000,0x0000,0x0000,0x0000,0x0000,0x0004,0x0000,0x0000,0x0000,0x0000,0x0000,0x0000,538
11:59:49 AM,6,0.00,0,0.00,-1.67,0.00,0.00,100.00,-1.00,-1.00,-1.00,0,1,1,100,0,-1,0.18,0.00,0.18,160,160,0,0.00,0.00,0.00,0.00,0.00,0.00,-1.00,-1.00,0.00,-1.00,-1.00,0.00,-1.00,-1.00,0.00,2.42E-1,1.024E+5,0.00E+0,1.33E-2,-1.00,0.00E+0,1.33E-2,0x0004,0x0000,0x007F,0x0214,0x0000,0x0001,0x0000,0x0000,0x0000,0x0000,0x0000,0x0004,0x0000,0x0000,0x0000,0x0000,0x0000,0x0000,539
11:59:54 AM,6,0.00,0,0.00,-1.67,0.00,0.00,100.00,-1.00,-1.00,-1.00,0,1,1,100,0,-1,0.18,0.00,0.18,160,160,0,0.00,0.00,0.00,0.00,0.00,0.00,-1.00,-1.00,0.00,-1.00,-1.00,0.00,-1.00,-1.00,0.00,2.42E-1,1.024E+5,0.00E+0,1.33E-2,-1.00,0.00E+0,1.33E-2,0x0004,0x0000,0x007F,0x0214,0x0000,0x0001,0x0000,0x0000,0x0000,0x0000,0x0000,0x0004,0x0000,0x0000,0x0000,0x0000,0x0000,0x0000,540
11:59:59 AM,6,0.00,0,0.00,-1.67,0.00,0.00,100.00,-1.00,-1.00,-1.00,0,1,1,100,0,-1,0.18,0.00,0.18,160,160,0,0.00,0.00,0.00,0.00,0.00,0.00,-1.00,-1.00,0.00,-1.00,-1.00,0.00,-1.00,-1.00,0.00,2.48E-1,1.024E+5,0.00E+0,1.33E-2,-1.00,0.00E+0,1.33E-2,0x0004,0x0000,0x007F,0x0214,0x0000,0x0001,0x0000,0x0000,0x0000,0x0000,0x0000,0x0004,0x0000,0x0000,0x0000,0x0000,0x0000,0x0000,541
12:00:04 PM,6,0.00,0,0.00,-1.67,0.00,0.00,100.00,-1.00,-1.00,-1.00,0,1,1,100,0,-1,0.18,0.00,0.18,160,160,0,0.00,0.00,0.00,0.00,0.00,0.00,-1.00,-1.00,0.00,-1.00,-1.00,0.00,-1.00,-1.00,0.00,2.42E-1,1.024E+5,0.00E+0,1.33E-2,-1.00,0.00E+0,1.33E-2,0x0004,0x0000,0x007F,0x0214,0x0000,0x0001,0x0000,0x0000,0x0000,0x0000,0x0000,0x0004,0x0000,0x0000,0x0000,0x0000,0x0000,0x0000,542
12:00:09 PM,6,0.00,0,0.00,-1.67,0.00,0.00,100.00,-1.00,-1.00,-1.00,0,1,1,100,0,-1,0.18,0.00,0.18,160,160,0,0.00,0.00,0.00,0.00,0.00,0.00,-1.00,-1.00,0.00,-1.00,-1.00,0.00,-1.00,-1.00,0.00,2.46E-1,1.024E+5,0.00E+0,1.33E-2,-1.00,0.00E+0,1.33E-2,0x0004,0x0000,0x007F,0x0214,0x0000,0x0001,0x0000,0x0000,0x0000,0x0000,0x0000,0x0004,0x0000,0x0000,0x0000,0x0000,0x0000,0x0000,543
12:00:14 PM,6,0.00,0,0.00,-1.67,0.00,0.00,100.00,-1.00,-1.00,-1.00,0,1,1,100,0,-1,0.18,0.00,0.18,160,160,0,0.00,0.00,0.00,0.00,0.00,0.00,-1.00,-1.00,0.00,-1.00,-1.00,0.00,-1.00,-1.00,0.00,2.42E-1,1.024E+5,0.00E+0,1.33E-2,-1.00,0.00E+0,1.33E-2,0x0004,0x0000,0x007F,0x0214,0x0000,0x0001,0x0000,0x0000,0x0000,0x0000,0x0000,0x0004,0x0000,0x0000,0x0000,0x0000,0x0000,0x0000,544
12:00:19 PM,6,0.00,0,0.00,-1.67,0.00,0.00,100.00,-1.00,-1.00,-1.00,0,1,1,100,0,-1,0.18,0.00,0.18,160,160,0,0.00,0.00,0.00,0.00,0.00,0.00,-1.00,-1.00,0.00,-1.00,-1.00,0.00,-1.00,-1.00,0.00,2.44E-1,1.024E+5,0.00E+0,1.33E-2,-1.00,0.00E+0,1.33E-2,0x0004,0x0000,0x007F,0x0214,0x0000,0x0001,0x0000,0x0000,0x0000,0x0000,0x0000,0x0004,0x0000,0x0000,0x0000,0x0000,0x0000,0x0000,545
12:00:24 PM,6,0.00,0,0.00,-1.67,0.00,0.00,100.00,-1.00,-1.00,-1.00,0,1,1,100,0,-1,0.18,0.00,0.18,160,160,0,0.00,0.00,0.00,0.00,0.00,0.00,-1.00,-1.00,0.00,-1.00,-1.00,0.00,-1.00,-1.00,0.00,2.46E-1,1.024E+5,0.00E+0,1.33E-2,-1.00,0.00E+0,1.33E-2,0x0004,0x0000,0x007F,0x0214,0x0000,0x0001,0x0000,0x0000,0x0000,0x0000,0x0000,0x0004,0x0000,0x0000,0x0000,0x0000,0x0000,0x0000,546
12:00:29 PM,6,0.00,0,0.00,-1.67,0.00,0.00,100.00,-1.00,-1.00,-1.00,0,1,1,100,0,-1,0.18,0.00,0.18,160,160,0,0.00,0.00,0.00,0.00,0.00,0.00,-1.00,-1.00,0.00,-1.00,-1.00,0.00,-1.00,-1.00,0.00,2.51E-1,1.024E+5,0.00E+0,1.33E-2,-1.00,0.00E+0,1.33E-2,0x0004,0x0000,0x007F,0x0214,0x0000,0x0001,0x0000,0x0000,0x0000,0x0000,0x0000,0x0004,0x0000,0x0000,0x0000,0x0000,0x0000,0x0000,547
12:00:34 PM,6,0.00,0,0.00,-1.67,0.00,0.00,100.00,-1.00,-1.00,-1.00,0,1,1,100,0,-1,0.18,0.00,0.18,160,160,0,0.00,0.00,0.00,0.00,0.00,0.00,-1.00,-1.00,0.00,-1.00,-1.00,0.00,-1.00,-1.00,0.00,2.46E-1,1.024E+5,0.00E+0,1.33E-2,-1.00,0.00E+0,1.33E-2,0x0004,0x0000,0x007F,0x0214,0x0000,0x0001,0x0000,0x0000,0x0000,0x0000,0x0000,0x0004,0x0000,0x0000,0x0000,0x0000,0x0000,0x0000,548
12:00:39 PM,6,0.00,0,0.00,-1.67,0.00,0.00,100.00,-1.00,-1.00,-1.00,0,1,1,100,0,-1,0.18,0.00,0.18,160,160,0,0.00,0.00,0.00,0.00,0.00,0.00,-1.00,-1.00,0.00,-1.00,-1.00,0.00,-1.00,-1.00,0.00,2.46E-1,1.024E+5,0.00E+0,1.33E-2,-1.00,0.00E+0,1.33E-2,0x0004,0x0000,0x007F,0x0214,0x0000,0x0001,0x0000,0x0000,0x0000,0x0000,0x0000,0x0004,0x0000,0x0000,0x0000,0x0000,0x0000,0x0000,549
12:00:44 PM,6,0.00,0,0.00,-1.67,0.00,0.00,100.00,-1.00,-1.00,-1.00,0,1,1,100,0,-1,0.18,0.00,0.18,160,160,0,0.00,0.00,0.00,0.00,0.00,0.00,-1.00,-1.00,0.00,-1.00,-1.00,0.00,-1.00,-1.00,0.00,2.46E-1,1.024E+5,0.00E+0,1.33E-2,-1.00,0.00E+0,1.33E-2,0x0004,0x0000,0x007F,0x0214,0x0000,0x0001,0x0000,0x0000,0x0000,0x0000,0x0000,0x0004,0x0000,0x0000,0x0000,0x0000,0x0000,0x0000,550
12:00:49 PM,6,0.00,0,0.00,-1.67,0.00,0.00,100.00,-1.00,-1.00,-1.00,0,1,1,100,0,-1,0.18,0.00,0.18,160,160,0,0.00,0.00,0.00,0.00,0.00,0.00,-1.00,-1.00,0.00,-1.00,-1.00,0.00,-1.00,-1.00,0.00,2.42E-1,1.024E+5,0.00E+0,1.33E-2,-1.00,0.00E+0,1.33E-2,0x0004,0x0000,0x007F,0x0214,0x0000,0x0001,0x0000,0x0000,0x0000,0x0000,0x0000,0x0004,0x0000,0x0000,0x0000,0x0000,0x0000,0x0000,551
12:00:54 PM,6,0.00,0,0.00,-1.67,0.00,0.00,100.00,-1.00,-1.00,-1.00,0,1,1,100,0,-1,0.18,0.00,0.18,160,160,0,0.00,0.00,0.00,0.00,0.00,0.00,-1.00,-1.00,0.00,-1.00,-1.00,0.00,-1.00,-1.00,0.00,2.46E-1,1.024E+5,0.00E+0,1.33E-2,-1.00,0.00E+0,1.33E-2,0x0004,0x0000,0x007F,0x0214,0x0000,0x0001,0x0000,0x0000,0x0000,0x0000,0x0000,0x0004,0x0000,0x0000,0x0000,0x0000,0x0000,0x0000,552
12:00:59 PM,6,0.00,0,0.00,-1.67,0.00,0.00,100.00,-1.00,-1.00,-1.00,0,1,1,100,0,-1,0.18,0.00,0.18,160,160,0,0.00,0.00,0.00,0.00,0.00,0.00,-1.00,-1.00,0.00,-1.00,-1.00,0.00,-1.00,-1.00,0.00,2.44E-1,1.024E+5,0.00E+0,1.33E-2,-1.00,0.00E+0,1.33E-2,0x0004,0x0000,0x007F,0x0214,0x0000,0x0001,0x0000,0x0000,0x0000,0x0000,0x0000,0x0004,0x0000,0x0000,0x0000,0x0000,0x0000,0x0000,553
12:01:04 PM,6,0.00,0,0.00,-1.67,0.00,0.00,100.00,-1.00,-1.00,-1.00,0,1,1,100,0,-1,0.18,0.00,0.18,160,160,0,0.00,0.00,0.00,0.00,0.00,0.00,-1.00,-1.00,0.00,-1.00,-1.00,0.00,-1.00,-1.00,0.00,2.46E-1,1.024E+5,0.00E+0,1.33E-2,-1.00,0.00E+0,1.33E-2,0x0004,0x0000,0x007F,0x0214,0x0000,0x0001,0x0000,0x0000,0x0000,0x0000,0x0000,0x0004,0x0000,0x0000,0x0000,0x0000,0x0000,0x0000,554
11:58:05 AM,6,0.00,0,0.00,-1.67,0.00,0.00,100.00,-1.00,-1.00,-1.00,0,1,1,100,0,-1,0.18,0.00,0.18,160,160,0,0.00,0.00,0.00,0.00,0.00,0.00,-1.00,-1.00,0.00,-1.00,-1.00,0.00,-1.00,-1.00,0.00,2.44E-1,1.024E+5,0.00E+0,1.33E-2,-1.00,0.00E+0,1.33E-2,0x0004,0x0000,0x007F,0x0214,0x0000,0x0001,0x0000,0x0000,0x0000,0x0000,0x0000,0x0004,0x0000,0x0000,0x0000,0x0000,0x0000,0x0000,555
11:58:10 AM,6,0.00,0,0.00,-1.67,0.00,0.00,100.00,-1.00,-1.00,-1.00,0,1,1,100,0,-1,0.18,0.00,0.18,160,160,0,0.00,0.00,0.00,0.00,0.00,0.00,-1.00,-1.00,0.00,-1.00,-1.00,0.00,-1.00,-1.00,0.00,2.42E-1,1.024E+5,0.00E+0,1.33E-2,-1.00,0.00E+0,1.33E-2,0x0004,0x0000,0x007F,0x0214,0x0000,0x0001,0x0000,0x0000,0x0000,0x0000,0x0000,0x0004,0x0000,0x0000,0x0000,0x0000,0x0000,0x0000,556
11:58:15 AM,6,0.00,0,0.00,-1.67,0.00,0.00,100.00,-1.00,-1.00,-1.00,0,1,1,100,0,-1,0.18,0.00,0.18,160,160,0,0.00,0.00,0.00,0.00,0.00,0.00,-1.00,-1.00,0.00,-1.00,-1.00,0.00,-1.00,-1.00,0.00,2.42E-1,1.024E+5,0.00E+0,1.33E-2,-1.00,0.00E+0,1.33E-2,0x0004,0x0000,0x007F,0x0214,0x0000,0x0001,0x0000,0x0000,0x0000,0x0000,0x0000,0x0004,0x0000,0x0000,0x0000,0x0000,0x0000,0x0000,557
11:58:20 AM,6,0.00,0,0.00,-1.67,0.00,0.00,100.00,-1.00,-1.00,-1.00,0,1,1,100,0,-1,0.18,0.00,0.18,160,160,0,0.00,0.00,0.00,0.00,0.00,0.00,-1.00,-1.00,0.00,-1.00,-1.00,0.00,-1.00,-1.00,0.00,2.46E-1,1.024E+5,0.00E+0,1.33E-2,-1.00,0.00E+0,1.33E-2,0x0004,0x0000,0x007F,0x0214,0x0000,0x0001,0x0000,0x0000,0x0000,0x0000,0x0000,0x0004,0x0000,0x0000,0x0000,0x0000,0x0000,0x0000,558
11:58:25 AM,6,0.00,0,0.00,-1.67,0.00,0.00,100.00,-1.00,-1.00,-1.00,0,1,1,100,0,-1,0.18,0.00,0.18,160,160,0,0.00,0.00,0.00,0.00,0.00,0.00,-1.00,-1.00,0.00,-1.00,-1.00,0.00,-1.00,-1.00,0.00,2.46E-1,1.024E+5,0.00E+0,1.33E-2,-1.00,0.00E+0,1.33E-2,0x0004,0x0000,0x007F,0x0214,0x0000,0x0001,0x0000,0x0000,0x0000,0x0000,0x0000,0x0004,0x0000,0x0000,0x0000,0x0000,0x0000,0x0000,559
11:58:30 AM,6,0.00,0,0.00,-1.67,0.00,0.00,100.00,-1.00,-1.00,-1.00,0,1,1,100,0,-1,0.18,0.00,0.18,160,160,0,0.00,0.00,0.00,0.00,0.00,0.00,-1.00,-1.00,0.00,-1.00,-1.00,0.00,-1.00,-1.00,0.00,2.46E-1,1.024E+5,0.00E+0,1.33E-2,-1.00,0.00E+0,1.33E-2,0x0004,0x0000,0x007F,0x0214,0x0000,0x0001,0x0000,0x0000,0x0000,0x0000,0x0000,0x0004,0x0000,0x0000,0x0000,0x0000,0x0000,0x0000,560
11:58:35 AM,6,0.00,0,0.00,-1.67,0.00,0.00,100.00,-1.00,-1.00,-1.00,0,1,1,100,0,-1,0.18,0.00,0.18,160,160,0,0.00,0.00,0.00,0.00,0.00,0.00,-1.00,-1.00,0.00,-1.00,-1.00,0.00,-1.00,-1.00,0.00,2.44E-1,1.024E+5,0.00E+0,1.33E-2,-1.00,0.00E+0,1.33E-2,0x0004,0x0000,0x007F,0x0214,0x0000,0x0001,0x0000,0x0000,0x0000,0x0000,0x0000,0x0004,0x0000,0x0000,0x0000,0x0000,0x0000,0x0000,561
11:58:40 AM,6,0.00,0,0.00,-1.67,0.00,0.00,100.00,-1.00,-1.00,-1.00,0,1,1,100,0,-1,0.18,0.00,0.18,160,160,0,0.00,0.00,0.00,0.00,0.00,0.00,-1.00,-1.00,0.00,-1.00,-1.00,0.00,-1.00,-1.00,0.00,2.42E-1,1.024E+5,0.00E+0,1.33E-2,-1.00,0.00E+0,1.33E-2,0x0004,0x0000,0x007F,0x0214,0x0000,0x0001,0x0000,0x0000,0x0000,0x0000,0x0000,0x0004,0x0000,0x0000,0x0000,0x0000,0x0000,0x0000,562
11:58:45 AM,6,0.00,0,0.00,-1.67,0.00,0.00,100.00,-1.00,-1.00,-1.00,0,1,1,100,0,-1,0.18,0.00,0.18,160,160,0,0.00,0.00,0.00,0.00,0.00,0.00,-1.00,-1.00,0.00,-1.00,-1.00,0.00,-1.00,-1.00,0.00,2.40E-1,1.024E+5,0.00E+0,1.33E-2,-1.00,0.00E+0,1.33E-2,0x0004,0x0000,0x007F,0x0214,0x0000,0x0001,0x0000,0x0000,0x0000,0x0000,0x0000,0x0004,0x0000,0x0000,0x0000,0x0000,0x0000,0x0000,563
11:58:50 AM,6,0.00,0,0.00,-1.67,0.00,0.00,100.00,-1.00,-1.00,-1.00,0,1,1,100,0,-1,0.18,0.00,0.18,160,160,0,0.00,0.00,0.00,0.00,0.00,0.00,-1.00,-1.00,0.00,-1.00,-1.00,0.00,-1.00,-1.00,0.00,2.42E-1,1.024E+5,0.00E+0,1.33E-2,-1.00,0.00E+0,1.33E-2,0x0004,0x0000,0x007F,0x0214,0x0000,0x0001,0x0000,0x0000,0x0000,0x0000,0x0000,0x0004,0x0000,0x0000,0x0000,0x0000,0x0000,0x0000,564
11:58:55 AM,6,0.00,0,0.00,-1.67,0.00,0.00,100.00,-1.00,-1.00,-1.00,0,1,1,100,0,-1,0.18,0.00,0.18,160,160,0,0.00,0.00,0.00,0.00,0.00,0.00,-1.00,-1.00,0.00,-1.00,-1.00,0.00,-1.00,-1.00,0.00,2.44E-1,1.024E+5,0.00E+0,1.33E-2,-1.00,0.00E+0,1.33E-2,0x0004,0x0000,0x007F,0x0214,0x0000,0x0001,0x0000,0x0000,0x0000,0x0000,0x0000,0x0004,0x0000,0x0000,0x0000,0x0000,0x0000,0x0000,565
11:59:00 AM,6,0.00,0,0.00,-1.67,0.00,0.00,100.00,-1.00,-1.00,-1.00,0,1,1,100,0,-1,0.18,0.00,0.18,160,160,0,0.00,0.00,0.00,0.00,0.00,0.00,-1.00,-1.00,0.00,-1.00,-1.00,0.00,-1.00,-1.00,0.00,2.37E-1,1.024E+5,0.00E+0,1.33E-2,-1.00,0.00E+0,1.33E-2,0x0004,0x0000,0x007F,0x0214,0x0000,0x0001,0x0000,0x0000,0x0000,0x0000,0x0000,0x0004,0x0000,0x0000,0x0000,0x0000,0x0000,0x0000,566
11:59:05 AM,6,0.00,0,0.00,-1.67,0.00,0.00,100.00,-1.00,-1.00,-1.00,0,1,1,100,0,-1,0.18,0.00,0.18,160,160,0,0.00,0.00,0.00,0.00,0.00,0.00,-1.00,-1.00,0.00,-1.00,-1.00,0.00,-1.00,-1.00,0.00,2.44E-1,1.024E+5,0.00E+0,1.33E-2,-1.00,0.00E+0,1.33E-2,0x0004,0x0000,0x007F,0x0214,0x0000,0x0001,0x0000,0x0000,0x0000,0x0000,0x0000,0x0004,0x0000,0x0000,0x0000,0x0000,0x0000,0x0000,567
11:59:10 AM,6,0.00,0,0.00,-1.67,0.00,0.00,100.00,-1.00,-1.00,-1.00,0,1,1,100,0,-1,0.18,0.00,0.18,160,160,0,0.00,0.00,0.00,0.00,0.00,0.00,-1.00,-1.00,0.00,-1.00,-1.00,0.00,-1.00,-1.00,0.00,2.46E-1,1.024E+5,0.00E+0,1.33E-2,-1.00,0.00E+0,1.33E-2,0x0004,0x0000,0x007F,0x0214,0x0000,0x0001,0x0000,0x0000,0x0000,0x0000,0x0000,0x0004,0x0000,0x0000,0x0000,0x0000,0x0000,0x0000,568
11:59:15 AM,6,0.00,0,0.00,-1.67,0.00,0.00,100.00,-1.00,-1.00,-1.00,0,1,1,100,0,-1,0.18,0.00,0.18,160,160,0,0.00,0.00,0.00,0.00,0.00,0.00,-1.00,-1.00,0.00,-1.00,-1.00,0.00,-1.00,-1.00,0.00,2.46E-1,1.024E+5,0.00E+0,1.33E-2,-1.00,0.00E+0,1.33E-2,0x0004,0x0000,0x007F,0x0214,0x0000,0x0001,0x0000,0x0000,0x0000,0x0000,0x0000,0x0004,0x0000,0x0000,0x0000,0x0000,0x0000,0x0000,569
11:59:20 AM,6,0.00,0,0.00,-1.67,0.00,0.00,100.00,-1.00,-1.00,-1.00,0,1,1,100,0,-1,0.18,0.00,0.18,160,160,0,0.00,0.00,0.00,0.00,0.00,0.00,-1.00,-1.00,0.00,-1.00,-1.00,0.00,-1.00,-1.00,0.00,2.46E-1,1.024E+5,0.00E+0,1.33E-2,-1.00,0.00E+0,1.33E-2,0x0004,0x0000,0x007F,0x0214,0x0000,0x0001,0x0000,0x0000,0x0000,0x0000,0x0000,0x0004,0x0000,0x0000,0x0000,0x0000,0x0000,0x0000,570
11:59:25 AM,6,0.00,0,0.00,-1.67,0.00,0.00,100.00,-1.00,-1.00,-1.00,0,1,1,100,0,-1,0.18,0.00,0.18,160,160,0,0.00,0.00,0.00,0.00,0.00,0.00,-1.00,-1.00,0.00,-1.00,-1.00,0.00,-1.00,-1.00,0.00,2.42E-1,1.024E+5,0.00E+0,1.33E-2,-1.00,0.00E+0,1.33E-2,0x0004,0x0000,0x007F,0x0214,0x0000,0x0001,0x0000,0x0000,0x0000,0x0000,0x0000,0x0004,0x0000,0x0000,0x0000,0x0000,0x0000,0x0000,571
11:59:30 AM,6,0.00,0,0.00,-1.67,0.00,0.00,100.00,-1.00,-1.00,-1.00,0,1,1,100,0,-1,0.18,0.00,0.18,160,160,0,0.00,0.00,0.00,0.00,0.00,0.00,-1.00,-1.00,0.00,-1.00,-1.00,0.00,-1.00,-1.00,0.00,2.42E-1,1.024E+5,0.00E+0,1.33E-2,-1.00,0.00E+0,1.33E-2,0x0004,0x0000,0x007F,0x0214,0x0000,0x0001,0x0000,0x0000,0x0000,0x0000,0x0000,0x0004,0x0000,0x0000,0x0000,0x0000,0x0000,0x0000,572
11:59:35 AM,6,0.00,0,0.00,-1.67,0.00,0.00,100.00,-1.00,-1.00,-1.00,0,1,1,100,0,-1,0.18,0.00,0.18,160,160,0,0.00,0.00,0.00,0.00,0.00,0.00,-1.00,-1.00,0.00,-1.00,-1.00,0.00,-1.00,-1.00,0.00,2.42E-1,1.024E+5,0.00E+0,1.33E-2,-1.00,0.00E+0,1.33E-2,0x0004,0x0000,0x007F,0x0214,0x0000,0x0001,0x0000,0x0000,0x0000,0x0000,0x0000,0x0004,0x0000,0x0000,0x0000,0x0000,0x0000,0x0000,573
11:59:39 AM,6,0.00,0,0.00,-1.67,0.00,0.00,100.00,-1.00,-1.00,-1.00,0,1,1,100,0,-1,0.18,0.00,0.18,160,160,0,0.00,0.00,0.00,0.00,0.00,0.00,-1.00,-1.00,0.00,-1.00,-1.00,0.00,-1.00,-1.00,0.00,2.46E-1,1.024E+5,0.00E+0,1.33E-2,-1.00,0.00E+0,1.33E-2,0x0004,0x0000,0x007F,0x0214,0x0000,0x0001,0x0000,0x0000,0x0000,0x0000,0x0000,0x0004,0x0000,0x0000,0x0000,0x0000,0x0000,0x0000,574
11:59:44 AM,6,0.00,0,0.00,-1.67,0.00,0.00,100.00,-1.00,-1.00,-1.00,0,1,1,100,0,-1,0.18,0.00,0.18,160,160,0,0.00,0.00,0.00,0.00,0.00,0.00,-1.00,-1.00,0.00,-1.00,-1.00,0.00,-1.00,-1.00,0.00,2.46E-1,1.024E+5,0.00E+0,1.33E-2,-1.00,0.00E+0,1.33E-2,0x0004,0x0000,0x007F,0x0214,0x0000,0x0001,0x0000,0x0000,0x0000,0x0000,0x0000,0x0004,0x0000,0x0000,0x0000,0x0000,0x0000,0x0000,575
11:59:49 AM,6,0.00,0,0.00,-1.67,0.00,0.00,100.00,-1.00,-1.00,-1.00,0,1,1,100,0,-1,0.18,0.00,0.18,160,160,0,0.00,0.00,0.00,0.00,0.00,0.00,-1.00,-1.00,0.00,-1.00,-1.00,0.00,-1.00,-1.00,0.00,2.42E-1,1.024E+5,0.00E+0,1.33E-2,-1.00,0.00E+0,1.33E-2,0x0004,0x0000,0x007F,0x0214,0x0000,0x0001,0x0000,0x0000,0x0000,0x0000,0x0000,0x0004,0x0000,0x0000,0x0000,0x0000,0x0000,0x0000,576
11:59:54 AM,6,0.00,0,0.00,-1.67,0.00,0.00,100.00,-1.00,-1.00,-1.00,0,1,1,100,0,-1,0.18,0.00,0.18,160,160,0,0.00,0.00,0.00,0.00,0.00,0.00,-1.00,-1.00,0.00,-1.00,-1.00,0.00,-1.00,-1.00,0.00,2.42E-1,1.024E+5,0.00E+0,1.33E-2,-1.00,0.00E+0,1.33E-2,0x0004,0x0000,0x007F,0x0214,0x0000,0x0001,0x0000,0x0000,0x0000,0x0000,0x0000,0x0004,0x0000,0x0000,0x0000,0x0000,0x0000,0x0000,577
11:59:59 AM,6,0.00,0,0.00,-1.67,0.00,0.00,100.00,-1.00,-1.00,-1.00,0,1,1,100,0,-1,0.18,0.00,0.18,160,160,0,0.00,0.00,0.00,0.00,0.00,0.00,-1.00,-1.00,0.00,-1.00,-1.00,0.00,-1.00,-1.00,0.00,2.48E-1,1.024E+5,0.00E+0,1.33E-2,-1.00,0.00E+0,1.33E-2,0x0004,0x0000,0x007F,0x0214,0x0000,0x0001,0x0000,0x0000,0x0000,0x0000,0x0000,0x0004,0x0000,0x0000,0x0000,0x0000,0x0000,0x0000,578
12:00:04 PM,6,0.00,0,0.00,-1.67,0.00,0.00,100.00,-1.00,-1.00,-1.00,0,1,1,100,0,-1,0.18,0.00,0.18,160,160,0,0.00,0.00,0.00,0.00,0.00,0.00,-1.00,-1.00,0.00,-1.00,-1.00,0.00,-1.00,-1.00,0.00,2.42E-1,1.024E+5,0.00E+0,1.33E-2,-1.00,0.00E+0,1.33E-2,0x0004,0x0000,0x007F,0x0214,0x0000,0x0001,0x0000,0x0000,0x0000,0x0000,0x0000,0x0004,0x0000,0x0000,0x0000,0x0000,0x0000,0x0000,579
12:00:09 PM,6,0.00,0,0.00,-1.67,0.00,0.00,100.00,-1.00,-1.00,-1.00,0,1,1,100,0,-1,0.18,0.00,0.18,160,160,0,0.00,0.00,0.00,0.00,0.00,0.00,-1.00,-1.00,0.00,-1.00,-1.00,0.00,-1.00,-1.00,0.00,2.46E-1,1.024E+5,0.00E+0,1.33E-2,-1.00,0.00E+0,1.33E-2,0x0004,0x0000,0x007F,0x0214,0x0000,0x0001,0x0000,0x0000,0x0000,0x0000,0x0000,0x0004,0x0000,0x0000,0x0000,0x0000,0x0000,0x0000,580
12:00:14 PM,6,0.00,0,0.00,-1.67,0.00,0.00,100.00,-1.00,-1.00,-1.00,0,1,1,100,0,-1,0.18,0.00,0.18,160,160,0,0.00,0.00,0.00,0.00,0.00,0.00,-1.00,-1.00,0.00,-1.00,-1.00,0.00,-1.00,-1.00,0.00,2.42E-1,1.024E+5,0.00E+0,1.33E-2,-1.00,0.00E+0,1.33E-2,0x0004,0x0000,0x007F,0x0214,0x0000,0x0001,0x0000,0x0000,0x0000,0x0000,0x0000,0x0004,0x0000,0x0000,0x0000,0x0000,0x0000,0x0000,581
12:00:19 PM,6,0.00,0,0.00,-1.67,0.00,0.00,100.00,-1.00,-1.00,-1.00,0,1,1,100,0,-1,0.18,0.00,0.18,160,160,0,0.00,0.00,0.00,0.00,0.00,0.00,-1.00,-1.00,0.00,-1.00,-1.00,0.00,-1.00,-1.00,0.00,2.44E-1,1.024E+5,0.00E+0,1.33E-2,-1.00,0.00E+0,1.33E-2,0x0004,0x0000,0x007F,0x0214,0x0000,0x0001,0x0000,0x0000,0x0000,0x0000,0x0000,0x0004,0x0000,0x0000,0x0000,0x0000,0x0000,0x0000,582
12:00:24 PM,6,0.00,0,0.00,-1.67,0.00,0.00,100.00,-1.00,-1.00,-1.00,0,1,1,100,0,-1,0.18,0.00,0.18,160,160,0,0.00,0.00,0.00,0.00,0.00,0.00,-1.00,-1.00,0.00,-1.00,-1.00,0.00,-1.00,-1.00,0.00,2.46E-1,1.024E+5,0.00E+0,1.33E-2,-1.00,0.00E+0,1.33E-2,0x0004,0x0000,0x007F,0x0214,0x0000,0x0001,0x0000,0x0000,0x0000,0x0000,0x0000,0x0004,0x0000,0x0000,0x0000,0x0000,0x0000,0x0000,583
12:00:29 PM,6,0.00,0,0.00,-1.67,0.00,0.00,100.00,-1.00,-1.00,-1.00,0,1,1,100,0,-1,0.18,0.00,0.18,160,160,0,0.00,0.00,0.00,0.00,0.00,0.00,-1.00,-1.00,0.00,-1.00,-1.00,0.00,-1.00,-1.00,0.00,2.51E-1,1.024E+5,0.00E+0,1.33E-2,-1.00,0.00E+0,1.33E-2,0x0004,0x0000,0x007F,0x0214,0x0000,0x0001,0x0000,0x0000,0x0000,0x0000,0x0000,0x0004,0x0000,0x0000,0x0000,0x0000,0x0000,0x0000,584
12:00:34 PM,6,0.00,0,0.00,-1.67,0.00,0.00,100.00,-1.00,-1.00,-1.00,0,1,1,100,0,-1,0.18,0.00,0.18,160,160,0,0.00,0.00,0.00,0.00,0.00,0.00,-1.00,-1.00,0.00,-1.00,-1.00,0.00,-1.00,-1.00,0.00,2.46E-1,1.024E+5,0.00E+0,1.33E-2,-1.00,0.00E+0,1.33E-2,0x0004,0x0000,0x007F,0x0214,0x0000,0x0001,0x0000,0x0000,0x0000,0x0000,0x0000,0x0004,0x0000,0x0000,0x0000,0x0000,0x0000,0x0000,585
12:00:39 PM,6,0.00,0,0.00,-1.67,0.00,0.00,100.00,-1.00,-1.00,-1.00,0,1,1,100,0,-1,0.18,0.00,0.18,160,160,0,0.00,0.00,0.00,0.00,0.00,0.00,-1.00,-1.00,0.00,-1.00,-1.00,0.00,-1.00,-1.00,0.00,2.46E-1,1.024E+5,0.00E+0,1.33E-2,-1.00,0.00E+0,1.33E-2,0x0004,0x0000,0x007F,0x0214,0x0000,0x0001,0x0000,0x0000,0x0000,0x0000,0x0000,0x0004,0x0000,0x0000,0x0000,0x0000,0x0000,0x0000,586
12:00:44 PM,6,0.00,0,0.00,-1.67,0.00,0.00,100.00,-1.00,-1.00,-1.00,0,1,1,100,0,-1,0.18,0.00,0.18,160,160,0,0.00,0.00,0.00,0.00,0.00,0.00,-1.00,-1.00,0.00,-1.00,-1.00,0.00,-1.00,-1.00,0.00,2.46E-1,1.024E+5,0.00E+0,1.33E-2,-1.00,0.00E+0,1.33E-2,0x0004,0x0000,0x007F,0x0214,0x0000,0x0001,0x0000,0x0000,0x0000,0x0000,0x0000,0x0004,0x0000,0x0000,0x0000,0x0000,0x0000,0x0000,587
12:00:49 PM,6,0.00,0,0.00,-1.67,0.00,0.00,100.00,-1.00,-1.00,-1.00,0,1,1,100,0,-1,0.18,0.00,0.18,160,160,0,0.00,0.00,0.00,0.00,0.00,0.00,-1.00,-1.00,0.00,-1.00,-1.00,0.00,-1.00,-1.00,0.00,2.42E-1,1.024E+5,0.00E+0,1.33E-2,-1.00,0.00E+0,1.33E-2,0x0004,0x0000,0x007F,0x0214,0x0000,0x0001,0x0000,0x0000,0x0000,0x0000,0x0000,0x0004,0x0000,0x0000,0x0000,0x0000,0x0000,0x0000,588
12:00:54 PM,6,0.00,0,0.00,-1.67,0.00,0.00,100.00,-1.00,-1.00,-1.00,0,1,1,100,0,-1,0.18,0.00,0.18,160,160,0,0.00,0.00,0.00,0.00,0.00,0.00,-1.00,-1.00,0.00,-1.00,-1.00,0.00,-1.00,-1.00,0.00,2.46E-1,1.024E+5,0.00E+0,1.33E-2,-1.00,0.00E+0,1.33E-2,0x0004,0x0000,0x007F,0x0214,0x0000,0x0001,0x0000,0x0000,0x0000,0x0000,0x0000,0x0004,0x0000,0x0000,0x0000,0x0000,0x0000,0x0000,589
12:00:59 PM,6,0.00,0,0.00,-1.67,0.00,0.00,100.00,-1.00,-1.00,-1.00,0,1,1,100,0,-1,0.18,0.00,0.18,160,160,0,0.00,0.00,0.00,0.00,0.00,0.00,-1.00,-1.00,0.00,-1.00,-1.00,0.00,-1.00,-1.00,0.00,2.44E-1,1.024E+5,0.00E+0,1.33E-2,-1.00,0.00E+0,1.33E-2,0x0004,0x0000,0x007F,0x0214,0x0000,0x0001,0x0000,0x0000,0x0000,0x0000,0x0000,0x0004,0x0000,0x0000,0x0000,0x0000,0x0000,0x0000,590
12:01:04 PM,6,0.00,0,0.00,-1.67,0.00,0.00,100.00,-1.00,-1.00,-1.00,0,1,1,100,0,-1,0.18,0.00,0.18,160,160,0,0.00,0.00,0.00,0.00,0.00,0.00,-1.00,-1.00,0.00,-1.00,-1.00,0.00,-1.00,-1.00,0.00,2.46E-1,1.024E+5,0.00E+0,1.33E-2,-1.00,0.00E+0,1.33E-2,0x0004,0x0000,0x007F,0x0214,0x0000,0x0001,0x0000,0x0000,0x0000,0x0000,0x0000,0x0004,0x0000,0x0000,0x0000,0x0000,0x0000,0x0000,591
11:58:05 AM,6,0.00,0,0.00,-1.67,0.00,0.00,100.00,-1.00,-1.00,-1.00,0,1,1,100,0,-1,0.18,0.00,0.18,160,160,0,0.00,0.00,0.00,0.00,0.00,0.00,-1.00,-1.00,0.00,-1.00,-1.00,0.00,-1.00,-1.00,0.00,2.44E-1,1.024E+5,0.00E+0,1.33E-2,-1.00,0.00E+0,1.33E-2,0x0004,0x0000,0x007F,0x0214,0x0000,0x0001,0x0000,0x0000,0x0000,0x0000,0x0000,0x0004,0x0000,0x0000,0x0000,0x0000,0x0000,0x0000,592
11:58:10 AM,6,0.00,0,0.00,-1.67,0.00,0.00,100.00,-1.00,-1.00,-1.00,0,1,1,100,0,-1,0.18,0.00,0.18,160,160,0,0.00,0.00,0.00,0.00,0.00,0.00,-1.00,-1.00,0.00,-1.00,-1.00,0.00,-1.00,-1.00,0.00,2.42E-1,1.024E+5,0.00E+0,1.33E-2,-1.00,0.00E+0,1.33E-2,0x0004,0x0000,0x007F,0x0214,0x0000,0x0001,0x0000,0x0000,0x0000,0x0000,0x0000,0x0004,0x0000,0x0000,0x0000,0x0000,0x0000,0x0000,593
11:58:15 AM,6,0.00,0,0.00,-1.67,0.00,0.00,100.00,-1.00,-1.00,-1.00,0,1,1,100,0,-1,0.18,0.00,0.18,160,160,0,0.00,0.00,0.00,0.00,0.00,0.00,-1.00,-1.00,0.00,-1.00,-1.00,0.00,-1.00,-1.00,0.00,2.42E-1,1.024E+5,0.00E+0,1.33E-2,-1.00,0.00E+0,1.33E-2,0x0004,0x0000,0x007F,0x0214,0x0000,0x0001,0x0000,0x0000,0x0000,0x0000,0x0000,0x0004,0x0000,0x0000,0x0000,0x0000,0x0000,0x0000,594
11:58:20 AM,6,0.00,0,0.00,-1.67,0.00,0.00,100.00,-1.00,-1.00,-1.00,0,1,1,100,0,-1,0.18,0.00,0.18,160,160,0,0.00,0.00,0.00,0.00,0.00,0.00,-1.00,-1.00,0.00,-1.00,-1.00,0.00,-1.00,-1.00,0.00,2.46E-1,1.024E+5,0.00E+0,1.33E-2,-1.00,0.00E+0,1.33E-2,0x0004,0x0000,0x007F,0x0214,0x0000,0x0001,0x0000,0x0000,0x0000,0x0000,0x0000,0x0004,0x0000,0x0000,0x0000,0x0000,0x0000,0x0000,595
11:58:25 AM,6,0.00,0,0.00,-1.67,0.00,0.00,100.00,-1.00,-1.00,-1.00,0,1,1,100,0,-1,0.18,0.00,0.18,160,160,0,0.00,0.00,0.00,0.00,0.00,0.00,-1.00,-1.00,0.00,-1.00,-1.00,0.00,-1.00,-1.00,0.00,2.46E-1,1.024E+5,0.00E+0,1.33E-2,-1.00,0.00E+0,1.33E-2,0x0004,0x0000,0x007F,0x0214,0x0000,0x0001,0x0000,0x0000,0x0000,0x0000,0x0000,0x0004,0x0000,0x0000,0x0000,0x0000,0x0000,0x0000,596
11:58:30 AM,6,0.00,0,0.00,-1.67,0.00,0.00,100.00,-1.00,-1.00,-1.00,0,1,1,100,0,-1,0.18,0.00,0.18,160,160,0,0.00,0.00,0.00,0.00,0.00,0.00,-1.00,-1.00,0.00,-1.00,-1.00,0.00,-1.00,-1.00,0.00,2.46E-1,1.024E+5,0.00E+0,1.33E-2,-1.00,0.00E+0,1.33E-2,0x0004,0x0000,0x007F,0x0214,0x0000,0x0001,0x0000,0x0000,0x0000,0x0000,0x0000,0x0004,0x0000,0x0000,0x0000,0x0000,0x0000,0x0000,597
11:58:35 AM,6,0.00,0,0.00,-1.67,0.00,0.00,100.00,-1.00,-1.00,-1.00,0,1,1,100,0,-1,0.18,0.00,0.18,160,160,0,0.00,0.00,0.00,0.00,0.00,0.00,-1.00,-1.00,0.00,-1.00,-1.00,0.00,-1.00,-1.00,0.00,2.44E-1,1.024E+5,0.00E+0,1.33E-2,-1.00,0.00E+0,1.33E-2,0x0004,0x0000,0x007F,0x0214,0x0000,0x0001,0x0000,0x0000,0x0000,0x0000,0x0000,0x0004,0x0000,0x0000,0x0000,0x0000,0x0000,0x0000,598
11:58:40 AM,6,0.00,0,0.00,-1.67,0.00,0.00,100.00,-1.00,-1.00,-1.00,0,1,1,100,0,-1,0.18,0.00,0.18,160,160,0,0.00,0.00,0.00,0.00,0.00,0.00,-1.00,-1.00,0.00,-1.00,-1.00,0.00,-1.00,-1.00,0.00,2.42E-1,1.024E+5,0.00E+0,1.33E-2,-1.00,0.00E+0,1.33E-2,0x0004,0x0000,0x007F,0x0214,0x0000,0x0001,0x0000,0x0000,0x0000,0x0000,0x0000,0x0004,0x0000,0x0000,0x0000,0x0000,0x0000,0x0000,599
11:58:45 AM,6,0.00,0,0.00,-1.67,0.00,0.00,100.00,-1.00,-1.00,-1.00,0,1,1,100,0,-1,0.18,0.00,0.18,160,160,0,0.00,0.00,0.00,0.00,0.00,0.00,-1.00,-1.00,0.00,-1.00,-1.00,0.00,-1.00,-1.00,0.00,2.40E-1,1.024E+5,0.00E+0,1.33E-2,-1.00,0.00E+0,1.33E-2,0x0004,0x0000,0x007F,0x0214,0x0000,0x0001,0x0000,0x0000,0x0000,0x0000,0x0000,0x0004,0x0000,0x0000,0x0000,0x0000,0x0000,0x0000,600
11:58:50 AM,6,0.00,0,0.00,-1.67,0.00,0.00,100.00,-1.00,-1.00,-1.00,0,1,1,100,0,-1,0.18,0.00,0.18,160,160,0,0.00,0.00,0.00,0.00,0.00,0.00,-1.00,-1.00,0.00,-1.00,-1.00,0.00,-1.00,-1.00,0.00,2.42E-1,1.024E+5,0.00E+0,1.33E-2,-1.00,0.00E+0,1.33E-2,0x0004,0x0000,0x007F,0x0214,0x0000,0x0001,0x0000,0x0000,0x0000,0x0000,0x0000,0x0004,0x0000,0x0000,0x0000,0x0000,0x0000,0x0000,601
11:58:55 AM,6,0.00,0,0.00,-1.67,0.00,0.00,100.00,-1.00,-1.00,-1.00,0,1,1,100,0,-1,0.18,0.00,0.18,160,160,0,0.00,0.00,0.00,0.00,0.00,0.00,-1.00,-1.00,0.00,-1.00,-1.00,0.00,-1.00,-1.00,0.00,2.44E-1,1.024E+5,0.00E+0,1.33E-2,-1.00,0.00E+0,1.33E-2,0x0004,0x0000,0x007F,0x0214,0x0000,0x0001,0x0000,0x0000,0x0000,0x0000,0x0000,0x0004,0x0000,0x0000,0x0000,0x0000,0x0000,0x0000,602
11:59:00 AM,6,0.00,0,0.00,-1.67,0.00,0.00,100.00,-1.00,-1.00,-1.00,0,1,1,100,0,-1,0.18,0.00,0.18,160,160,0,0.00,0.00,0.00,0.00,0.00,0.00,-1.00,-1.00,0.00,-1.00,-1.00,0.00,-1.00,-1.00,0.00,2.37E-1,1.024E+5,0.00E+0,1.33E-2,-1.00,0.00E+0,1.33E-2,0x0004,0x0000,0x007F,0x0214,0x0000,0x0001,0x0000,0x0000,0x0000,0x0000,0x0000,0x0004,0x0000,0x0000,0x0000,0x0000,0x0000,0x0000,603
11:59:05 AM,6,0.00,0,0.00,-1.67,0.00,0.00,100.00,-1.00,-1.00,-1.00,0,1,1,100,0,-1,0.18,0.00,0.18,160,160,0,0.00,0.00,0.00,0.00,0.00,0.00,-1.00,-1.00,0.00,-1.00,-1.00,0.00,-1.00,-1.00,0.00,2.44E-1,1.024E+5,0.00E+0,1.33E-2,-1.00,0.00E+0,1.33E-2,0x0004,0x0000,0x007F,0x0214,0x0000,0x0001,0x0000,0x0000,0x0000,0x0000,0x0000,0x0004,0x0000,0x0000,0x0000,0x0000,0x0000,0x0000,604
11:59:10 AM,6,0.00,0,0.00,-1.67,0.00,0.00,100.00,-1.00,-1.00,-1.00,0,1,1,100,0,-1,0.18,0.00,0.18,160,160,0,0.00,0.00,0.00,0.00,0.00,0.00,-1.00,-1.00,0.00,-1.00,-1.00,0.00,-1.00,-1.00,0.00,2.46E-1,1.024E+5,0.00E+0,1.33E-2,-1.00,0.00E+0,1.33E-2,0x0004,0x0000,0x007F,0x0214,0x0000,0x0001,0x0000,0x0000,0x0000,0x0000,0x0000,0x0004,0x0000,0x0000,0x0000,0x0000,0x0000,0x0000,605
11:59:15 AM,6,0.00,0,0.00,-1.67,0.00,0.00,100.00,-1.00,-1.00,-1.00,0,1,1,100,0,-1,0.18,0.00,0.18,160,160,0,0.00,0.00,0.00,0.00,0.00,0.00,-1.00,-1.00,0.00,-1.00,-1.00,0.00,-1.00,-1.00,0.00,2.46E-1,1.024E+5,0.00E+0,1.33E-2,-1.00,0.00E+0,1.33E-2,0x0004,0x0000,0x007F,0x0214,0x0000,0x0001,0x0000,0x0000,0x0000,0x0000,0x0000,0x0004,0x0000,0x0000,0x0000,0x0000,0x0000,0x0000,606
11:59:20 AM,6,0.00,0,0.00,-1.67,0.00,0.00,100.00,-1.00,-1.00,-1.00,0,1,1,100,0,-1,0.18,0.00,0.18,160,160,0,0.00,0.00,0.00,0.00,0.00,0.00,-1.00,-1.00,0.00,-1.00,-1.00,0.00,-1.00,-1.00,0.00,2.46E-1,1.024E+5,0.00E+0,1.33E-2,-1.00,0.00E+0,1.33E-2,0x0004,0x0000,0x007F,0x0214,0x0000,0x0001,0x0000,0x0000,0x0000,0x0000,0x0000,0x0004,0x0000,0x0000,0x0000,0x0000,0x0000,0x0000,607
11:59:25 AM,6,0.00,0,0.00,-1.67,0.00,0.00,100.00,-1.00,-1.00,-1.00,0,1,1,100,0,-1,0.18,0.00,0.18,160,160,0,0.00,0.00,0.00,0.00,0.00,0.00,-1.00,-1.00,0.00,-1.00,-1.00,0.00,-1.00,-1.00,0.00,2.42E-1,1.024E+5,0.00E+0,1.33E-2,-1.00,0.00E+0,1.33E-2,0x0004,0x0000,0x007F,0x0214,0x0000,0x0001,0x0000,0x0000,0x0000,0x0000,0x0000,0x0004,0x0000,0x0000,0x0000,0x0000,0x0000,0x0000,608
11:59:30 AM,6,0.00,0,0.00,-1.67,0.00,0.00,100.00,-1.00,-1.00,-1.00,0,1,1,100,0,-1,0.18,0.00,0.18,160,160,0,0.00,0.00,0.00,0.00,0.00,0.00,-1.00,-1.00,0.00,-1.00,-1.00,0.00,-1.00,-1.00,0.00,2.42E-1,1.024E+5,0.00E+0,1.33E-2,-1.00,0.00E+0,1.33E-2,0x0004,0x0000,0x007F,0x0214,0x0000,0x0001,0x0000,0x0000,0x0000,0x0000,0x0000,0x0004,0x0000,0x0000,0x0000,0x0000,0x0000,0x0000,609
11:59:35 AM,6,0.00,0,0.00,-1.67,0.00,0.00,100.00,-1.00,-1.00,-1.00,0,1,1,100,0,-1,0.18,0.00,0.18,160,160,0,0.00,0.00,0.00,0.00,0.00,0.00,-1.00,-1.00,0.00,-1.00,-1.00,0.00,-1.00,-1.00,0.00,2.42E-1,1.024E+5,0.00E+0,1.33E-2,-1.00,0.00E+0,1.33E-2,0x0004,0x0000,0x007F,0x0214,0x0000,0x0001,0x0000,0x0000,0x0000,0x0000,0x0000,0x0004,0x0000,0x0000,0x0000,0x0000,0x0000,0x0000,610
11:59:39 AM,6,0.00,0,0.00,-1.67,0.00,0.00,100.00,-1.00,-1.00,-1.00,0,1,1,100,0,-1,0.18,0.00,0.18,160,160,0,0.00,0.00,0.00,0.00,0.00,0.00,-1.00,-1.00,0.00,-1.00,-1.00,0.00,-1.00,-1.00,0.00,2.46E-1,1.024E+5,0.00E+0,1.33E-2,-1.00,0.00E+0,1.33E-2,0x0004,0x0000,0x007F,0x0214,0x0000,0x0001,0x0000,0x0000,0x0000,0x0000,0x0000,0x0004,0x0000,0x0000,0x0000,0x0000,0x0000,0x0000,611
11:59:44 AM,6,0.00,0,0.00,-1.67,0.00,0.00,100.00,-1.00,-1.00,-1.00,0,1,1,100,0,-1,0.18,0.00,0.18,160,160,0,0.00,0.00,0.00,0.00,0.00,0.00,-1.00,-1.00,0.00,-1.00,-1.00,0.00,-1.00,-1.00,0.00,2.46E-1,1.024E+5,0.00E+0,1.33E-2,-1.00,0.00E+0,1.33E-2,0x0004,0x0000,0x007F,0x0214,0x0000,0x0001,0x0000,0x0000,0x0000,0x0000,0x0000,0x0004,0x0000,0x0000,0x0000,0x0000,0x0000,0x0000,612
11:59:49 AM,6,0.00,0,0.00,-1.67,0.00,0.00,100.00,-1.00,-1.00,-1.00,0,1,1,100,0,-1,0.18,0.00,0.18,160,160,0,0.00,0.00,0.00,0.00,0.00,0.00,-1.00,-1.00,0.00,-1.00,-1.00,0.00,-1.00,-1.00,0.00,2.42E-1,1.024E+5,0.00E+0,1.33E-2,-1.00,0.00E+0,1.33E-2,0x0004,0x0000,0x007F,0x0214,0x0000,0x0001,0x0000,0x0000,0x0000,0x0000,0x0000,0x0004,0x0000,0x0000,0x0000,0x0000,0x0000,0x0000,613
11:59:54 AM,6,0.00,0,0.00,-1.67,0.00,0.00,100.00,-1.00,-1.00,-1.00,0,1,1,100,0,-1,0.18,0.00,0.18,160,160,0,0.00,0.00,0.00,0.00,0.00,0.00,-1.00,-1.00,0.00,-1.00,-1.00,0.00,-1.00,-1.00,0.00,2.42E-1,1.024E+5,0.00E+0,1.33E-2,-1.00,0.00E+0,1.33E-2,0x0004,0x0000,0x007F,0x0214,0x0000,0x0001,0x0000,0x0000,0x0000,0x0000,0x0000,0x0004,0x0000,0x0000,0x0000,0x0000,0x0000,0x0000,614
11:59:59 AM,6,0.00,0,0.00,-1.67,0.00,0.00,100.00,-1.00,-1.00,-1.00,0,1,1,100,0,-1,0.18,0.00,0.18,160,160,0,0.00,0.00,0.00,0.00,0.00,0.00,-1.00,-1.00,0.00,-1.00,-1.00,0.00,-1.00,-1.00,0.00,2.48E-1,1.024E+5,0.00E+0,1.33E-2,-1.00,0.00E+0,1.33E-2,0x0004,0x0000,0x007F,0x0214,0x0000,0x0001,0x0000,0x0000,0x0000,0x0000,0x0000,0x0004,0x0000,0x0000,0x0000,0x0000,0x0000,0x0000,615
12:00:04 PM,6,0.00,0,0.00,-1.67,0.00,0.00,100.00,-1.00,-1.00,-1.00,0,1,1,100,0,-1,0.18,0.00,0.18,160,160,0,0.00,0.00,0.00,0.00,0.00,0.00,-1.00,-1.00,0.00,-1.00,-1.00,0.00,-1.00,-1.00,0.00,2.42E-1,1.024E+5,0.00E+0,1.33E-2,-1.00,0.00E+0,1.33E-2,0x0004,0x0000,0x007F,0x0214,0x0000,0x0001,0x0000,0x0000,0x0000,0x0000,0x0000,0x0004,0x0000,0x0000,0x0000,0x0000,0x0000,0x0000,616
12:00:09 PM,6,0.00,0,0.00,-1.67,0.00,0.00,100.00,-1.00,-1.00,-1.00,0,1,1,100,0,-1,0.18,0.00,0.18,160,160,0,0.00,0.00,0.00,0.00,0.00,0.00,-1.00,-1.00,0.00,-1.00,-1.00,0.00,-1.00,-1.00,0.00,2.46E-1,1.024E+5,0.00E+0,1.33E-2,-1.00,0.00E+0,1.33E-2,0x0004,0x0000,0x007F,0x0214,0x0000,0x0001,0x0000,0x0000,0x0000,0x0000,0x0000,0x0004,0x0000,0x0000,0x0000,0x0000,0x0000,0x0000,617
12:00:14 PM,6,0.00,0,0.00,-1.67,0.00,0.00,100.00,-1.00,-1.00,-1.00,0,1,1,100,0,-1,0.18,0.00,0.18,160,160,0,0.00,0.00,0.00,0.00,0.00,0.00,-1.00,-1.00,0.00,-1.00,-1.00,0.00,-1.00,-1.00,0.00,2.42E-1,1.024E+5,0.00E+0,1.33E-2,-1.00,0.00E+0,1.33E-2,0x0004,0x0000,0x007F,0x0214,0x0000,0x0001,0x0000,0x0000,0x0000,0x0000,0x0000,0x0004,0x0000,0x0000,0x0000,0x0000,0x0000,0x0000,618
12:00:19 PM,6,0.00,0,0.00,-1.67,0.00,0.00,100.00,-1.00,-1.00,-1.00,0,1,1,100,0,-1,0.18,0.00,0.18,160,160,0,0.00,0.00,0.00,0.00,0.00,0.00,-1.00,-1.00,0.00,-1.00,-1.00,0.00,-1.00,-1.00,0.00,2.44E-1,1.024E+5,0.00E+0,1.33E-2,-1.00,0.00E+0,1.33E-2,0x0004,0x0000,0x007F,0x0214,0x0000,0x0001,0x0000,0x0000,0x0000,0x0000,0x0000,0x0004,0x0000,0x0000,0x0000,0x0000,0x0000,0x0000,619
12:00:24 PM,6,0.00,0,0.00,-1.67,0.00,0.00,100.00,-1.00,-1.00,-1.00,0,1,1,100,0,-1,0.18,0.00,0.18,160,160,0,0.00,0.00,0.00,0.00,0.00,0.00,-1.00,-1.00,0.00,-1.00,-1.00,0.00,-1.00,-1.00,0.00,2.46E-1,1.024E+5,0.00E+0,1.33E-2,-1.00,0.00E+0,1.33E-2,0x0004,0x0000,0x007F,0x0214,0x0000,0x0001,0x0000,0x0000,0x0000,0x0000,0x0000,0x0004,0x0000,0x0000,0x0000,0x0000,0x0000,0x0000,620
12:00:29 PM,6,0.00,0,0.00,-1.67,0.00,0.00,100.00,-1.00,-1.00,-1.00,0,1,1,100,0,-1,0.18,0.00,0.18,160,160,0,0.00,0.00,0.00,0.00,0.00,0.00,-1.00,-1.00,0.00,-1.00,-1.00,0.00,-1.00,-1.00,0.00,2.51E-1,1.024E+5,0.00E+0,1.33E-2,-1.00,0.00E+0,1.33E-2,0x0004,0x0000,0x007F,0x0214,0x0000,0x0001,0x0000,0x0000,0x0000,0x0000,0x0000,0x0004,0x0000,0x0000,0x0000,0x0000,0x0000,0x0000,621
12:00:34 PM,6,0.00,0,0.00,-1.67,0.00,0.00,100.00,-1.00,-1.00,-1.00,0,1,1,100,0,-1,0.18,0.00,0.18,160,160,0,0.00,0.00,0.00,0.00,0.00,0.00,-1.00,-1.00,0.00,-1.00,-1.00,0.00,-1.00,-1.00,0.00,2.46E-1,1.024E+5,0.00E+0,1.33E-2,-1.00,0.00E+0,1.33E-2,0x0004,0x0000,0x007F,0x0214,0x0000,0x0001,0x0000,0x0000,0x0000,0x0000,0x0000,0x0004,0x0000,0x0000,0x0000,0x0000,0x0000,0x0000,622
12:00:39 PM,6,0.00,0,0.00,-1.67,0.00,0.00,100.00,-1.00,-1.00,-1.00,0,1,1,100,0,-1,0.18,0.00,0.18,160,160,0,0.00,0.00,0.00,0.00,0.00,0.00,-1.00,-1.00,0.00,-1.00,-1.00,0.00,-1.00,-1.00,0.00,2.46E-1,1.024E+5,0.00E+0,1.33E-2,-1.00,0.00E+0,1.33E-2,0x0004,0x0000,0x007F,0x0214,0x0000,0x0001,0x0000,0x0000,0x0000,0x0000,0x0000,0x0004,0x0000,0x0000,0x0000,0x0000,0x0000,0x0000,623
12:00:44 PM,6,0.00,0,0.00,-1.67,0.00,0.00,100.00,-1.00,-1.00,-1.00,0,1,1,100,0,-1,0.18,0.00,0.18,160,160,0,0.00,0.00,0.00,0.00,0.00,0.00,-1.00,-1.00,0.00,-1.00,-1.00,0.00,-1.00,-1.00,0.00,2.46E-1,1.024E+5,0.00E+0,1.33E-2,-1.00,0.00E+0,1.33E-2,0x0004,0x0000,0x007F,0x0214,0x0000,0x0001,0x0000,0x0000,0x0000,0x0000,0x0000,0x0004,0x0000,0x0000,0x0000,0x0000,0x0000,0x0000,624
12:00:49 PM,6,0.00,0,0.00,-1.67,0.00,0.00,100.00,-1.00,-1.00,-1.00,0,1,1,100,0,-1,0.18,0.00,0.18,160,160,0,0.00,0.00,0.00,0.00,0.00,0.00,-1.00,-1.00,0.00,-1.00,-1.00,0.00,-1.00,-1.00,0.00,2.42E-1,1.024E+5,0.00E+0,1.33E-2,-1.00,0.00E+0,1.33E-2,0x0004,0x0000,0x007F,0x0214,0x0000,0x0001,0x0000,0x0000,0x0000,0x0000,0x0000,0x0004,0x0000,0x0000,0x0000,0x0000,0x0000,0x0000,625
12:00:54 PM,6,0.00,0,0.00,-1.67,0.00,0.00,100.00,-1.00,-1.00,-1.00,0,1,1,100,0,-1,0.18,0.00,0.18,160,160,0,0.00,0.00,0.00,0.00,0.00,0.00,-1.00,-1.00,0.00,-1.00,-1.00,0.00,-1.00,-1.00,0.00,2.46E-1,1.024E+5,0.00E+0,1.33E-2,-1.00,0.00E+0,1.33E-2,0x0004,0x0000,0x007F,0x0214,0x0000,0x0001,0x0000,0x0000,0x0000,0x0000,0x0000,0x0004,0x0000,0x0000,0x0000,0x0000,0x0000,0x0000,626
12:00:59 PM,6,0.00,0,0.00,-1.67,0.00,0.00,100.00,-1.00,-1.00,-1.00,0,1,1,100,0,-1,0.18,0.00,0.18,160,160,0,0.00,0.00,0.00,0.00,0.00,0.00,-1.00,-1.00,0.00,-1.00,-1.00,0.00,-1.00,-1.00,0.00,2.44E-1,1.024E+5,0.00E+0,1.33E-2,-1.00,0.00E+0,1.33E-2,0x0004,0x0000,0x007F,0x0214,0x0000,0x0001,0x0000,0x0000,0x0000,0x0000,0x0000,0x0004,0x0000,0x0000,0x0000,0x0000,0x0000,0x0000,627
12:01:04 PM,6,0.00,0,0.00,-1.67,0.00,0.00,100.00,-1.00,-1.00,-1.00,0,1,1,100,0,-1,0.18,0.00,0.18,160,160,0,0.00,0.00,0.00,0.00,0.00,0.00,-1.00,-1.00,0.00,-1.00,-1.00,0.00,-1.00,-1.00,0.00,2.46E-1,1.024E+5,0.00E+0,1.33E-2,-1.00,0.00E+0,1.33E-2,0x0004,0x0000,0x007F,0x0214,0x0000,0x0001,0x0000,0x0000,0x0000,0x0000,0x0000,0x0004,0x0000,0x0000,0x0000,0x0000,0x0000,0x0000,628
11:58:05 AM,6,0.00,0,0.00,-1.67,0.00,0.00,100.00,-1.00,-1.00,-1.00,0,1,1,100,0,-1,0.18,0.00,0.18,160,160,0,0.00,0.00,0.00,0.00,0.00,0.00,-1.00,-1.00,0.00,-1.00,-1.00,0.00,-1.00,-1.00,0.00,2.44E-1,1.024E+5,0.00E+0,1.33E-2,-1.00,0.00E+0,1.33E-2,0x0004,0x0000,0x007F,0x0214,0x0000,0x0001,0x0000,0x0000,0x0000,0x0000,0x0000,0x0004,0x0000,0x0000,0x0000,0x0000,0x0000,0x0000,629
11:58:10 AM,6,0.00,0,0.00,-1.67,0.00,0.00,100.00,-1.00,-1.00,-1.00,0,1,1,100,0,-1,0.18,0.00,0.18,160,160,0,0.00,0.00,0.00,0.00,0.00,0.00,-1.00,-1.00,0.00,-1.00,-1.00,0.00,-1.00,-1.00,0.00,2.42E-1,1.024E+5,0.00E+0,1.33E-2,-1.00,0.00E+0,1.33E-2,0x0004,0x0000,0x007F,0x0214,0x0000,0x0001,0x0000,0x0000,0x0000,0x0000,0x0000,0x0004,0x0000,0x0000,0x0000,0x0000,0x0000,0x0000,630
11:58:15 AM,6,0.00,0,0.00,-1.67,0.00,0.00,100.00,-1.00,-1.00,-1.00,0,1,1,100,0,-1,0.18,0.00,0.18,160,160,0,0.00,0.00,0.00,0.00,0.00,0.00,-1.00,-1.00,0.00,-1.00,-1.00,0.00,-1.00,-1.00,0.00,2.42E-1,1.024E+5,0.00E+0,1.33E-2,-1.00,0.00E+0,1.33E-2,0x0004,0x0000,0x007F,0x0214,0x0000,0x0001,0x0000,0x0000,0x0000,0x0000,0x0000,0x0004,0x0000,0x0000,0x0000,0x0000,0x0000,0x0000,631
11:58:20 AM,6,0.00,0,0.00,-1.67,0.00,0.00,100.00,-1.00,-1.00,-1.00,0,1,1,100,0,-1,0.18,0.00,0.18,160,160,0,0.00,0.00,0.00,0.00,0.00,0.00,-1.00,-1.00,0.00,-1.00,-1.00,0.00,-1.00,-1.00,0.00,2.46E-1,1.024E+5,0.00E+0,1.33E-2,-1.00,0.00E+0,1.33E-2,0x0004,0x0000,0x007F,0x0214,0x0000,0x0001,0x0000,0x0000,0x0000,0x0000,0x0000,0x0004,0x0000,0x0000,0x0000,0x0000,0x0000,0x0000,632
11:58:25 AM,6,0.00,0,0.00,-1.67,0.00,0.00,100.00,-1.00,-1.00,-1.00,0,1,1,100,0,-1,0.18,0.00,0.18,160,160,0,0.00,0.00,0.00,0.00,0.00,0.00,-1.00,-1.00,0.00,-1.00,-1.00,0.00,-1.00,-1.00,0.00,2.46E-1,1.024E+5,0.00E+0,1.33E-2,-1.00,0.00E+0,1.33E-2,0x0004,0x0000,0x007F,0x0214,0x0000,0x0001,0x0000,0x0000,0x0000,0x0000,0x0000,0x0004,0x0000,0x0000,0x0000,0x0000,0x0000,0x0000,633
11:58:30 AM,6,0.00,0,0.00,-1.67,0.00,0.00,100.00,-1.00,-1.00,-1.00,0,1,1,100,0,-1,0.18,0.00,0.18,160,160,0,0.00,0.00,0.00,0.00,0.00,0.00,-1.00,-1.00,0.00,-1.00,-1.00,0.00,-1.00,-1.00,0.00,2.46E-1,1.024E+5,0.00E+0,1.33E-2,-1.00,0.00E+0,1.33E-2,0x0004,0x0000,0x007F,0x0214,0x0000,0x0001,0x0000,0x0000,0x0000,0x0000,0x0000,0x0004,0x0000,0x0000,0x0000,0x0000,0x0000,0x0000,634
11:58:35 AM,6,0.00,0,0.00,-1.67,0.00,0.00,100.00,-1.00,-1.00,-1.00,0,1,1,100,0,-1,0.18,0.00,0.18,160,160,0,0.00,0.00,0.00,0.00,0.00,0.00,-1.00,-1.00,0.00,-1.00,-1.00,0.00,-1.00,-1.00,0.00,2.44E-1,1.024E+5,0.00E+0,1.33E-2,-1.00,0.00E+0,1.33E-2,0x0004,0x0000,0x007F,0x0214,0x0000,0x0001,0x0000,0x0000,0x0000,0x0000,0x0000,0x0004,0x0000,0x0000,0x0000,0x0000,0x0000,0x0000,635
11:58:40 AM,6,0.00,0,0.00,-1.67,0.00,0.00,100.00,-1.00,-1.00,-1.00,0,1,1,100,0,-1,0.18,0.00,0.18,160,160,0,0.00,0.00,0.00,0.00,0.00,0.00,-1.00,-1.00,0.00,-1.00,-1.00,0.00,-1.00,-1.00,0.00,2.42E-1,1.024E+5,0.00E+0,1.33E-2,-1.00,0.00E+0,1.33E-2,0x0004,0x0000,0x007F,0x0214,0x0000,0x0001,0x0000,0x0000,0x0000,0x0000,0x0000,0x0004,0x0000,0x0000,0x0000,0x0000,0x0000,0x0000,636
11:58:45 AM,6,0.00,0,0.00,-1.67,0.00,0.00,100.00,-1.00,-1.00,-1.00,0,1,1,100,0,-1,0.18,0.00,0.18,160,160,0,0.00,0.00,0.00,0.00,0.00,0.00,-1.00,-1.00,0.00,-1.00,-1.00,0.00,-1.00,-1.00,0.00,2.40E-1,1.024E+5,0.00E+0,1.33E-2,-1.00,0.00E+0,1.33E-2,0x0004,0x0000,0x007F,0x0214,0x0000,0x0001,0x0000,0x0000,0x0000,0x0000,0x0000,0x0004,0x0000,0x0000,0x0000,0x0000,0x0000,0x0000,637
11:58:50 AM,6,0.00,0,0.00,-1.67,0.00,0.00,100.00,-1.00,-1.00,-1.00,0,1,1,100,0,-1,0.18,0.00,0.18,160,160,0,0.00,0.00,0.00,0.00,0.00,0.00,-1.00,-1.00,0.00,-1.00,-1.00,0.00,-1.00,-1.00,0.00,2.42E-1,1.024E+5,0.00E+0,1.33E-2,-1.00,0.00E+0,1.33E-2,0x0004,0x0000,0x007F,0x0214,0x0000,0x0001,0x0000,0x0000,0x0000,0x0000,0x0000,0x0004,0x0000,0x0000,0x0000,0x0000,0x0000,0x0000,638
11:58:55 AM,6,0.00,0,0.00,-1.67,0.00,0.00,100.00,-1.00,-1.00,-1.00,0,1,1,100,0,-1,0.18,0.00,0.18,160,160,0,0.00,0.00,0.00,0.00,0.00,0.00,-1.00,-1.00,0.00,-1.00,-1.00,0.00,-1.00,-1.00,0.00,2.44E-1,1.024E+5,0.00E+0,1.33E-2,-1.00,0.00E+0,1.33E-2,0x0004,0x0000,0x007F,0x0214,0x0000,0x0001,0x0000,0x0000,0x0000,0x0000,0x0000,0x0004,0x0000,0x0000,0x0000,0x0000,0x0000,0x0000,639
11:59:00 AM,6,0.00,0,0.00,-1.67,0.00,0.00,100.00,-1.00,-1.00,-1.00,0,1,1,100,0,-1,0.18,0.00,0.18,160,160,0,0.00,0.00,0.00,0.00,0.00,0.00,-1.00,-1.00,0.00,-1.00,-1.00,0.00,-1.00,-1.00,0.00,2.37E-1,1.024E+5,0.00E+0,1.33E-2,-1.00,0.00E+0,1.33E-2,0x0004,0x0000,0x007F,0x0214,0x0000,0x0001,0x0000,0x0000,0x0000,0x0000,0x0000,0x0004,0x0000,0x0000,0x0000,0x0000,0x0000,0x0000,640
11:59:05 AM,6,0.00,0,0.00,-1.67,0.00,0.00,100.00,-1.00,-1.00,-1.00,0,1,1,100,0,-1,0.18,0.00,0.18,160,160,0,0.00,0.00,0.00,0.00,0.00,0.00,-1.00,-1.00,0.00,-1.00,-1.00,0.00,-1.00,-1.00,0.00,2.44E-1,1.024E+5,0.00E+0,1.33E-2,-1.00,0.00E+0,1.33E-2,0x0004,0x0000,0x007F,0x0214,0x0000,0x0001,0x0000,0x0000,0x0000,0x0000,0x0000,0x0004,0x0000,0x0000,0x0000,0x0000,0x0000,0x0000,641
11:59:10 AM,6,0.00,0,0.00,-1.67,0.00,0.00,100.00,-1.00,-1.00,-1.00,0,1,1,100,0,-1,0.18,0.00,0.18,160,160,0,0.00,0.00,0.00,0.00,0.00,0.00,-1.00,-1.00,0.00,-1.00,-1.00,0.00,-1.00,-1.00,0.00,2.46E-1,1.024E+5,0.00E+0,1.33E-2,-1.00,0.00E+0,1.33E-2,0x0004,0x0000,0x007F,0x0214,0x0000,0x0001,0x0000,0x0000,0x0000,0x0000,0x0000,0x0004,0x0000,0x0000,0x0000,0x0000,0x0000,0x0000,642
11:59:15 AM,6,0.00,0,0.00,-1.67,0.00,0.00,100.00,-1.00,-1.00,-1.00,0,1,1,100,0,-1,0.18,0.00,0.18,160,160,0,0.00,0.00,0.00,0.00,0.00,0.00,-1.00,-1.00,0.00,-1.00,-1.00,0.00,-1.00,-1.00,0.00,2.46E-1,1.024E+5,0.00E+0,1.33E-2,-1.00,0.00E+0,1.33E-2,0x0004,0x0000,0x007F,0x0214,0x0000,0x0001,0x0000,0x0000,0x0000,0x0000,0x0000,0x0004,0x0000,0x0000,0x0000,0x0000,0x0000,0x0000,643
11:59:20 AM,6,0.00,0,0.00,-1.67,0.00,0.00,100.00,-1.00,-1.00,-1.00,0,1,1,100,0,-1,0.18,0.00,0.18,160,160,0,0.00,0.00,0.00,0.00,0.00,0.00,-1.00,-1.00,0.00,-1.00,-1.00,0.00,-1.00,-1.00,0.00,2.46E-1,1.024E+5,0.00E+0,1.33E-2,-1.00,0.00E+0,1.33E-2,0x0004,0x0000,0x007F,0x0214,0x0000,0x0001,0x0000,0x0000,0x0000,0x0000,0x0000,0x0004,0x0000,0x0000,0x0000,0x0000,0x0000,0x0000,644
11:59:25 AM,6,0.00,0,0.00,-1.67,0.00,0.00,100.00,-1.00,-1.00,-1.00,0,1,1,100,0,-1,0.18,0.00,0.18,160,160,0,0.00,0.00,0.00,0.00,0.00,0.00,-1.00,-1.00,0.00,-1.00,-1.00,0.00,-1.00,-1.00,0.00,2.42E-1,1.024E+5,0.00E+0,1.33E-2,-1.00,0.00E+0,1.33E-2,0x0004,0x0000,0x007F,0x0214,0x0000,0x0001,0x0000,0x0000,0x0000,0x0000,0x0000,0x0004,0x0000,0x0000,0x0000,0x0000,0x0000,0x0000,645
11:59:30 AM,6,0.00,0,0.00,-1.67,0.00,0.00,100.00,-1.00,-1.00,-1.00,0,1,1,100,0,-1,0.18,0.00,0.18,160,160,0,0.00,0.00,0.00,0.00,0.00,0.00,-1.00,-1.00,0.00,-1.00,-1.00,0.00,-1.00,-1.00,0.00,2.42E-1,1.024E+5,0.00E+0,1.33E-2,-1.00,0.00E+0,1.33E-2,0x0004,0x0000,0x007F,0x0214,0x0000,0x0001,0x0000,0x0000,0x0000,0x0000,0x0000,0x0004,0x0000,0x0000,0x0000,0x0000,0x0000,0x0000,646
11:59:35 AM,6,0.00,0,0.00,-1.67,0.00,0.00,100.00,-1.00,-1.00,-1.00,0,1,1,100,0,-1,0.18,0.00,0.18,160,160,0,0.00,0.00,0.00,0.00,0.00,0.00,-1.00,-1.00,0.00,-1.00,-1.00,0.00,-1.00,-1.00,0.00,2.42E-1,1.024E+5,0.00E+0,1.33E-2,-1.00,0.00E+0,1.33E-2,0x0004,0x0000,0x007F,0x0214,0x0000,0x0001,0x0000,0x0000,0x0000,0x0000,0x0000,0x0004,0x0000,0x0000,0x0000,0x0000,0x0000,0x0000,647
11:59:39 AM,6,0.00,0,0.00,-1.67,0.00,0.00,100.00,-1.00,-1.00,-1.00,0,1,1,100,0,-1,0.18,0.00,0.18,160,160,0,0.00,0.00,0.00,0.00,0.00,0.00,-1.00,-1.00,0.00,-1.00,-1.00,0.00,-1.00,-1.00,0.00,2.46E-1,1.024E+5,0.00E+0,1.33E-2,-1.00,0.00E+0,1.33E-2,0x0004,0x0000,0x007F,0x0214,0x0000,0x0001,0x0000,0x0000,0x0000,0x0000,0x0000,0x0004,0x0000,0x0000,0x0000,0x0000,0x0000,0x0000,648
11:59:44 AM,6,0.00,0,0.00,-1.67,0.00,0.00,100.00,-1.00,-1.00,-1.00,0,1,1,100,0,-1,0.18,0.00,0.18,160,160,0,0.00,0.00,0.00,0.00,0.00,0.00,-1.00,-1.00,0.00,-1.00,-1.00,0.00,-1.00,-1.00,0.00,2.46E-1,1.024E+5,0.00E+0,1.33E-2,-1.00,0.00E+0,1.33E-2,0x0004,0x0000,0x007F,0x0214,0x0000,0x0001,0x0000,0x0000,0x0000,0x0000,0x0000,0x0004,0x0000,0x0000,0x0000,0x0000,0x0000,0x0000,649
11:59:49 AM,6,0.00,0,0.00,-1.67,0.00,0.00,100.00,-1.00,-1.00,-1.00,0,1,1,100,0,-1,0.18,0.00,0.18,160,160,0,0.00,0.00,0.00,0.00,0.00,0.00,-1.00,-1.00,0.00,-1.00,-1.00,0.00,-1.00,-1.00,0.00,2.42E-1,1.024E+5,0.00E+0,1.33E-2,-1.00,0.00E+0,1.33E-2,0x0004,0x0000,0x007F,0x0214,0x0000,0x0001,0x0000,0x0000,0x0000,0x0000,0x0000,0x0004,0x0000,0x0000,0x0000,0x0000,0x0000,0x0000,650
11:59:54 AM,6,0.00,0,0.00,-1.67,0.00,0.00,100.00,-1.00,-1.00,-1.00,0,1,1,100,0,-1,0.18,0.00,0.18,160,160,0,0.00,0.00,0.00,0.00,0.00,0.00,-1.00,-1.00,0.00,-1.00,-1.00,0.00,-1.00,-1.00,0.00,2.42E-1,1.024E+5,0.00E+0,1.33E-2,-1.00,0.00E+0,1.33E-2,0x0004,0x0000,0x007F,0x0214,0x0000,0x0001,0x0000,0x0000,0x0000,0x0000,0x0000,0x0004,0x0000,0x0000,0x0000,0x0000,0x0000,0x0000,651
11:59:59 AM,6,0.00,0,0.00,-1.67,0.00,0.00,100.00,-1.00,-1.00,-1.00,0,1,1,100,0,-1,0.18,0.00,0.18,160,160,0,0.00,0.00,0.00,0.00,0.00,0.00,-1.00,-1.00,0.00,-1.00,-1.00,0.00,-1.00,-1.00,0.00,2.48E-1,1.024E+5,0.00E+0,1.33E-2,-1.00,0.00E+0,1.33E-2,0x0004,0x0000,0x007F,0x0214,0x0000,0x0001,0x0000,0x0000,0x0000,0x0000,0x0000,0x0004,0x0000,0x0000,0x0000,0x0000,0x0000,0x0000,652
12:00:04 PM,6,0.00,0,0.00,-1.67,0.00,0.00,100.00,-1.00,-1.00,-1.00,0,1,1,100,0,-1,0.18,0.00,0.18,160,160,0,0.00,0.00,0.00,0.00,0.00,0.00,-1.00,-1.00,0.00,-1.00,-1.00,0.00,-1.00,-1.00,0.00,2.42E-1,1.024E+5,0.00E+0,1.33E-2,-1.00,0.00E+0,1.33E-2,0x0004,0x0000,0x007F,0x0214,0x0000,0x0001,0x0000,0x0000,0x0000,0x0000,0x0000,0x0004,0x0000,0x0000,0x0000,0x0000,0x0000,0x0000,653
12:00:09 PM,6,0.00,0,0.00,-1.67,0.00,0.00,100.00,-1.00,-1.00,-1.00,0,1,1,100,0,-1,0.18,0.00,0.18,160,160,0,0.00,0.00,0.00,0.00,0.00,0.00,-1.00,-1.00,0.00,-1.00,-1.00,0.00,-1.00,-1.00,0.00,2.46E-1,1.024E+5,0.00E+0,1.33E-2,-1.00,0.00E+0,1.33E-2,0x0004,0x0000,0x007F,0x0214,0x0000,0x0001,0x0000,0x0000,0x0000,0x0000,0x0000,0x0004,0x0000,0x0000,0x0000,0x0000,0x0000,0x0000,654
12:00:14 PM,6,0.00,0,0.00,-1.67,0.00,0.00,100.00,-1.00,-1.00,-1.00,0,1,1,100,0,-1,0.18,0.00,0.18,160,160,0,0.00,0.00,0.00,0.00,0.00,0.00,-1.00,-1.00,0.00,-1.00,-1.00,0.00,-1.00,-1.00,0.00,2.42E-1,1.024E+5,0.00E+0,1.33E-2,-1.00,0.00E+0,1.33E-2,0x0004,0x0000,0x007F,0x0214,0x0000,0x0001,0x0000,0x0000,0x0000,0x0000,0x0000,0x0004,0x0000,0x0000,0x0000,0x0000,0x0000,0x0000,655
12:00:19 PM,6,0.00,0,0.00,-1.67,0.00,0.00,100.00,-1.00,-1.00,-1.00,0,1,1,100,0,-1,0.18,0.00,0.18,160,160,0,0.00,0.00,0.00,0.00,0.00,0.00,-1.00,-1.00,0.00,-1.00,-1.00,0.00,-1.00,-1.00,0.00,2.44E-1,1.024E+5,0.00E+0,1.33E-2,-1.00,0.00E+0,1.33E-2,0x0004,0x0000,0x007F,0x0214,0x0000,0x0001,0x0000,0x0000,0x0000,0x0000,0x0000,0x0004,0x0000,0x0000,0x0000,0x0000,0x0000,0x0000,656
12:00:24 PM,6,0.00,0,0.00,-1.67,0.00,0.00,100.00,-1.00,-1.00,-1.00,0,1,1,100,0,-1,0.18,0.00,0.18,160,160,0,0.00,0.00,0.00,0.00,0.00,0.00,-1.00,-1.00,0.00,-1.00,-1.00,0.00,-1.00,-1.00,0.00,2.46E-1,1.024E+5,0.00E+0,1.33E-2,-1.00,0.00E+0,1.33E-2,0x0004,0x0000,0x007F,0x0214,0x0000,0x0001,0x0000,0x0000,0x0000,0x0000,0x0000,0x0004,0x0000,0x0000,0x0000,0x0000,0x0000,0x0000,657
12:00:29 PM,6,0.00,0,0.00,-1.67,0.00,0.00,100.00,-1.00,-1.00,-1.00,0,1,1,100,0,-1,0.18,0.00,0.18,160,160,0,0.00,0.00,0.00,0.00,0.00,0.00,-1.00,-1.00,0.00,-1.00,-1.00,0.00,-1.00,-1.00,0.00,2.51E-1,1.024E+5,0.00E+0,1.33E-2,-1.00,0.00E+0,1.33E-2,0x0004,0x0000,0x007F,0x0214,0x0000,0x0001,0x0000,0x0000,0x0000,0x0000,0x0000,0x0004,0x0000,0x0000,0x0000,0x0000,0x0000,0x0000,658
12:00:34 PM,6,0.00,0,0.00,-1.67,0.00,0.00,100.00,-1.00,-1.00,-1.00,0,1,1,100,0,-1,0.18,0.00,0.18,160,160,0,0.00,0.00,0.00,0.00,0.00,0.00,-1.00,-1.00,0.00,-1.00,-1.00,0.00,-1.00,-1.00,0.00,2.46E-1,1.024E+5,0.00E+0,1.33E-2,-1.00,0.00E+0,1.33E-2,0x0004,0x0000,0x007F,0x0214,0x0000,0x0001,0x0000,0x0000,0x0000,0x0000,0x0000,0x0004,0x0000,0x0000,0x0000,0x0000,0x0000,0x0000,659
12:00:39 PM,6,0.00,0,0.00,-1.67,0.00,0.00,100.00,-1.00,-1.00,-1.00,0,1,1,100,0,-1,0.18,0.00,0.18,160,160,0,0.00,0.00,0.00,0.00,0.00,0.00,-1.00,-1.00,0.00,-1.00,-1.00,0.00,-1.00,-1.00,0.00,2.46E-1,1.024E+5,0.00E+0,1.33E-2,-1.00,0.00E+0,1.33E-2,0x0004,0x0000,0x007F,0x0214,0x0000,0x0001,0x0000,0x0000,0x0000,0x0000,0x0000,0x0004,0x0000,0x0000,0x0000,0x0000,0x0000,0x0000,660
12:00:44 PM,6,0.00,0,0.00,-1.67,0.00,0.00,100.00,-1.00,-1.00,-1.00,0,1,1,100,0,-1,0.18,0.00,0.18,160,160,0,0.00,0.00,0.00,0.00,0.00,0.00,-1.00,-1.00,0.00,-1.00,-1.00,0.00,-1.00,-1.00,0.00,2.46E-1,1.024E+5,0.00E+0,1.33E-2,-1.00,0.00E+0,1.33E-2,0x0004,0x0000,0x007F,0x0214,0x0000,0x0001,0x0000,0x0000,0x0000,0x0000,0x0000,0x0004,0x0000,0x0000,0x0000,0x0000,0x0000,0x0000,661
12:00:49 PM,6,0.00,0,0.00,-1.67,0.00,0.00,100.00,-1.00,-1.00,-1.00,0,1,1,100,0,-1,0.18,0.00,0.18,160,160,0,0.00,0.00,0.00,0.00,0.00,0.00,-1.00,-1.00,0.00,-1.00,-1.00,0.00,-1.00,-1.00,0.00,2.42E-1,1.024E+5,0.00E+0,1.33E-2,-1.00,0.00E+0,1.33E-2,0x0004,0x0000,0x007F,0x0214,0x0000,0x0001,0x0000,0x0000,0x0000,0x0000,0x0000,0x0004,0x0000,0x0000,0x0000,0x0000,0x0000,0x0000,662
12:00:54 PM,6,0.00,0,0.00,-1.67,0.00,0.00,100.00,-1.00,-1.00,-1.00,0,1,1,100,0,-1,0.18,0.00,0.18,160,160,0,0.00,0.00,0.00,0.00,0.00,0.00,-1.00,-1.00,0.00,-1.00,-1.00,0.00,-1.00,-1.00,0.00,2.46E-1,1.024E+5,0.00E+0,1.33E-2,-1.00,0.00E+0,1.33E-2,0x0004,0x0000,0x007F,0x0214,0x0000,0x0001,0x0000,0x0000,0x0000,0x0000,0x0000,0x0004,0x0000,0x0000,0x0000,0x0000,0x0000,0x0000,663
12:00:59 PM,6,0.00,0,0.00,-1.67,0.00,0.00,100.00,-1.00,-1.00,-1.00,0,1,1,100,0,-1,0.18,0.00,0.18,160,160,0,0.00,0.00,0.00,0.00,0.00,0.00,-1.00,-1.00,0.00,-1.00,-1.00,0.00,-1.00,-1.00,0.00,2.44E-1,1.024E+5,0.00E+0,1.33E-2,-1.00,0.00E+0,1.33E-2,0x0004,0x0000,0x007F,0x0214,0x0000,0x0001,0x0000,0x0000,0x0000,0x0000,0x0000,0x0004,0x0000,0x0000,0x0000,0x0000,0x0000,0x0000,664
12:01:04 PM,6,0.00,0,0.00,-1.67,0.00,0.00,100.00,-1.00,-1.00,-1.00,0,1,1,100,0,-1,0.18,0.00,0.18,160,160,0,0.00,0.00,0.00,0.00,0.00,0.00,-1.00,-1.00,0.00,-1.00,-1.00,0.00,-1.00,-1.00,0.00,2.46E-1,1.024E+5,0.00E+0,1.33E-2,-1.00,0.00E+0,1.33E-2,0x0004,0x0000,0x007F,0x0214,0x0000,0x0001,0x0000,0x0000,0x0000,0x0000,0x0000,0x0004,0x0000,0x0000,0x0000,0x0000,0x0000,0x0000,665
11:58:05 AM,6,0.00,0,0.00,-1.67,0.00,0.00,100.00,-1.00,-1.00,-1.00,0,1,1,100,0,-1,0.18,0.00,0.18,160,160,0,0.00,0.00,0.00,0.00,0.00,0.00,-1.00,-1.00,0.00,-1.00,-1.00,0.00,-1.00,-1.00,0.00,2.44E-1,1.024E+5,0.00E+0,1.33E-2,-1.00,0.00E+0,1.33E-2,0x0004,0x0000,0x007F,0x0214,0x0000,0x0001,0x0000,0x0000,0x0000,0x0000,0x0000,0x0004,0x0000,0x0000,0x0000,0x0000,0x0000,0x0000,666
11:58:10 AM,6,0.00,0,0.00,-1.67,0.00,0.00,100.00,-1.00,-1.00,-1.00,0,1,1,100,0,-1,0.18,0.00,0.18,160,160,0,0.00,0.00,0.00,0.00,0.00,0.00,-1.00,-1.00,0.00,-1.00,-1.00,0.00,-1.00,-1.00,0.00,2.42E-1,1.024E+5,0.00E+0,1.33E-2,-1.00,0.00E+0,1.33E-2,0x0004,0x0000,0x007F,0x0214,0x0000,0x0001,0x0000,0x0000,0x0000,0x0000,0x0000,0x0004,0x0000,0x0000,0x0000,0x0000,0x0000,0x0000,667
11:58:15 AM,6,0.00,0,0.00,-1.67,0.00,0.00,100.00,-1.00,-1.00,-1.00,0,1,1,100,0,-1,0.18,0.00,0.18,160,160,0,0.00,0.00,0.00,0.00,0.00,0.00,-1.00,-1.00,0.00,-1.00,-1.00,0.00,-1.00,-1.00,0.00,2.42E-1,1.024E+5,0.00E+0,1.33E-2,-1.00,0.00E+0,1.33E-2,0x0004,0x0000,0x007F,0x0214,0x0000,0x0001,0x0000,0x0000,0x0000,0x0000,0x0000,0x0004,0x0000,0x0000,0x0000,0x0000,0x0000,0x0000,668
11:58:20 AM,6,0.00,0,0.00,-1.67,0.00,0.00,100.00,-1.00,-1.00,-1.00,0,1,1,100,0,-1,0.18,0.00,0.18,160,160,0,0.00,0.00,0.00,0.00,0.00,0.00,-1.00,-1.00,0.00,-1.00,-1.00,0.00,-1.00,-1.00,0.00,2.46E-1,1.024E+5,0.00E+0,1.33E-2,-1.00,0.00E+0,1.33E-2,0x0004,0x0000,0x007F,0x0214,0x0000,0x0001,0x0000,0x0000,0x0000,0x0000,0x0000,0x0004,0x0000,0x0000,0x0000,0x0000,0x0000,0x0000,669
11:58:25 AM,6,0.00,0,0.00,-1.67,0.00,0.00,100.00,-1.00,-1.00,-1.00,0,1,1,100,0,-1,0.18,0.00,0.18,160,160,0,0.00,0.00,0.00,0.00,0.00,0.00,-1.00,-1.00,0.00,-1.00,-1.00,0.00,-1.00,-1.00,0.00,2.46E-1,1.024E+5,0.00E+0,1.33E-2,-1.00,0.00E+0,1.33E-2,0x0004,0x0000,0x007F,0x0214,0x0000,0x0001,0x0000,0x0000,0x0000,0x0000,0x0000,0x0004,0x0000,0x0000,0x0000,0x0000,0x0000,0x0000,670
11:58:30 AM,6,0.00,0,0.00,-1.67,0.00,0.00,100.00,-1.00,-1.00,-1.00,0,1,1,100,0,-1,0.18,0.00,0.18,160,160,0,0.00,0.00,0.00,0.00,0.00,0.00,-1.00,-1.00,0.00,-1.00,-1.00,0.00,-1.00,-1.00,0.00,2.46E-1,1.024E+5,0.00E+0,1.33E-2,-1.00,0.00E+0,1.33E-2,0x0004,0x0000,0x007F,0x0214,0x0000,0x0001,0x0000,0x0000,0x0000,0x0000,0x0000,0x0004,0x0000,0x0000,0x0000,0x0000,0x0000,0x0000,671
11:58:35 AM,6,0.00,0,0.00,-1.67,0.00,0.00,100.00,-1.00,-1.00,-1.00,0,1,1,100,0,-1,0.18,0.00,0.18,160,160,0,0.00,0.00,0.00,0.00,0.00,0.00,-1.00,-1.00,0.00,-1.00,-1.00,0.00,-1.00,-1.00,0.00,2.44E-1,1.024E+5,0.00E+0,1.33E-2,-1.00,0.00E+0,1.33E-2,0x0004,0x0000,0x007F,0x0214,0x0000,0x0001,0x0000,0x0000,0x0000,0x0000,0x0000,0x0004,0x0000,0x0000,0x0000,0x0000,0x0000,0x0000,672
11:58:40 AM,6,0.00,0,0.00,-1.67,0.00,0.00,100.00,-1.00,-1.00,-1.00,0,1,1,100,0,-1,0.18,0.00,0.18,160,160,0,0.00,0.00,0.00,0.00,0.00,0.00,-1.00,-1.00,0.00,-1.00,-1.00,0.00,-1.00,-1.00,0.00,2.42E-1,1.024E+5,0.00E+0,1.33E-2,-1.00,0.00E+0,1.33E-2,0x0004,0x0000,0x007F,0x0214,0x0000,0x0001,0x0000,0x0000,0x0000,0x0000,0x0000,0x0004,0x0000,0x0000,0x0000,0x0000,0x0000,0x0000,673
11:58:45 AM,6,0.00,0,0.00,-1.67,0.00,0.00,100.00,-1.00,-1.00,-1.00,0,1,1,100,0,-1,0.18,0.00,0.18,160,160,0,0.00,0.00,0.00,0.00,0.00,0.00,-1.00,-1.00,0.00,-1.00,-1.00,0.00,-1.00,-1.00,0.00,2.40E-1,1.024E+5,0.00E+0,1.33E-2,-1.00,0.00E+0,1.33E-2,0x0004,0x0000,0x007F,0x0214,0x0000,0x0001,0x0000,0x0000,0x0000,0x0000,0x0000,0x0004,0x0000,0x0000,0x0000,0x0000,0x0000,0x0000,674
11:58:50 AM,6,0.00,0,0.00,-1.67,0.00,0.00,100.00,-1.00,-1.00,-1.00,0,1,1,100,0,-1,0.18,0.00,0.18,160,160,0,0.00,0.00,0.00,0.00,0.00,0.00,-1.00,-1.00,0.00,-1.00,-1.00,0.00,-1.00,-1.00,0.00,2.42E-1,1.024E+5,0.00E+0,1.33E-2,-1.00,0.00E+0,1.33E-2,0x0004,0x0000,0x007F,0x0214,0x0000,0x0001,0x0000,0x0000,0x0000,0x0000,0x0000,0x0004,0x0000,0x0000,0x0000,0x0000,0x0000,0x0000,675
11:58:55 AM,6,0.00,0,0.00,-1.67,0.00,0.00,100.00,-1.00,-1.00,-1.00,0,1,1,100,0,-1,0.18,0.00,0.18,160,160,0,0.00,0.00,0.00,0.00,0.00,0.00,-1.00,-1.00,0.00,-1.00,-1.00,0.00,-1.00,-1.00,0.00,2.44E-1,1.024E+5,0.00E+0,1.33E-2,-1.00,0.00E+0,1.33E-2,0x0004,0x0000,0x007F,0x0214,0x0000,0x0001,0x0000,0x0000,0x0000,0x0000,0x0000,0x0004,0x0000,0x0000,0x0000,0x0000,0x0000,0x0000,676
11:59:00 AM,6,0.00,0,0.00,-1.67,0.00,0.00,100.00,-1.00,-1.00,-1.00,0,1,1,100,0,-1,0.18,0.00,0.18,160,160,0,0.00,0.00,0.00,0.00,0.00,0.00,-1.00,-1.00,0.00,-1.00,-1.00,0.00,-1.00,-1.00,0.00,2.37E-1,1.024E+5,0.00E+0,1.33E-2,-1.00,0.00E+0,1.33E-2,0x0004,0x0000,0x007F,0x0214,0x0000,0x0001,0x0000,0x0000,0x0000,0x0000,0x0000,0x0004,0x0000,0x0000,0x0000,0x0000,0x0000,0x0000,677
11:59:05 AM,6,0.00,0,0.00,-1.67,0.00,0.00,100.00,-1.00,-1.00,-1.00,0,1,1,100,0,-1,0.18,0.00,0.18,160,160,0,0.00,0.00,0.00,0.00,0.00,0.00,-1.00,-1.00,0.00,-1.00,-1.00,0.00,-1.00,-1.00,0.00,2.44E-1,1.024E+5,0.00E+0,1.33E-2,-1.00,0.00E+0,1.33E-2,0x0004,0x0000,0x007F,0x0214,0x0000,0x0001,0x0000,0x0000,0x0000,0x0000,0x0000,0x0004,0x0000,0x0000,0x0000,0x0000,0x0000,0x0000,678
11:59:10 AM,6,0.00,0,0.00,-1.67,0.00,0.00,100.00,-1.00,-1.00,-1.00,0,1,1,100,0,-1,0.18,0.00,0.18,160,160,0,0.00,0.00,0.00,0.00,0.00,0.00,-1.00,-1.00,0.00,-1.00,-1.00,0.00,-1.00,-1.00,0.00,2.46E-1,1.024E+5,0.00E+0,1.33E-2,-1.00,0.00E+0,1.33E-2,0x0004,0x0000,0x007F,0x0214,0x0000,0x0001,0x0000,0x0000,0x0000,0x0000,0x0000,0x0004,0x0000,0x0000,0x0000,0x0000,0x0000,0x0000,679
11:59:15 AM,6,0.00,0,0.00,-1.67,0.00,0.00,100.00,-1.00,-1.00,-1.00,0,1,1,100,0,-1,0.18,0.00,0.18,160,160,0,0.00,0.00,0.00,0.00,0.00,0.00,-1.00,-1.00,0.00,-1.00,-1.00,0.00,-1.00,-1.00,0.00,2.46E-1,1.024E+5,0.00E+0,1.33E-2,-1.00,0.00E+0,1.33E-2,0x0004,0x0000,0x007F,0x0214,0x0000,0x0001,0x0000,0x0000,0x0000,0x0000,0x0000,0x0004,0x0000,0x0000,0x0000,0x0000,0x0000,0x0000,680
11:59:20 AM,6,0.00,0,0.00,-1.67,0.00,0.00,100.00,-1.00,-1.00,-1.00,0,1,1,100,0,-1,0.18,0.00,0.18,160,160,0,0.00,0.00,0.00,0.00,0.00,0.00,-1.00,-1.00,0.00,-1.00,-1.00,0.00,-1.00,-1.00,0.00,2.46E-1,1.024E+5,0.00E+0,1.33E-2,-1.00,0.00E+0,1.33E-2,0x0004,0x0000,0x007F,0x0214,0x0000,0x0001,0x0000,0x0000,0x0000,0x0000,0x0000,0x0004,0x0000,0x0000,0x0000,0x0000,0x0000,0x0000,681
11:59:25 AM,6,0.00,0,0.00,-1.67,0.00,0.00,100.00,-1.00,-1.00,-1.00,0,1,1,100,0,-1,0.18,0.00,0.18,160,160,0,0.00,0.00,0.00,0.00,0.00,0.00,-1.00,-1.00,0.00,-1.00,-1.00,0.00,-1.00,-1.00,0.00,2.42E-1,1.024E+5,0.00E+0,1.33E-2,-1.00,0.00E+0,1.33E-2,0x0004,0x0000,0x007F,0x0214,0x0000,0x0001,0x0000,0x0000,0x0000,0x0000,0x0000,0x0004,0x0000,0x0000,0x0000,0x0000,0x0000,0x0000,682
11:59:30 AM,6,0.00,0,0.00,-1.67,0.00,0.00,100.00,-1.00,-1.00,-1.00,0,1,1,100,0,-1,0.18,0.00,0.18,160,160,0,0.00,0.00,0.00,0.00,0.00,0.00,-1.00,-1.00,0.00,-1.00,-1.00,0.00,-1.00,-1.00,0.00,2.42E-1,1.024E+5,0.00E+0,1.33E-2,-1.00,0.00E+0,1.33E-2,0x0004,0x0000,0x007F,0x0214,0x0000,0x0001,0x0000,0x0000,0x0000,0x0000,0x0000,0x0004,0x0000,0x0000,0x0000,0x0000,0x0000,0x0000,683
11:59:35 AM,6,0.00,0,0.00,-1.67,0.00,0.00,100.00,-1.00,-1.00,-1.00,0,1,1,100,0,-1,0.18,0.00,0.18,160,160,0,0.00,0.00,0.00,0.00,0.00,0.00,-1.00,-1.00,0.00,-1.00,-1.00,0.00,-1.00,-1.00,0.00,2.42E-1,1.024E+5,0.00E+0,1.33E-2,-1.00,0.00E+0,1.33E-2,0x0004,0x0000,0x007F,0x0214,0x0000,0x0001,0x0000,0x0000,0x0000,0x0000,0x0000,0x0004,0x0000,0x0000,0x0000,0x0000,0x0000,0x0000,684
11:59:39 AM,6,0.00,0,0.00,-1.67,0.00,0.00,100.00,-1.00,-1.00,-1.00,0,1,1,100,0,-1,0.18,0.00,0.18,160,160,0,0.00,0.00,0.00,0.00,0.00,0.00,-1.00,-1.00,0.00,-1.00,-1.00,0.00,-1.00,-1.00,0.00,2.46E-1,1.024E+5,0.00E+0,1.33E-2,-1.00,0.00E+0,1.33E-2,0x0004,0x0000,0x007F,0x0214,0x0000,0x0001,0x0000,0x0000,0x0000,0x0000,0x0000,0x0004,0x0000,0x0000,0x0000,0x0000,0x0000,0x0000,685
11:59:44 AM,6,0.00,0,0.00,-1.67,0.00,0.00,100.00,-1.00,-1.00,-1.00,0,1,1,100,0,-1,0.18,0.00,0.18,160,160,0,0.00,0.00,0.00,0.00,0.00,0.00,-1.00,-1.00,0.00,-1.00,-1.00,0.00,-1.00,-1.00,0.00,2.46E-1,1.024E+5,0.00E+0,1.33E-2,-1.00,0.00E+0,1.33E-2,0x0004,0x0000,0x007F,0x0214,0x0000,0x0001,0x0000,0x0000,0x0000,0x0000,0x0000,0x0004,0x0000,0x0000,0x0000,0x0000,0x0000,0x0000,686
11:59:49 AM,6,0.00,0,0.00,-1.67,0.00,0.00,100.00,-1.00,-1.00,-1.00,0,1,1,100,0,-1,0.18,0.00,0.18,160,160,0,0.00,0.00,0.00,0.00,0.00,0.00,-1.00,-1.00,0.00,-1.00,-1.00,0.00,-1.00,-1.00,0.00,2.42E-1,1.024E+5,0.00E+0,1.33E-2,-1.00,0.00E+0,1.33E-2,0x0004,0x0000,0x007F,0x0214,0x0000,0x0001,0x0000,0x0000,0x0000,0x0000,0x0000,0x0004,0x0000,0x0000,0x0000,0x0000,0x0000,0x0000,687
11:59:54 AM,6,0.00,0,0.00,-1.67,0.00,0.00,100.00,-1.00,-1.00,-1.00,0,1,1,100,0,-1,0.18,0.00,0.18,160,160,0,0.00,0.00,0.00,0.00,0.00,0.00,-1.00,-1.00,0.00,-1.00,-1.00,0.00,-1.00,-1.00,0.00,2.42E-1,1.024E+5,0.00E+0,1.33E-2,-1.00,0.00E+0,1.33E-2,0x0004,0x0000,0x007F,0x0214,0x0000,0x0001,0x0000,0x0000,0x0000,0x0000,0x0000,0x0004,0x0000,0x0000,0x0000,0x0000,0x0000,0x0000,688
11:59:59 AM,6,0.00,0,0.00,-1.67,0.00,0.00,100.00,-1.00,-1.00,-1.00,0,1,1,100,0,-1,0.18,0.00,0.18,160,160,0,0.00,0.00,0.00,0.00,0.00,0.00,-1.00,-1.00,0.00,-1.00,-1.00,0.00,-1.00,-1.00,0.00,2.48E-1,1.024E+5,0.00E+0,1.33E-2,-1.00,0.00E+0,1.33E-2,0x0004,0x0000,0x007F,0x0214,0x0000,0x0001,0x0000,0x0000,0x0000,0x0000,0x0000,0x0004,0x0000,0x0000,0x0000,0x0000,0x0000,0x0000,689
12:00:04 PM,6,0.00,0,0.00,-1.67,0.00,0.00,100.00,-1.00,-1.00,-1.00,0,1,1,100,0,-1,0.18,0.00,0.18,160,160,0,0.00,0.00,0.00,0.00,0.00,0.00,-1.00,-1.00,0.00,-1.00,-1.00,0.00,-1.00,-1.00,0.00,2.42E-1,1.024E+5,0.00E+0,1.33E-2,-1.00,0.00E+0,1.33E-2,0x0004,0x0000,0x007F,0x0214,0x0000,0x0001,0x0000,0x0000,0x0000,0x0000,0x0000,0x0004,0x0000,0x0000,0x0000,0x0000,0x0000,0x0000,690
12:00:09 PM,6,0.00,0,0.00,-1.67,0.00,0.00,100.00,-1.00,-1.00,-1.00,0,1,1,100,0,-1,0.18,0.00,0.18,160,160,0,0.00,0.00,0.00,0.00,0.00,0.00,-1.00,-1.00,0.00,-1.00,-1.00,0.00,-1.00,-1.00,0.00,2.46E-1,1.024E+5,0.00E+0,1.33E-2,-1.00,0.00E+0,1.33E-2,0x0004,0x0000,0x007F,0x0214,0x0000,0x0001,0x0000,0x0000,0x0000,0x0000,0x0000,0x0004,0x0000,0x0000,0x0000,0x0000,0x0000,0x0000,691
12:00:14 PM,6,0.00,0,0.00,-1.67,0.00,0.00,100.00,-1.00,-1.00,-1.00,0,1,1,100,0,-1,0.18,0.00,0.18,160,160,0,0.00,0.00,0.00,0.00,0.00,0.00,-1.00,-1.00,0.00,-1.00,-1.00,0.00,-1.00,-1.00,0.00,2.42E-1,1.024E+5,0.00E+0,1.33E-2,-1.00,0.00E+0,1.33E-2,0x0004,0x0000,0x007F,0x0214,0x0000,0x0001,0x0000,0x0000,0x0000,0x0000,0x0000,0x0004,0x0000,0x0000,0x0000,0x0000,0x0000,0x0000,692
12:00:19 PM,6,0.00,0,0.00,-1.67,0.00,0.00,100.00,-1.00,-1.00,-1.00,0,1,1,100,0,-1,0.18,0.00,0.18,160,160,0,0.00,0.00,0.00,0.00,0.00,0.00,-1.00,-1.00,0.00,-1.00,-1.00,0.00,-1.00,-1.00,0.00,2.44E-1,1.024E+5,0.00E+0,1.33E-2,-1.00,0.00E+0,1.33E-2,0x0004,0x0000,0x007F,0x0214,0x0000,0x0001,0x0000,0x0000,0x0000,0x0000,0x0000,0x0004,0x0000,0x0000,0x0000,0x0000,0x0000,0x0000,693
12:00:24 PM,6,0.00,0,0.00,-1.67,0.00,0.00,100.00,-1.00,-1.00,-1.00,0,1,1,100,0,-1,0.18,0.00,0.18,160,160,0,0.00,0.00,0.00,0.00,0.00,0.00,-1.00,-1.00,0.00,-1.00,-1.00,0.00,-1.00,-1.00,0.00,2.46E-1,1.024E+5,0.00E+0,1.33E-2,-1.00,0.00E+0,1.33E-2,0x0004,0x0000,0x007F,0x0214,0x0000,0x0001,0x0000,0x0000,0x0000,0x0000,0x0000,0x0004,0x0000,0x0000,0x0000,0x0000,0x0000,0x0000,694
12:00:29 PM,6,0.00,0,0.00,-1.67,0.00,0.00,100.00,-1.00,-1.00,-1.00,0,1,1,100,0,-1,0.18,0.00,0.18,160,160,0,0.00,0.00,0.00,0.00,0.00,0.00,-1.00,-1.00,0.00,-1.00,-1.00,0.00,-1.00,-1.00,0.00,2.51E-1,1.024E+5,0.00E+0,1.33E-2,-1.00,0.00E+0,1.33E-2,0x0004,0x0000,0x007F,0x0214,0x0000,0x0001,0x0000,0x0000,0x0000,0x0000,0x0000,0x0004,0x0000,0x0000,0x0000,0x0000,0x0000,0x0000,695
12:00:34 PM,6,0.00,0,0.00,-1.67,0.00,0.00,100.00,-1.00,-1.00,-1.00,0,1,1,100,0,-1,0.18,0.00,0.18,160,160,0,0.00,0.00,0.00,0.00,0.00,0.00,-1.00,-1.00,0.00,-1.00,-1.00,0.00,-1.00,-1.00,0.00,2.46E-1,1.024E+5,0.00E+0,1.33E-2,-1.00,0.00E+0,1.33E-2,0x0004,0x0000,0x007F,0x0214,0x0000,0x0001,0x0000,0x0000,0x0000,0x0000,0x0000,0x0004,0x0000,0x0000,0x0000,0x0000,0x0000,0x0000,696
12:00:39 PM,6,0.00,0,0.00,-1.67,0.00,0.00,100.00,-1.00,-1.00,-1.00,0,1,1,100,0,-1,0.18,0.00,0.18,160,160,0,0.00,0.00,0.00,0.00,0.00,0.00,-1.00,-1.00,0.00,-1.00,-1.00,0.00,-1.00,-1.00,0.00,2.46E-1,1.024E+5,0.00E+0,1.33E-2,-1.00,0.00E+0,1.33E-2,0x0004,0x0000,0x007F,0x0214,0x0000,0x0001,0x0000,0x0000,0x0000,0x0000,0x0000,0x0004,0x0000,0x0000,0x0000,0x0000,0x0000,0x0000,697
12:00:44 PM,6,0.00,0,0.00,-1.67,0.00,0.00,100.00,-1.00,-1.00,-1.00,0,1,1,100,0,-1,0.18,0.00,0.18,160,160,0,0.00,0.00,0.00,0.00,0.00,0.00,-1.00,-1.00,0.00,-1.00,-1.00,0.00,-1.00,-1.00,0.00,2.46E-1,1.024E+5,0.00E+0,1.33E-2,-1.00,0.00E+0,1.33E-2,0x0004,0x0000,0x007F,0x0214,0x0000,0x0001,0x0000,0x0000,0x0000,0x0000,0x0000,0x0004,0x0000,0x0000,0x0000,0x0000,0x0000,0x0000,698
12:00:49 PM,6,0.00,0,0.00,-1.67,0.00,0.00,100.00,-1.00,-1.00,-1.00,0,1,1,100,0,-1,0.18,0.00,0.18,160,160,0,0.00,0.00,0.00,0.00,0.00,0.00,-1.00,-1.00,0.00,-1.00,-1.00,0.00,-1.00,-1.00,0.00,2.42E-1,1.024E+5,0.00E+0,1.33E-2,-1.00,0.00E+0,1.33E-2,0x0004,0x0000,0x007F,0x0214,0x0000,0x0001,0x0000,0x0000,0x0000,0x0000,0x0000,0x0004,0x0000,0x0000,0x0000,0x0000,0x0000,0x0000,699
12:00:54 PM,6,0.00,0,0.00,-1.67,0.00,0.00,100.00,-1.00,-1.00,-1.00,0,1,1,100,0,-1,0.18,0.00,0.18,160,160,0,0.00,0.00,0.00,0.00,0.00,0.00,-1.00,-1.00,0.00,-1.00,-1.00,0.00,-1.00,-1.00,0.00,2.46E-1,1.024E+5,0.00E+0,1.33E-2,-1.00,0.00E+0,1.33E-2,0x0004,0x0000,0x007F,0x0214,0x0000,0x0001,0x0000,0x0000,0x0000,0x0000,0x0000,0x0004,0x0000,0x0000,0x0000,0x0000,0x0000,0x0000,700
12:00:59 PM,6,0.00,0,0.00,-1.67,0.00,0.00,100.00,-1.00,-1.00,-1.00,0,1,1,100,0,-1,0.18,0.00,0.18,160,160,0,0.00,0.00,0.00,0.00,0.00,0.00,-1.00,-1.00,0.00,-1.00,-1.00,0.00,-1.00,-1.00,0.00,2.44E-1,1.024E+5,0.00E+0,1.33E-2,-1.00,0.00E+0,1.33E-2,0x0004,0x0000,0x007F,0x0214,0x0000,0x0001,0x0000,0x0000,0x0000,0x0000,0x0000,0x0004,0x0000,0x0000,0x0000,0x0000,0x0000,0x0000,701
12:01:04 PM,6,0.00,0,0.00,-1.67,0.00,0.00,100.00,-1.00,-1.00,-1.00,0,1,1,100,0,-1,0.18,0.00,0.18,160,160,0,0.00,0.00,0.00,0.00,0.00,0.00,-1.00,-1.00,0.00,-1.00,-1.00,0.00,-1.00,-1.00,0.00,2.46E-1,1.024E+5,0.00E+0,1.33E-2,-1.00,0.00E+0,1.33E-2,0x0004,0x0000,0x007F,0x0214,0x0000,0x0001,0x0000,0x0000,0x0000,0x0000,0x0000,0x0004,0x0000,0x0000,0x0000,0x0000,0x0000,0x0000,702
11:58:05 AM,6,0.00,0,0.00,-1.67,0.00,0.00,100.00,-1.00,-1.00,-1.00,0,1,1,100,0,-1,0.18,0.00,0.18,160,160,0,0.00,0.00,0.00,0.00,0.00,0.00,-1.00,-1.00,0.00,-1.00,-1.00,0.00,-1.00,-1.00,0.00,2.44E-1,1.024E+5,0.00E+0,1.33E-2,-1.00,0.00E+0,1.33E-2,0x0004,0x0000,0x007F,0x0214,0x0000,0x0001,0x0000,0x0000,0x0000,0x0000,0x0000,0x0004,0x0000,0x0000,0x0000,0x0000,0x0000,0x0000,703
11:58:10 AM,6,0.00,0,0.00,-1.67,0.00,0.00,100.00,-1.00,-1.00,-1.00,0,1,1,100,0,-1,0.18,0.00,0.18,160,160,0,0.00,0.00,0.00,0.00,0.00,0.00,-1.00,-1.00,0.00,-1.00,-1.00,0.00,-1.00,-1.00,0.00,2.42E-1,1.024E+5,0.00E+0,1.33E-2,-1.00,0.00E+0,1.33E-2,0x0004,0x0000,0x007F,0x0214,0x0000,0x0001,0x0000,0x0000,0x0000,0x0000,0x0000,0x0004,0x0000,0x0000,0x0000,0x0000,0x0000,0x0000,704
11:58:15 AM,6,0.00,0,0.00,-1.67,0.00,0.00,100.00,-1.00,-1.00,-1.00,0,1,1,100,0,-1,0.18,0.00,0.18,160,160,0,0.00,0.00,0.00,0.00,0.00,0.00,-1.00,-1.00,0.00,-1.00,-1.00,0.00,-1.00,-1.00,0.00,2.42E-1,1.024E+5,0.00E+0,1.33E-2,-1.00,0.00E+0,1.33E-2,0x0004,0x0000,0x007F,0x0214,0x0000,0x0001,0x0000,0x0000,0x0000,0x0000,0x0000,0x0004,0x0000,0x0000,0x0000,0x0000,0x0000,0x0000,705
11:58:20 AM,6,0.00,0,0.00,-1.67,0.00,0.00,100.00,-1.00,-1.00,-1.00,0,1,1,100,0,-1,0.18,0.00,0.18,160,160,0,0.00,0.00,0.00,0.00,0.00,0.00,-1.00,-1.00,0.00,-1.00,-1.00,0.00,-1.00,-1.00,0.00,2.46E-1,1.024E+5,0.00E+0,1.33E-2,-1.00,0.00E+0,1.33E-2,0x0004,0x0000,0x007F,0x0214,0x0000,0x0001,0x0000,0x0000,0x0000,0x0000,0x0000,0x0004,0x0000,0x0000,0x0000,0x0000,0x0000,0x0000,706
11:58:25 AM,6,0.00,0,0.00,-1.67,0.00,0.00,100.00,-1.00,-1.00,-1.00,0,1,1,100,0,-1,0.18,0.00,0.18,160,160,0,0.00,0.00,0.00,0.00,0.00,0.00,-1.00,-1.00,0.00,-1.00,-1.00,0.00,-1.00,-1.00,0.00,2.46E-1,1.024E+5,0.00E+0,1.33E-2,-1.00,0.00E+0,1.33E-2,0x0004,0x0000,0x007F,0x0214,0x0000,0x0001,0x0000,0x0000,0x0000,0x0000,0x0000,0x0004,0x0000,0x0000,0x0000,0x0000,0x0000,0x0000,707
11:58:30 AM,6,0.00,0,0.00,-1.67,0.00,0.00,100.00,-1.00,-1.00,-1.00,0,1,1,100,0,-1,0.18,0.00,0.18,160,160,0,0.00,0.00,0.00,0.00,0.00,0.00,-1.00,-1.00,0.00,-1.00,-1.00,0.00,-1.00,-1.00,0.00,2.46E-1,1.024E+5,0.00E+0,1.33E-2,-1.00,0.00E+0,1.33E-2,0x0004,0x0000,0x007F,0x0214,0x0000,0x0001,0x0000,0x0000,0x0000,0x0000,0x0000,0x0004,0x0000,0x0000,0x0000,0x0000,0x0000,0x0000,708
11:58:35 AM,6,0.00,0,0.00,-1.67,0.00,0.00,100.00,-1.00,-1.00,-1.00,0,1,1,100,0,-1,0.18,0.00,0.18,160,160,0,0.00,0.00,0.00,0.00,0.00,0.00,-1.00,-1.00,0.00,-1.00,-1.00,0.00,-1.00,-1.00,0.00,2.44E-1,1.024E+5,0.00E+0,1.33E-2,-1.00,0.00E+0,1.33E-2,0x0004,0x0000,0x007F,0x0214,0x0000,0x0001,0x0000,0x0000,0x0000,0x0000,0x0000,0x0004,0x0000,0x0000,0x0000,0x0000,0x0000,0x0000,709
11:58:40 AM,6,0.00,0,0.00,-1.67,0.00,0.00,100.00,-1.00,-1.00,-1.00,0,1,1,100,0,-1,0.18,0.00,0.18,160,160,0,0.00,0.00,0.00,0.00,0.00,0.00,-1.00,-1.00,0.00,-1.00,-1.00,0.00,-1.00,-1.00,0.00,2.42E-1,1.024E+5,0.00E+0,1.33E-2,-1.00,0.00E+0,1.33E-2,0x0004,0x0000,0x007F,0x0214,0x0000,0x0001,0x0000,0x0000,0x0000,0x0000,0x0000,0x0004,0x0000,0x0000,0x0000,0x0000,0x0000,0x0000,710
11:58:45 AM,6,0.00,0,0.00,-1.67,0.00,0.00,100.00,-1.00,-1.00,-1.00,0,1,1,100,0,-1,0.18,0.00,0.18,160,160,0,0.00,0.00,0.00,0.00,0.00,0.00,-1.00,-1.00,0.00,-1.00,-1.00,0.00,-1.00,-1.00,0.00,2.40E-1,1.024E+5,0.00E+0,1.33E-2,-1.00,0.00E+0,1.33E-2,0x0004,0x0000,0x007F,0x0214,0x0000,0x0001,0x0000,0x0000,0x0000,0x0000,0x0000,0x0004,0x0000,0x0000,0x0000,0x0000,0x0000,0x0000,711
11:58:50 AM,6,0.00,0,0.00,-1.67,0.00,0.00,100.00,-1.00,-1.00,-1.00,0,1,1,100,0,-1,0.18,0.00,0.18,160,160,0,0.00,0.00,0.00,0.00,0.00,0.00,-1.00,-1.00,0.00,-1.00,-1.00,0.00,-1.00,-1.00,0.00,2.42E-1,1.024E+5,0.00E+0,1.33E-2,-1.00,0.00E+0,1.33E-2,0x0004,0x0000,0x007F,0x0214,0x0000,0x0001,0x0000,0x0000,0x0000,0x0000,0x0000,0x0004,0x0000,0x0000,0x0000,0x0000,0x0000,0x0000,712
11:58:55 AM,6,0.00,0,0.00,-1.67,0.00,0.00,100.00,-1.00,-1.00,-1.00,0,1,1,100,0,-1,0.18,0.00,0.18,160,160,0,0.00,0.00,0.00,0.00,0.00,0.00,-1.00,-1.00,0.00,-1.00,-1.00,0.00,-1.00,-1.00,0.00,2.44E-1,1.024E+5,0.00E+0,1.33E-2,-1.00,0.00E+0,1.33E-2,0x0004,0x0000,0x007F,0x0214,0x0000,0x0001,0x0000,0x0000,0x0000,0x0000,0x0000,0x0004,0x0000,0x0000,0x0000,0x0000,0x0000,0x0000,713
11:59:00 AM,6,0.00,0,0.00,-1.67,0.00,0.00,100.00,-1.00,-1.00,-1.00,0,1,1,100,0,-1,0.18,0.00,0.18,160,160,0,0.00,0.00,0.00,0.00,0.00,0.00,-1.00,-1.00,0.00,-1.00,-1.00,0.00,-1.00,-1.00,0.00,2.37E-1,1.024E+5,0.00E+0,1.33E-2,-1.00,0.00E+0,1.33E-2,0x0004,0x0000,0x007F,0x0214,0x0000,0x0001,0x0000,0x0000,0x0000,0x0000,0x0000,0x0004,0x0000,0x0000,0x0000,0x0000,0x0000,0x0000,714
11:59:05 AM,6,0.00,0,0.00,-1.67,0.00,0.00,100.00,-1.00,-1.00,-1.00,0,1,1,100,0,-1,0.18,0.00,0.18,160,160,0,0.00,0.00,0.00,0.00,0.00,0.00,-1.00,-1.00,0.00,-1.00,-1.00,0.00,-1.00,-1.00,0.00,2.44E-1,1.024E+5,0.00E+0,1.33E-2,-1.00,0.00E+0,1.33E-2,0x0004,0x0000,0x007F,0x0214,0x0000,0x0001,0x0000,0x0000,0x0000,0x0000,0x0000,0x0004,0x0000,0x0000,0x0000,0x0000,0x0000,0x0000,715
11:59:10 AM,6,0.00,0,0.00,-1.67,0.00,0.00,100.00,-1.00,-1.00,-1.00,0,1,1,100,0,-1,0.18,0.00,0.18,160,160,0,0.00,0.00,0.00,0.00,0.00,0.00,-1.00,-1.00,0.00,-1.00,-1.00,0.00,-1.00,-1.00,0.00,2.46E-1,1.024E+5,0.00E+0,1.33E-2,-1.00,0.00E+0,1.33E-2,0x0004,0x0000,0x007F,0x0214,0x0000,0x0001,0x0000,0x0000,0x0000,0x0000,0x0000,0x0004,0x0000,0x0000,0x0000,0x0000,0x0000,0x0000,716
11:59:15 AM,6,0.00,0,0.00,-1.67,0.00,0.00,100.00,-1.00,-1.00,-1.00,0,1,1,100,0,-1,0.18,0.00,0.18,160,160,0,0.00,0.00,0.00,0.00,0.00,0.00,-1.00,-1.00,0.00,-1.00,-1.00,0.00,-1.00,-1.00,0.00,2.46E-1,1.024E+5,0.00E+0,1.33E-2,-1.00,0.00E+0,1.33E-2,0x0004,0x0000,0x007F,0x0214,0x0000,0x0001,0x0000,0x0000,0x0000,0x0000,0x0000,0x0004,0x0000,0x0000,0x0000,0x0000,0x0000,0x0000,717
11:59:20 AM,6,0.00,0,0.00,-1.67,0.00,0.00,100.00,-1.00,-1.00,-1.00,0,1,1,100,0,-1,0.18,0.00,0.18,160,160,0,0.00,0.00,0.00,0.00,0.00,0.00,-1.00,-1.00,0.00,-1.00,-1.00,0.00,-1.00,-1.00,0.00,2.46E-1,1.024E+5,0.00E+0,1.33E-2,-1.00,0.00E+0,1.33E-2,0x0004,0x0000,0x007F,0x0214,0x0000,0x0001,0x0000,0x0000,0x0000,0x0000,0x0000,0x0004,0x0000,0x0000,0x0000,0x0000,0x0000,0x0000,718
11:59:25 AM,6,0.00,0,0.00,-1.67,0.00,0.00,100.00,-1.00,-1.00,-1.00,0,1,1,100,0,-1,0.18,0.00,0.18,160,160,0,0.00,0.00,0.00,0.00,0.00,0.00,-1.00,-1.00,0.00,-1.00,-1.00,0.00,-1.00,-1.00,0.00,2.42E-1,1.024E+5,0.00E+0,1.33E-2,-1.00,0.00E+0,1.33E-2,0x0004,0x0000,0x007F,0x0214,0x0000,0x0001,0x0000,0x0000,0x0000,0x0000,0x0000,0x0004,0x0000,0x0000,0x0000,0x0000,0x0000,0x0000,719
11:59:30 AM,6,0.00,0,0.00,-1.67,0.00,0.00,100.00,-1.00,-1.00,-1.00,0,1,1,100,0,-1,0.18,0.00,0.18,160,160,0,0.00,0.00,0.00,0.00,0.00,0.00,-1.00,-1.00,0.00,-1.00,-1.00,0.00,-1.00,-1.00,0.00,2.42E-1,1.024E+5,0.00E+0,1.33E-2,-1.00,0.00E+0,1.33E-2,0x0004,0x0000,0x007F,0x0214,0x0000,0x0001,0x0000,0x0000,0x0000,0x0000,0x0000,0x0004,0x0000,0x0000,0x0000,0x0000,0x0000,0x0000,720
11:59:35 AM,6,0.00,0,0.00,-1.67,0.00,0.00,100.00,-1.00,-1.00,-1.00,0,1,1,100,0,-1,0.18,0.00,0.18,160,160,0,0.00,0.00,0.00,0.00,0.00,0.00,-1.00,-1.00,0.00,-1.00,-1.00,0.00,-1.00,-1.00,0.00,2.42E-1,1.024E+5,0.00E+0,1.33E-2,-1.00,0.00E+0,1.33E-2,0x0004,0x0000,0x007F,0x0214,0x0000,0x0001,0x0000,0x0000,0x0000,0x0000,0x0000,0x0004,0x0000,0x0000,0x0000,0x0000,0x0000,0x0000,721
11:59:39 AM,6,0.00,0,0.00,-1.67,0.00,0.00,100.00,-1.00,-1.00,-1.00,0,1,1,100,0,-1,0.18,0.00,0.18,160,160,0,0.00,0.00,0.00,0.00,0.00,0.00,-1.00,-1.00,0.00,-1.00,-1.00,0.00,-1.00,-1.00,0.00,2.46E-1,1.024E+5,0.00E+0,1.33E-2,-1.00,0.00E+0,1.33E-2,0x0004,0x0000,0x007F,0x0214,0x0000,0x0001,0x0000,0x0000,0x0000,0x0000,0x0000,0x0004,0x0000,0x0000,0x0000,0x0000,0x0000,0x0000,722
11:59:44 AM,6,0.00,0,0.00,-1.67,0.00,0.00,100.00,-1.00,-1.00,-1.00,0,1,1,100,0,-1,0.18,0.00,0.18,160,160,0,0.00,0.00,0.00,0.00,0.00,0.00,-1.00,-1.00,0.00,-1.00,-1.00,0.00,-1.00,-1.00,0.00,2.46E-1,1.024E+5,0.00E+0,1.33E-2,-1.00,0.00E+0,1.33E-2,0x0004,0x0000,0x007F,0x0214,0x0000,0x0001,0x0000,0x0000,0x0000,0x0000,0x0000,0x0004,0x0000,0x0000,0x0000,0x0000,0x0000,0x0000,723
11:59:49 AM,6,0.00,0,0.00,-1.67,0.00,0.00,100.00,-1.00,-1.00,-1.00,0,1,1,100,0,-1,0.18,0.00,0.18,160,160,0,0.00,0.00,0.00,0.00,0.00,0.00,-1.00,-1.00,0.00,-1.00,-1.00,0.00,-1.00,-1.00,0.00,2.42E-1,1.024E+5,0.00E+0,1.33E-2,-1.00,0.00E+0,1.33E-2,0x0004,0x0000,0x007F,0x0214,0x0000,0x0001,0x0000,0x0000,0x0000,0x0000,0x0000,0x0004,0x0000,0x0000,0x0000,0x0000,0x0000,0x0000,724
11:59:54 AM,6,0.00,0,0.00,-1.67,0.00,0.00,100.00,-1.00,-1.00,-1.00,0,1,1,100,0,-1,0.18,0.00,0.18,160,160,0,0.00,0.00,0.00,0.00,0.00,0.00,-1.00,-1.00,0.00,-1.00,-1.00,0.00,-1.00,-1.00,0.00,2.42E-1,1.024E+5,0.00E+0,1.33E-2,-1.00,0.00E+0,1.33E-2,0x0004,0x0000,0x007F,0x0214,0x0000,0x0001,0x0000,0x0000,0x0000,0x0000,0x0000,0x0004,0x0000,0x0000,0x0000,0x0000,0x0000,0x0000,725
11:59:59 AM,6,0.00,0,0.00,-1.67,0.00,0.00,100.00,-1.00,-1.00,-1.00,0,1,1,100,0,-1,0.18,0.00,0.18,160,160,0,0.00,0.00,0.00,0.00,0.00,0.00,-1.00,-1.00,0.00,-1.00,-1.00,0.00,-1.00,-1.00,0.00,2.48E-1,1.024E+5,0.00E+0,1.33E-2,-1.00,0.00E+0,1.33E-2,0x0004,0x0000,0x007F,0x0214,0x0000,0x0001,0x0000,0x0000,0x0000,0x0000,0x0000,0x0004,0x0000,0x0000,0x0000,0x0000,0x0000,0x0000,726
12:00:04 PM,6,0.00,0,0.00,-1.67,0.00,0.00,100.00,-1.00,-1.00,-1.00,0,1,1,100,0,-1,0.18,0.00,0.18,160,160,0,0.00,0.00,0.00,0.00,0.00,0.00,-1.00,-1.00,0.00,-1.00,-1.00,0.00,-1.00,-1.00,0.00,2.42E-1,1.024E+5,0.00E+0,1.33E-2,-1.00,0.00E+0,1.33E-2,0x0004,0x0000,0x007F,0x0214,0x0000,0x0001,0x0000,0x0000,0x0000,0x0000,0x0000,0x0004,0x0000,0x0000,0x0000,0x0000,0x0000,0x0000,727
12:00:09 PM,6,0.00,0,0.00,-1.67,0.00,0.00,100.00,-1.00,-1.00,-1.00,0,1,1,100,0,-1,0.18,0.00,0.18,160,160,0,0.00,0.00,0.00,0.00,0.00,0.00,-1.00,-1.00,0.00,-1.00,-1.00,0.00,-1.00,-1.00,0.00,2.46E-1,1.024E+5,0.00E+0,1.33E-2,-1.00,0.00E+0,1.33E-2,0x0004,0x0000,0x007F,0x0214,0x0000,0x0001,0x0000,0x0000,0x0000,0x0000,0x0000,0x0004,0x0000,0x0000,0x0000,0x0000,0x0000,0x0000,728
12:00:14 PM,6,0.00,0,0.00,-1.67,0.00,0.00,100.00,-1.00,-1.00,-1.00,0,1,1,100,0,-1,0.18,0.00,0.18,160,160,0,0.00,0.00,0.00,0.00,0.00,0.00,-1.00,-1.00,0.00,-1.00,-1.00,0.00,-1.00,-1.00,0.00,2.42E-1,1.024E+5,0.00E+0,1.33E-2,-1.00,0.00E+0,1.33E-2,0x0004,0x0000,0x007F,0x0214,0x0000,0x0001,0x0000,0x0000,0x0000,0x0000,0x0000,0x0004,0x0000,0x0000,0x0000,0x0000,0x0000,0x0000,729
12:00:19 PM,6,0.00,0,0.00,-1.67,0.00,0.00,100.00,-1.00,-1.00,-1.00,0,1,1,100,0,-1,0.18,0.00,0.18,160,160,0,0.00,0.00,0.00,0.00,0.00,0.00,-1.00,-1.00,0.00,-1.00,-1.00,0.00,-1.00,-1.00,0.00,2.44E-1,1.024E+5,0.00E+0,1.33E-2,-1.00,0.00E+0,1.33E-2,0x0004,0x0000,0x007F,0x0214,0x0000,0x0001,0x0000,0x0000,0x0000,0x0000,0x0000,0x0004,0x0000,0x0000,0x0000,0x0000,0x0000,0x0000,730
12:00:24 PM,6,0.00,0,0.00,-1.67,0.00,0.00,100.00,-1.00,-1.00,-1.00,0,1,1,100,0,-1,0.18,0.00,0.18,160,160,0,0.00,0.00,0.00,0.00,0.00,0.00,-1.00,-1.00,0.00,-1.00,-1.00,0.00,-1.00,-1.00,0.00,2.46E-1,1.024E+5,0.00E+0,1.33E-2,-1.00,0.00E+0,1.33E-2,0x0004,0x0000,0x007F,0x0214,0x0000,0x0001,0x0000,0x0000,0x0000,0x0000,0x0000,0x0004,0x0000,0x0000,0x0000,0x0000,0x0000,0x0000,731
12:00:29 PM,6,0.00,0,0.00,-1.67,0.00,0.00,100.00,-1.00,-1.00,-1.00,0,1,1,100,0,-1,0.18,0.00,0.18,160,160,0,0.00,0.00,0.00,0.00,0.00,0.00,-1.00,-1.00,0.00,-1.00,-1.00,0.00,-1.00,-1.00,0.00,2.51E-1,1.024E+5,0.00E+0,1.33E-2,-1.00,0.00E+0,1.33E-2,0x0004,0x0000,0x007F,0x0214,0x0000,0x0001,0x0000,0x0000,0x0000,0x0000,0x0000,0x0004,0x0000,0x0000,0x0000,0x0000,0x0000,0x0000,732
12:00:34 PM,6,0.00,0,0.00,-1.67,0.00,0.00,100.00,-1.00,-1.00,-1.00,0,1,1,100,0,-1,0.18,0.00,0.18,160,160,0,0.00,0.00,0.00,0.00,0.00,0.00,-1.00,-1.00,0.00,-1.00,-1.00,0.00,-1.00,-1.00,0.00,2.46E-1,1.024E+5,0.00E+0,1.33E-2,-1.00,0.00E+0,1.33E-2,0x0004,0x0000,0x007F,0x0214,0x0000,0x0001,0x0000,0x0000,0x0000,0x0000,0x0000,0x0004,0x0000,0x0000,0x0000,0x0000,0x0000,0x0000,733
12:00:39 PM,6,0.00,0,0.00,-1.67,0.00,0.00,100.00,-1.00,-1.00,-1.00,0,1,1,100,0,-1,0.18,0.00,0.18,160,160,0,0.00,0.00,0.00,0.00,0.00,0.00,-1.00,-1.00,0.00,-1.00,-1.00,0.00,-1.00,-1.00,0.00,2.46E-1,1.024E+5,0.00E+0,1.33E-2,-1.00,0.00E+0,1.33E-2,0x0004,0x0000,0x007F,0x0214,0x0000,0x0001,0x0000,0x0000,0x0000,0x0000,0x0000,0x0004,0x0000,0x0000,0x0000,0x0000,0x0000,0x0000,734
12:00:44 PM,6,0.00,0,0.00,-1.67,0.00,0.00,100.00,-1.00,-1.00,-1.00,0,1,1,100,0,-1,0.18,0.00,0.18,160,160,0,0.00,0.00,0.00,0.00,0.00,0.00,-1.00,-1.00,0.00,-1.00,-1.00,0.00,-1.00,-1.00,0.00,2.46E-1,1.024E+5,0.00E+0,1.33E-2,-1.00,0.00E+0,1.33E-2,0x0004,0x0000,0x007F,0x0214,0x0000,0x0001,0x0000,0x0000,0x0000,0x0000,0x0000,0x0004,0x0000,0x0000,0x0000,0x0000,0x0000,0x0000,735
12:00:49 PM,6,0.00,0,0.00,-1.67,0.00,0.00,100.00,-1.00,-1.00,-1.00,0,1,1,100,0,-1,0.18,0.00,0.18,160,160,0,0.00,0.00,0.00,0.00,0.00,0.00,-1.00,-1.00,0.00,-1.00,-1.00,0.00,-1.00,-1.00,0.00,2.42E-1,1.024E+5,0.00E+0,1.33E-2,-1.00,0.00E+0,1.33E-2,0x0004,0x0000,0x007F,0x0214,0x0000,0x0001,0x0000,0x0000,0x0000,0x0000,0x0000,0x0004,0x0000,0x0000,0x0000,0x0000,0x0000,0x0000,736
12:00:54 PM,6,0.00,0,0.00,-1.67,0.00,0.00,100.00,-1.00,-1.00,-1.00,0,1,1,100,0,-1,0.18,0.00,0.18,160,160,0,0.00,0.00,0.00,0.00,0.00,0.00,-1.00,-1.00,0.00,-1.00,-1.00,0.00,-1.00,-1.00,0.00,2.46E-1,1.024E+5,0.00E+0,1.33E-2,-1.00,0.00E+0,1.33E-2,0x0004,0x0000,0x007F,0x0214,0x0000,0x0001,0x0000,0x0000,0x0000,0x0000,0x0000,0x0004,0x0000,0x0000,0x0000,0x0000,0x0000,0x0000,737
12:00:59 PM,6,0.00,0,0.00,-1.67,0.00,0.00,100.00,-1.00,-1.00,-1.00,0,1,1,100,0,-1,0.18,0.00,0.18,160,160,0,0.00,0.00,0.00,0.00,0.00,0.00,-1.00,-1.00,0.00,-1.00,-1.00,0.00,-1.00,-1.00,0.00,2.44E-1,1.024E+5,0.00E+0,1.33E-2,-1.00,0.00E+0,1.33E-2,0x0004,0x0000,0x007F,0x0214,0x0000,0x0001,0x0000,0x0000,0x0000,0x0000,0x0000,0x0004,0x0000,0x0000,0x0000,0x0000,0x0000,0x0000,738
12:01:04 PM,6,0.00,0,0.00,-1.67,0.00,0.00,100.00,-1.00,-1.00,-1.00,0,1,1,100,0,-1,0.18,0.00,0.18,160,160,0,0.00,0.00,0.00,0.00,0.00,0.00,-1.00,-1.00,0.00,-1.00,-1.00,0.00,-1.00,-1.00,0.00,2.46E-1,1.024E+5,0.00E+0,1.33E-2,-1.00,0.00E+0,1.33E-2,0x0004,0x0000,0x007F,0x0214,0x0000,0x0001,0x0000,0x0000,0x0000,0x0000,0x0000,0x0004,0x0000,0x0000,0x0000,0x0000,0x0000,0x0000,739
11:58:05 AM,6,0.00,0,0.00,-1.67,0.00,0.00,100.00,-1.00,-1.00,-1.00,0,1,1,100,0,-1,0.18,0.00,0.18,160,160,0,0.00,0.00,0.00,0.00,0.00,0.00,-1.00,-1.00,0.00,-1.00,-1.00,0.00,-1.00,-1.00,0.00,2.44E-1,1.024E+5,0.00E+0,1.33E-2,-1.00,0.00E+0,1.33E-2,0x0004,0x0000,0x007F,0x0214,0x0000,0x0001,0x0000,0x0000,0x0000,0x0000,0x0000,0x0004,0x0000,0x0000,0x0000,0x0000,0x0000,0x0000,740
11:58:10 AM,6,0.00,0,0.00,-1.67,0.00,0.00,100.00,-1.00,-1.00,-1.00,0,1,1,100,0,-1,0.18,0.00,0.18,160,160,0,0.00,0.00,0.00,0.00,0.00,0.00,-1.00,-1.00,0.00,-1.00,-1.00,0.00,-1.00,-1.00,0.00,2.42E-1,1.024E+5,0.00E+0,1.33E-2,-1.00,0.00E+0,1.33E-2,0x0004,0x0000,0x007F,0x0214,0x0000,0x0001,0x0000,0x0000,0x0000,0x0000,0x0000,0x0004,0x0000,0x0000,0x0000,0x0000,0x0000,0x0000,741
11:58:15 AM,6,0.00,0,0.00,-1.67,0.00,0.00,100.00,-1.00,-1.00,-1.00,0,1,1,100,0,-1,0.18,0.00,0.18,160,160,0,0.00,0.00,0.00,0.00,0.00,0.00,-1.00,-1.00,0.00,-1.00,-1.00,0.00,-1.00,-1.00,0.00,2.42E-1,1.024E+5,0.00E+0,1.33E-2,-1.00,0.00E+0,1.33E-2,0x0004,0x0000,0x007F,0x0214,0x0000,0x0001,0x0000,0x0000,0x0000,0x0000,0x0000,0x0004,0x0000,0x0000,0x0000,0x0000,0x0000,0x0000,742
11:58:20 AM,6,0.00,0,0.00,-1.67,0.00,0.00,100.00,-1.00,-1.00,-1.00,0,1,1,100,0,-1,0.18,0.00,0.18,160,160,0,0.00,0.00,0.00,0.00,0.00,0.00,-1.00,-1.00,0.00,-1.00,-1.00,0.00,-1.00,-1.00,0.00,2.46E-1,1.024E+5,0.00E+0,1.33E-2,-1.00,0.00E+0,1.33E-2,0x0004,0x0000,0x007F,0x0214,0x0000,0x0001,0x0000,0x0000,0x0000,0x0000,0x0000,0x0004,0x0000,0x0000,0x0000,0x0000,0x0000,0x0000,743
11:58:25 AM,6,0.00,0,0.00,-1.67,0.00,0.00,100.00,-1.00,-1.00,-1.00,0,1,1,100,0,-1,0.18,0.00,0.18,160,160,0,0.00,0.00,0.00,0.00,0.00,0.00,-1.00,-1.00,0.00,-1.00,-1.00,0.00,-1.00,-1.00,0.00,2.46E-1,1.024E+5,0.00E+0,1.33E-2,-1.00,0.00E+0,1.33E-2,0x0004,0x0000,0x007F,0x0214,0x0000,0x0001,0x0000,0x0000,0x0000,0x0000,0x0000,0x0004,0x0000,0x0000,0x0000,0x0000,0x0000,0x0000,744
11:58:30 AM,6,0.00,0,0.00,-1.67,0.00,0.00,100.00,-1.00,-1.00,-1.00,0,1,1,100,0,-1,0.18,0.00,0.18,160,160,0,0.00,0.00,0.00,0.00,0.00,0.00,-1.00,-1.00,0.00,-1.00,-1.00,0.00,-1.00,-1.00,0.00,2.46E-1,1.024E+5,0.00E+0,1.33E-2,-1.00,0.00E+0,1.33E-2,0x0004,0x0000,0x007F,0x0214,0x0000,0x0001,0x0000,0x0000,0x0000,0x0000,0x0000,0x0004,0x0000,0x0000,0x0000,0x0000,0x0000,0x0000,745
11:58:35 AM,6,0.00,0,0.00,-1.67,0.00,0.00,100.00,-1.00,-1.00,-1.00,0,1,1,100,0,-1,0.18,0.00,0.18,160,160,0,0.00,0.00,0.00,0.00,0.00,0.00,-1.00,-1.00,0.00,-1.00,-1.00,0.00,-1.00,-1.00,0.00,2.44E-1,1.024E+5,0.00E+0,1.33E-2,-1.00,0.00E+0,1.33E-2,0x0004,0x0000,0x007F,0x0214,0x0000,0x0001,0x0000,0x0000,0x0000,0x0000,0x0000,0x0004,0x0000,0x0000,0x0000,0x0000,0x0000,0x0000,746
11:58:40 AM,6,0.00,0,0.00,-1.67,0.00,0.00,100.00,-1.00,-1.00,-1.00,0,1,1,100,0,-1,0.18,0.00,0.18,160,160,0,0.00,0.00,0.00,0.00,0.00,0.00,-1.00,-1.00,0.00,-1.00,-1.00,0.00,-1.00,-1.00,0.00,2.42E-1,1.024E+5,0.00E+0,1.33E-2,-1.00,0.00E+0,1.33E-2,0x0004,0x0000,0x007F,0x0214,0x0000,0x0001,0x0000,0x0000,0x0000,0x0000,0x0000,0x0004,0x0000,0x0000,0x0000,0x0000,0x0000,0x0000,747
11:58:45 AM,6,0.00,0,0.00,-1.67,0.00,0.00,100.00,-1.00,-1.00,-1.00,0,1,1,100,0,-1,0.18,0.00,0.18,160,160,0,0.00,0.00,0.00,0.00,0.00,0.00,-1.00,-1.00,0.00,-1.00,-1.00,0.00,-1.00,-1.00,0.00,2.40E-1,1.024E+5,0.00E+0,1.33E-2,-1.00,0.00E+0,1.33E-2,0x0004,0x0000,0x007F,0x0214,0x0000,0x0001,0x0000,0x0000,0x0000,0x0000,0x0000,0x0004,0x0000,0x0000,0x0000,0x0000,0x0000,0x0000,748
11:58:50 AM,6,0.00,0,0.00,-1.67,0.00,0.00,100.00,-1.00,-1.00,-1.00,0,1,1,100,0,-1,0.18,0.00,0.18,160,160,0,0.00,0.00,0.00,0.00,0.00,0.00,-1.00,-1.00,0.00,-1.00,-1.00,0.00,-1.00,-1.00,0.00,2.42E-1,1.024E+5,0.00E+0,1.33E-2,-1.00,0.00E+0,1.33E-2,0x0004,0x0000,0x007F,0x0214,0x0000,0x0001,0x0000,0x0000,0x0000,0x0000,0x0000,0x0004,0x0000,0x0000,0x0000,0x0000,0x0000,0x0000,749
11:58:55 AM,6,0.00,0,0.00,-1.67,0.00,0.00,100.00,-1.00,-1.00,-1.00,0,1,1,100,0,-1,0.18,0.00,0.18,160,160,0,0.00,0.00,0.00,0.00,0.00,0.00,-1.00,-1.00,0.00,-1.00,-1.00,0.00,-1.00,-1.00,0.00,2.44E-1,1.024E+5,0.00E+0,1.33E-2,-1.00,0.00E+0,1.33E-2,0x0004,0x0000,0x007F,0x0214,0x0000,0x0001,0x0000,0x0000,0x0000,0x0000,0x0000,0x0004,0x0000,0x0000,0x0000,0x0000,0x0000,0x0000,750
11:59:00 AM,6,0.00,0,0.00,-1.67,0.00,0.00,100.00,-1.00,-1.00,-1.00,0,1,1,100,0,-1,0.18,0.00,0.18,160,160,0,0.00,0.00,0.00,0.00,0.00,0.00,-1.00,-1.00,0.00,-1.00,-1.00,0.00,-1.00,-1.00,0.00,2.37E-1,1.024E+5,0.00E+0,1.33E-2,-1.00,0.00E+0,1.33E-2,0x0004,0x0000,0x007F,0x0214,0x0000,0x0001,0x0000,0x0000,0x0000,0x0000,0x0000,0x0004,0x0000,0x0000,0x0000,0x0000,0x0000,0x0000,751
11:59:05 AM,6,0.00,0,0.00,-1.67,0.00,0.00,100.00,-1.00,-1.00,-1.00,0,1,1,100,0,-1,0.18,0.00,0.18,160,160,0,0.00,0.00,0.00,0.00,0.00,0.00,-1.00,-1.00,0.00,-1.00,-1.00,0.00,-1.00,-1.00,0.00,2.44E-1,1.024E+5,0.00E+0,1.33E-2,-1.00,0.00E+0,1.33E-2,0x0004,0x0000,0x007F,0x0214,0x0000,0x0001,0x0000,0x0000,0x0000,0x0000,0x0000,0x0004,0x0000,0x0000,0x0000,0x0000,0x0000,0x0000,752
11:59:10 AM,6,0.00,0,0.00,-1.67,0.00,0.00,100.00,-1.00,-1.00,-1.00,0,1,1,100,0,-1,0.18,0.00,0.18,160,160,0,0.00,0.00,0.00,0.00,0.00,0.00,-1.00,-1.00,0.00,-1.00,-1.00,0.00,-1.00,-1.00,0.00,2.46E-1,1.024E+5,0.00E+0,1.33E-2,-1.00,0.00E+0,1.33E-2,0x0004,0x0000,0x007F,0x0214,0x0000,0x0001,0x0000,0x0000,0x0000,0x0000,0x0000,0x0004,0x0000,0x0000,0x0000,0x0000,0x0000,0x0000,753
11:59:15 AM,6,0.00,0,0.00,-1.67,0.00,0.00,100.00,-1.00,-1.00,-1.00,0,1,1,100,0,-1,0.18,0.00,0.18,160,160,0,0.00,0.00,0.00,0.00,0.00,0.00,-1.00,-1.00,0.00,-1.00,-1.00,0.00,-1.00,-1.00,0.00,2.46E-1,1.024E+5,0.00E+0,1.33E-2,-1.00,0.00E+0,1.33E-2,0x0004,0x0000,0x007F,0x0214,0x0000,0x0001,0x0000,0x0000,0x0000,0x0000,0x0000,0x0004,0x0000,0x0000,0x0000,0x0000,0x0000,0x0000,754
11:59:20 AM,6,0.00,0,0.00,-1.67,0.00,0.00,100.00,-1.00,-1.00,-1.00,0,1,1,100,0,-1,0.18,0.00,0.18,160,160,0,0.00,0.00,0.00,0.00,0.00,0.00,-1.00,-1.00,0.00,-1.00,-1.00,0.00,-1.00,-1.00,0.00,2.46E-1,1.024E+5,0.00E+0,1.33E-2,-1.00,0.00E+0,1.33E-2,0x0004,0x0000,0x007F,0x0214,0x0000,0x0001,0x0000,0x0000,0x0000,0x0000,0x0000,0x0004,0x0000,0x0000,0x0000,0x0000,0x0000,0x0000,755
11:59:25 AM,6,0.00,0,0.00,-1.67,0.00,0.00,100.00,-1.00,-1.00,-1.00,0,1,1,100,0,-1,0.18,0.00,0.18,160,160,0,0.00,0.00,0.00,0.00,0.00,0.00,-1.00,-1.00,0.00,-1.00,-1.00,0.00,-1.00,-1.00,0.00,2.42E-1,1.024E+5,0.00E+0,1.33E-2,-1.00,0.00E+0,1.33E-2,0x0004,0x0000,0x007F,0x0214,0x0000,0x0001,0x0000,0x0000,0x0000,0x0000,0x0000,0x0004,0x0000,0x0000,0x0000,0x0000,0x0000,0x0000,756
11:59:30 AM,6,0.00,0,0.00,-1.67,0.00,0.00,100.00,-1.00,-1.00,-1.00,0,1,1,100,0,-1,0.18,0.00,0.18,160,160,0,0.00,0.00,0.00,0.00,0.00,0.00,-1.00,-1.00,0.00,-1.00,-1.00,0.00,-1.00,-1.00,0.00,2.42E-1,1.024E+5,0.00E+0,1.33E-2,-1.00,0.00E+0,1.33E-2,0x0004,0x0000,0x007F,0x0214,0x0000,0x0001,0x0000,0x0000,0x0000,0x0000,0x0000,0x0004,0x0000,0x0000,0x0000,0x0000,0x0000,0x0000,757
11:59:35 AM,6,0.00,0,0.00,-1.67,0.00,0.00,100.00,-1.00,-1.00,-1.00,0,1,1,100,0,-1,0.18,0.00,0.18,160,160,0,0.00,0.00,0.00,0.00,0.00,0.00,-1.00,-1.00,0.00,-1.00,-1.00,0.00,-1.00,-1.00,0.00,2.42E-1,1.024E+5,0.00E+0,1.33E-2,-1.00,0.00E+0,1.33E-2,0x0004,0x0000,0x007F,0x0214,0x0000,0x0001,0x0000,0x0000,0x0000,0x0000,0x0000,0x0004,0x0000,0x0000,0x0000,0x0000,0x0000,0x0000,758
11:59:39 AM,6,0.00,0,0.00,-1.67,0.00,0.00,100.00,-1.00,-1.00,-1.00,0,1,1,100,0,-1,0.18,0.00,0.18,160,160,0,0.00,0.00,0.00,0.00,0.00,0.00,-1.00,-1.00,0.00,-1.00,-1.00,0.00,-1.00,-1.00,0.00,2.46E-1,1.024E+5,0.00E+0,1.33E-2,-1.00,0.00E+0,1.33E-2,0x0004,0x0000,0x007F,0x0214,0x0000,0x0001,0x0000,0x0000,0x0000,0x0000,0x0000,0x0004,0x0000,0x0000,0x0000,0x0000,0x0000,0x0000,759
11:59:44 AM,6,0.00,0,0.00,-1.67,0.00,0.00,100.00,-1.00,-1.00,-1.00,0,1,1,100,0,-1,0.18,0.00,0.18,160,160,0,0.00,0.00,0.00,0.00,0.00,0.00,-1.00,-1.00,0.00,-1.00,-1.00,0.00,-1.00,-1.00,0.00,2.46E-1,1.024E+5,0.00E+0,1.33E-2,-1.00,0.00E+0,1.33E-2,0x0004,0x0000,0x007F,0x0214,0x0000,0x0001,0x0000,0x0000,0x0000,0x0000,0x0000,0x0004,0x0000,0x0000,0x0000,0x0000,0x0000,0x0000,760
11:59:49 AM,6,0.00,0,0.00,-1.67,0.00,0.00,100.00,-1.00,-1.00,-1.00,0,1,1,100,0,-1,0.18,0.00,0.18,160,160,0,0.00,0.00,0.00,0.00,0.00,0.00,-1.00,-1.00,0.00,-1.00,-1.00,0.00,-1.00,-1.00,0.00,2.42E-1,1.024E+5,0.00E+0,1.33E-2,-1.00,0.00E+0,1.33E-2,0x0004,0x0000,0x007F,0x0214,0x0000,0x0001,0x0000,0x0000,0x0000,0x0000,0x0000,0x0004,0x0000,0x0000,0x0000,0x0000,0x0000,0x0000,761
11:59:54 AM,6,0.00,0,0.00,-1.67,0.00,0.00,100.00,-1.00,-1.00,-1.00,0,1,1,100,0,-1,0.18,0.00,0.18,160,160,0,0.00,0.00,0.00,0.00,0.00,0.00,-1.00,-1.00,0.00,-1.00,-1.00,0.00,-1.00,-1.00,0.00,2.42E-1,1.024E+5,0.00E+0,1.33E-2,-1.00,0.00E+0,1.33E-2,0x0004,0x0000,0x007F,0x0214,0x0000,0x0001,0x0000,0x0000,0x0000,0x0000,0x0000,0x0004,0x0000,0x0000,0x0000,0x0000,0x0000,0x0000,762
11:59:59 AM,6,0.00,0,0.00,-1.67,0.00,0.00,100.00,-1.00,-1.00,-1.00,0,1,1,100,0,-1,0.18,0.00,0.18,160,160,0,0.00,0.00,0.00,0.00,0.00,0.00,-1.00,-1.00,0.00,-1.00,-1.00,0.00,-1.00,-1.00,0.00,2.48E-1,1.024E+5,0.00E+0,1.33E-2,-1.00,0.00E+0,1.33E-2,0x0004,0x0000,0x007F,0x0214,0x0000,0x0001,0x0000,0x0000,0x0000,0x0000,0x0000,0x0004,0x0000,0x0000,0x0000,0x0000,0x0000,0x0000,763
12:00:04 PM,6,0.00,0,0.00,-1.67,0.00,0.00,100.00,-1.00,-1.00,-1.00,0,1,1,100,0,-1,0.18,0.00,0.18,160,160,0,0.00,0.00,0.00,0.00,0.00,0.00,-1.00,-1.00,0.00,-1.00,-1.00,0.00,-1.00,-1.00,0.00,2.42E-1,1.024E+5,0.00E+0,1.33E-2,-1.00,0.00E+0,1.33E-2,0x0004,0x0000,0x007F,0x0214,0x0000,0x0001,0x0000,0x0000,0x0000,0x0000,0x0000,0x0004,0x0000,0x0000,0x0000,0x0000,0x0000,0x0000,764
12:00:09 PM,6,0.00,0,0.00,-1.67,0.00,0.00,100.00,-1.00,-1.00,-1.00,0,1,1,100,0,-1,0.18,0.00,0.18,160,160,0,0.00,0.00,0.00,0.00,0.00,0.00,-1.00,-1.00,0.00,-1.00,-1.00,0.00,-1.00,-1.00,0.00,2.46E-1,1.024E+5,0.00E+0,1.33E-2,-1.00,0.00E+0,1.33E-2,0x0004,0x0000,0x007F,0x0214,0x0000,0x0001,0x0000,0x0000,0x0000,0x0000,0x0000,0x0004,0x0000,0x0000,0x0000,0x0000,0x0000,0x0000,765
12:00:14 PM,6,0.00,0,0.00,-1.67,0.00,0.00,100.00,-1.00,-1.00,-1.00,0,1,1,100,0,-1,0.18,0.00,0.18,160,160,0,0.00,0.00,0.00,0.00,0.00,0.00,-1.00,-1.00,0.00,-1.00,-1.00,0.00,-1.00,-1.00,0.00,2.42E-1,1.024E+5,0.00E+0,1.33E-2,-1.00,0.00E+0,1.33E-2,0x0004,0x0000,0x007F,0x0214,0x0000,0x0001,0x0000,0x0000,0x0000,0x0000,0x0000,0x0004,0x0000,0x0000,0x0000,0x0000,0x0000,0x0000,766
12:00:19 PM,6,0.00,0,0.00,-1.67,0.00,0.00,100.00,-1.00,-1.00,-1.00,0,1,1,100,0,-1,0.18,0.00,0.18,160,160,0,0.00,0.00,0.00,0.00,0.00,0.00,-1.00,-1.00,0.00,-1.00,-1.00,0.00,-1.00,-1.00,0.00,2.44E-1,1.024E+5,0.00E+0,1.33E-2,-1.00,0.00E+0,1.33E-2,0x0004,0x0000,0x007F,0x0214,0x0000,0x0001,0x0000,0x0000,0x0000,0x0000,0x0000,0x0004,0x0000,0x0000,0x0000,0x0000,0x0000,0x0000,767
12:00:24 PM,6,0.00,0,0.00,-1.67,0.00,0.00,100.00,-1.00,-1.00,-1.00,0,1,1,100,0,-1,0.18,0.00,0.18,160,160,0,0.00,0.00,0.00,0.00,0.00,0.00,-1.00,-1.00,0.00,-1.00,-1.00,0.00,-1.00,-1.00,0.00,2.46E-1,1.024E+5,0.00E+0,1.33E-2,-1.00,0.00E+0,1.33E-2,0x0004,0x0000,0x007F,0x0214,0x0000,0x0001,0x0000,0x0000,0x0000,0x0000,0x0000,0x0004,0x0000,0x0000,0x0000,0x0000,0x0000,0x0000,768
12:00:29 PM,6,0.00,0,0.00,-1.67,0.00,0.00,100.00,-1.00,-1.00,-1.00,0,1,1,100,0,-1,0.18,0.00,0.18,160,160,0,0.00,0.00,0.00,0.00,0.00,0.00,-1.00,-1.00,0.00,-1.00,-1.00,0.00,-1.00,-1.00,0.00,2.51E-1,1.024E+5,0.00E+0,1.33E-2,-1.00,0.00E+0,1.33E-2,0x0004,0x0000,0x007F,0x0214,0x0000,0x0001,0x0000,0x0000,0x0000,0x0000,0x0000,0x0004,0x0000,0x0000,0x0000,0x0000,0x0000,0x0000,769
12:00:34 PM,6,0.00,0,0.00,-1.67,0.00,0.00,100.00,-1.00,-1.00,-1.00,0,1,1,100,0,-1,0.18,0.00,0.18,160,160,0,0.00,0.00,0.00,0.00,0.00,0.00,-1.00,-1.00,0.00,-1.00,-1.00,0.00,-1.00,-1.00,0.00,2.46E-1,1.024E+5,0.00E+0,1.33E-2,-1.00,0.00E+0,1.33E-2,0x0004,0x0000,0x007F,0x0214,0x0000,0x0001,0x0000,0x0000,0x0000,0x0000,0x0000,0x0004,0x0000,0x0000,0x0000,0x0000,0x0000,0x0000,770
12:00:39 PM,6,0.00,0,0.00,-1.67,0.00,0.00,100.00,-1.00,-1.00,-1.00,0,1,1,100,0,-1,0.18,0.00,0.18,160,160,0,0.00,0.00,0.00,0.00,0.00,0.00,-1.00,-1.00,0.00,-1.00,-1.00,0.00,-1.00,-1.00,0.00,2.46E-1,1.024E+5,0.00E+0,1.33E-2,-1.00,0.00E+0,1.33E-2,0x0004,0x0000,0x007F,0x0214,0x0000,0x0001,0x0000,0x0000,0x0000,0x0000,0x0000,0x0004,0x0000,0x0000,0x0000,0x0000,0x0000,0x0000,771
12:00:44 PM,6,0.00,0,0.00,-1.67,0.00,0.00,100.00,-1.00,-1.00,-1.00,0,1,1,100,0,-1,0.18,0.00,0.18,160,160,0,0.00,0.00,0.00,0.00,0.00,0.00,-1.00,-1.00,0.00,-1.00,-1.00,0.00,-1.00,-1.00,0.00,2.46E-1,1.024E+5,0.00E+0,1.33E-2,-1.00,0.00E+0,1.33E-2,0x0004,0x0000,0x007F,0x0214,0x0000,0x0001,0x0000,0x0000,0x0000,0x0000,0x0000,0x0004,0x0000,0x0000,0x0000,0x0000,0x0000,0x0000,772
12:00:49 PM,6,0.00,0,0.00,-1.67,0.00,0.00,100.00,-1.00,-1.00,-1.00,0,1,1,100,0,-1,0.18,0.00,0.18,160,160,0,0.00,0.00,0.00,0.00,0.00,0.00,-1.00,-1.00,0.00,-1.00,-1.00,0.00,-1.00,-1.00,0.00,2.42E-1,1.024E+5,0.00E+0,1.33E-2,-1.00,0.00E+0,1.33E-2,0x0004,0x0000,0x007F,0x0214,0x0000,0x0001,0x0000,0x0000,0x0000,0x0000,0x0000,0x0004,0x0000,0x0000,0x0000,0x0000,0x0000,0x0000,773
12:00:54 PM,6,0.00,0,0.00,-1.67,0.00,0.00,100.00,-1.00,-1.00,-1.00,0,1,1,100,0,-1,0.18,0.00,0.18,160,160,0,0.00,0.00,0.00,0.00,0.00,0.00,-1.00,-1.00,0.00,-1.00,-1.00,0.00,-1.00,-1.00,0.00,2.46E-1,1.024E+5,0.00E+0,1.33E-2,-1.00,0.00E+0,1.33E-2,0x0004,0x0000,0x007F,0x0214,0x0000,0x0001,0x0000,0x0000,0x0000,0x0000,0x0000,0x0004,0x0000,0x0000,0x0000,0x0000,0x0000,0x0000,774
12:00:59 PM,6,0.00,0,0.00,-1.67,0.00,0.00,100.00,-1.00,-1.00,-1.00,0,1,1,100,0,-1,0.18,0.00,0.18,160,160,0,0.00,0.00,0.00,0.00,0.00,0.00,-1.00,-1.00,0.00,-1.00,-1.00,0.00,-1.00,-1.00,0.00,2.44E-1,1.024E+5,0.00E+0,1.33E-2,-1.00,0.00E+0,1.33E-2,0x0004,0x0000,0x007F,0x0214,0x0000,0x0001,0x0000,0x0000,0x0000,0x0000,0x0000,0x0004,0x0000,0x0000,0x0000,0x0000,0x0000,0x0000,775
12:01:04 PM,6,0.00,0,0.00,-1.67,0.00,0.00,100.00,-1.00,-1.00,-1.00,0,1,1,100,0,-1,0.18,0.00,0.18,160,160,0,0.00,0.00,0.00,0.00,0.00,0.00,-1.00,-1.00,0.00,-1.00,-1.00,0.00,-1.00,-1.00,0.00,2.46E-1,1.024E+5,0.00E+0,1.33E-2,-1.00,0.00E+0,1.33E-2,0x0004,0x0000,0x007F,0x0214,0x0000,0x0001,0x0000,0x0000,0x0000,0x0000,0x0000,0x0004,0x0000,0x0000,0x0000,0x0000,0x0000,0x0000,776
11:58:05 AM,6,0.00,0,0.00,-1.67,0.00,0.00,100.00,-1.00,-1.00,-1.00,0,1,1,100,0,-1,0.18,0.00,0.18,160,160,0,0.00,0.00,0.00,0.00,0.00,0.00,-1.00,-1.00,0.00,-1.00,-1.00,0.00,-1.00,-1.00,0.00,2.44E-1,1.024E+5,0.00E+0,1.33E-2,-1.00,0.00E+0,1.33E-2,0x0004,0x0000,0x007F,0x0214,0x0000,0x0001,0x0000,0x0000,0x0000,0x0000,0x0000,0x0004,0x0000,0x0000,0x0000,0x0000,0x0000,0x0000,777
11:58:10 AM,6,0.00,0,0.00,-1.67,0.00,0.00,100.00,-1.00,-1.00,-1.00,0,1,1,100,0,-1,0.18,0.00,0.18,160,160,0,0.00,0.00,0.00,0.00,0.00,0.00,-1.00,-1.00,0.00,-1.00,-1.00,0.00,-1.00,-1.00,0.00,2.42E-1,1.024E+5,0.00E+0,1.33E-2,-1.00,0.00E+0,1.33E-2,0x0004,0x0000,0x007F,0x0214,0x0000,0x0001,0x0000,0x0000,0x0000,0x0000,0x0000,0x0004,0x0000,0x0000,0x0000,0x0000,0x0000,0x0000,778
11:58:15 AM,6,0.00,0,0.00,-1.67,0.00,0.00,100.00,-1.00,-1.00,-1.00,0,1,1,100,0,-1,0.18,0.00,0.18,160,160,0,0.00,0.00,0.00,0.00,0.00,0.00,-1.00,-1.00,0.00,-1.00,-1.00,0.00,-1.00,-1.00,0.00,2.42E-1,1.024E+5,0.00E+0,1.33E-2,-1.00,0.00E+0,1.33E-2,0x0004,0x0000,0x007F,0x0214,0x0000,0x0001,0x0000,0x0000,0x0000,0x0000,0x0000,0x0004,0x0000,0x0000,0x0000,0x0000,0x0000,0x0000,779
11:58:20 AM,6,0.00,0,0.00,-1.67,0.00,0.00,100.00,-1.00,-1.00,-1.00,0,1,1,100,0,-1,0.18,0.00,0.18,160,160,0,0.00,0.00,0.00,0.00,0.00,0.00,-1.00,-1.00,0.00,-1.00,-1.00,0.00,-1.00,-1.00,0.00,2.46E-1,1.024E+5,0.00E+0,1.33E-2,-1.00,0.00E+0,1.33E-2,0x0004,0x0000,0x007F,0x0214,0x0000,0x0001,0x0000,0x0000,0x0000,0x0000,0x0000,0x0004,0x0000,0x0000,0x0000,0x0000,0x0000,0x0000,780
11:58:25 AM,6,0.00,0,0.00,-1.67,0.00,0.00,100.00,-1.00,-1.00,-1.00,0,1,1,100,0,-1,0.18,0.00,0.18,160,160,0,0.00,0.00,0.00,0.00,0.00,0.00,-1.00,-1.00,0.00,-1.00,-1.00,0.00,-1.00,-1.00,0.00,2.46E-1,1.024E+5,0.00E+0,1.33E-2,-1.00,0.00E+0,1.33E-2,0x0004,0x0000,0x007F,0x0214,0x0000,0x0001,0x0000,0x0000,0x0000,0x0000,0x0000,0x0004,0x0000,0x0000,0x0000,0x0000,0x0000,0x0000,781
11:58:30 AM,6,0.00,0,0.00,-1.67,0.00,0.00,100.00,-1.00,-1.00,-1.00,0,1,1,100,0,-1,0.18,0.00,0.18,160,160,0,0.00,0.00,0.00,0.00,0.00,0.00,-1.00,-1.00,0.00,-1.00,-1.00,0.00,-1.00,-1.00,0.00,2.46E-1,1.024E+5,0.00E+0,1.33E-2,-1.00,0.00E+0,1.33E-2,0x0004,0x0000,0x007F,0x0214,0x0000,0x0001,0x0000,0x0000,0x0000,0x0000,0x0000,0x0004,0x0000,0x0000,0x0000,0x0000,0x0000,0x0000,782
11:58:35 AM,6,0.00,0,0.00,-1.67,0.00,0.00,100.00,-1.00,-1.00,-1.00,0,1,1,100,0,-1,0.18,0.00,0.18,160,160,0,0.00,0.00,0.00,0.00,0.00,0.00,-1.00,-1.00,0.00,-1.00,-1.00,0.00,-1.00,-1.00,0.00,2.44E-1,1.024E+5,0.00E+0,1.33E-2,-1.00,0.00E+0,1.33E-2,0x0004,0x0000,0x007F,0x0214,0x0000,0x0001,0x0000,0x0000,0x0000,0x0000,0x0000,0x0004,0x0000,0x0000,0x0000,0x0000,0x0000,0x0000,783
11:58:40 AM,6,0.00,0,0.00,-1.67,0.00,0.00,100.00,-1.00,-1.00,-1.00,0,1,1,100,0,-1,0.18,0.00,0.18,160,160,0,0.00,0.00,0.00,0.00,0.00,0.00,-1.00,-1.00,0.00,-1.00,-1.00,0.00,-1.00,-1.00,0.00,2.42E-1,1.024E+5,0.00E+0,1.33E-2,-1.00,0.00E+0,1.33E-2,0x0004,0x0000,0x007F,0x0214,0x0000,0x0001,0x0000,0x0000,0x0000,0x0000,0x0000,0x0004,0x0000,0x0000,0x0000,0x0000,0x0000,0x0000,784
11:58:45 AM,6,0.00,0,0.00,-1.67,0.00,0.00,100.00,-1.00,-1.00,-1.00,0,1,1,100,0,-1,0.18,0.00,0.18,160,160,0,0.00,0.00,0.00,0.00,0.00,0.00,-1.00,-1.00,0.00,-1.00,-1.00,0.00,-1.00,-1.00,0.00,2.40E-1,1.024E+5,0.00E+0,1.33E-2,-1.00,0.00E+0,1.33E-2,0x0004,0x0000,0x007F,0x0214,0x0000,0x0001,0x0000,0x0000,0x0000,0x0000,0x0000,0x0004,0x0000,0x0000,0x0000,0x0000,0x0000,0x0000,785
11:58:50 AM,6,0.00,0,0.00,-1.67,0.00,0.00,100.00,-1.00,-1.00,-1.00,0,1,1,100,0,-1,0.18,0.00,0.18,160,160,0,0.00,0.00,0.00,0.00,0.00,0.00,-1.00,-1.00,0.00,-1.00,-1.00,0.00,-1.00,-1.00,0.00,2.42E-1,1.024E+5,0.00E+0,1.33E-2,-1.00,0.00E+0,1.33E-2,0x0004,0x0000,0x007F,0x0214,0x0000,0x0001,0x0000,0x0000,0x0000,0x0000,0x0000,0x0004,0x0000,0x0000,0x0000,0x0000,0x0000,0x0000,786
11:58:55 AM,6,0.00,0,0.00,-1.67,0.00,0.00,100.00,-1.00,-1.00,-1.00,0,1,1,100,0,-1,0.18,0.00,0.18,160,160,0,0.00,0.00,0.00,0.00,0.00,0.00,-1.00,-1.00,0.00,-1.00,-1.00,0.00,-1.00,-1.00,0.00,2.44E-1,1.024E+5,0.00E+0,1.33E-2,-1.00,0.00E+0,1.33E-2,0x0004,0x0000,0x007F,0x0214,0x0000,0x0001,0x0000,0x0000,0x0000,0x0000,0x0000,0x0004,0x0000,0x0000,0x0000,0x0000,0x0000,0x0000,787
11:59:00 AM,6,0.00,0,0.00,-1.67,0.00,0.00,100.00,-1.00,-1.00,-1.00,0,1,1,100,0,-1,0.18,0.00,0.18,160,160,0,0.00,0.00,0.00,0.00,0.00,0.00,-1.00,-1.00,0.00,-1.00,-1.00,0.00,-1.00,-1.00,0.00,2.37E-1,1.024E+5,0.00E+0,1.33E-2,-1.00,0.00E+0,1.33E-2,0x0004,0x0000,0x007F,0x0214,0x0000,0x0001,0x0000,0x0000,0x0000,0x0000,0x0000,0x0004,0x0000,0x0000,0x0000,0x0000,0x0000,0x0000,788
11:59:05 AM,6,0.00,0,0.00,-1.67,0.00,0.00,100.00,-1.00,-1.00,-1.00,0,1,1,100,0,-1,0.18,0.00,0.18,160,160,0,0.00,0.00,0.00,0.00,0.00,0.00,-1.00,-1.00,0.00,-1.00,-1.00,0.00,-1.00,-1.00,0.00,2.44E-1,1.024E+5,0.00E+0,1.33E-2,-1.00,0.00E+0,1.33E-2,0x0004,0x0000,0x007F,0x0214,0x0000,0x0001,0x0000,0x0000,0x0000,0x0000,0x0000,0x0004,0x0000,0x0000,0x0000,0x0000,0x0000,0x0000,789
11:59:10 AM,6,0.00,0,0.00,-1.67,0.00,0.00,100.00,-1.00,-1.00,-1.00,0,1,1,100,0,-1,0.18,0.00,0.18,160,160,0,0.00,0.00,0.00,0.00,0.00,0.00,-1.00,-1.00,0.00,-1.00,-1.00,0.00,-1.00,-1.00,0.00,2.46E-1,1.024E+5,0.00E+0,1.33E-2,-1.00,0.00E+0,1.33E-2,0x0004,0x0000,0x007F,0x0214,0x0000,0x0001,0x0000,0x0000,0x0000,0x0000,0x0000,0x0004,0x0000,0x0000,0x0000,0x0000,0x0000,0x0000,790
11:59:15 AM,6,0.00,0,0.00,-1.67,0.00,0.00,100.00,-1.00,-1.00,-1.00,0,1,1,100,0,-1,0.18,0.00,0.18,160,160,0,0.00,0.00,0.00,0.00,0.00,0.00,-1.00,-1.00,0.00,-1.00,-1.00,0.00,-1.00,-1.00,0.00,2.46E-1,1.024E+5,0.00E+0,1.33E-2,-1.00,0.00E+0,1.33E-2,0x0004,0x0000,0x007F,0x0214,0x0000,0x0001,0x0000,0x0000,0x0000,0x0000,0x0000,0x0004,0x0000,0x0000,0x0000,0x0000,0x0000,0x0000,791
11:59:20 AM,6,0.00,0,0.00,-1.67,0.00,0.00,100.00,-1.00,-1.00,-1.00,0,1,1,100,0,-1,0.18,0.00,0.18,160,160,0,0.00,0.00,0.00,0.00,0.00,0.00,-1.00,-1.00,0.00,-1.00,-1.00,0.00,-1.00,-1.00,0.00,2.46E-1,1.024E+5,0.00E+0,1.33E-2,-1.00,0.00E+0,1.33E-2,0x0004,0x0000,0x007F,0x0214,0x0000,0x0001,0x0000,0x0000,0x0000,0x0000,0x0000,0x0004,0x0000,0x0000,0x0000,0x0000,0x0000,0x0000,792
11:59:25 AM,6,0.00,0,0.00,-1.67,0.00,0.00,100.00,-1.00,-1.00,-1.00,0,1,1,100,0,-1,0.18,0.00,0.18,160,160,0,0.00,0.00,0.00,0.00,0.00,0.00,-1.00,-1.00,0.00,-1.00,-1.00,0.00,-1.00,-1.00,0.00,2.42E-1,1.024E+5,0.00E+0,1.33E-2,-1.00,0.00E+0,1.33E-2,0x0004,0x0000,0x007F,0x0214,0x0000,0x0001,0x0000,0x0000,0x0000,0x0000,0x0000,0x0004,0x0000,0x0000,0x0000,0x0000,0x0000,0x0000,793
11:59:30 AM,6,0.00,0,0.00,-1.67,0.00,0.00,100.00,-1.00,-1.00,-1.00,0,1,1,100,0,-1,0.18,0.00,0.18,160,160,0,0.00,0.00,0.00,0.00,0.00,0.00,-1.00,-1.00,0.00,-1.00,-1.00,0.00,-1.00,-1.00,0.00,2.42E-1,1.024E+5,0.00E+0,1.33E-2,-1.00,0.00E+0,1.33E-2,0x0004,0x0000,0x007F,0x0214,0x0000,0x0001,0x0000,0x0000,0x0000,0x0000,0x0000,0x0004,0x0000,0x0000,0x0000,0x0000,0x0000,0x0000,794
11:59:35 AM,6,0.00,0,0.00,-1.67,0.00,0.00,100.00,-1.00,-1.00,-1.00,0,1,1,100,0,-1,0.18,0.00,0.18,160,160,0,0.00,0.00,0.00,0.00,0.00,0.00,-1.00,-1.00,0.00,-1.00,-1.00,0.00,-1.00,-1.00,0.00,2.42E-1,1.024E+5,0.00E+0,1.33E-2,-1.00,0.00E+0,1.33E-2,0x0004,0x0000,0x007F,0x0214,0x0000,0x0001,0x0000,0x0000,0x0000,0x0000,0x0000,0x0004,0x0000,0x0000,0x0000,0x0000,0x0000,0x0000,795
11:59:39 AM,6,0.00,0,0.00,-1.67,0.00,0.00,100.00,-1.00,-1.00,-1.00,0,1,1,100,0,-1,0.18,0.00,0.18,160,160,0,0.00,0.00,0.00,0.00,0.00,0.00,-1.00,-1.00,0.00,-1.00,-1.00,0.00,-1.00,-1.00,0.00,2.46E-1,1.024E+5,0.00E+0,1.33E-2,-1.00,0.00E+0,1.33E-2,0x0004,0x0000,0x007F,0x0214,0x0000,0x0001,0x0000,0x0000,0x0000,0x0000,0x0000,0x0004,0x0000,0x0000,0x0000,0x0000,0x0000,0x0000,796
11:59:44 AM,6,0.00,0,0.00,-1.67,0.00,0.00,100.00,-1.00,-1.00,-1.00,0,1,1,100,0,-1,0.18,0.00,0.18,160,160,0,0.00,0.00,0.00,0.00,0.00,0.00,-1.00,-1.00,0.00,-1.00,-1.00,0.00,-1.00,-1.00,0.00,2.46E-1,1.024E+5,0.00E+0,1.33E-2,-1.00,0.00E+0,1.33E-2,0x0004,0x0000,0x007F,0x0214,0x0000,0x0001,0x0000,0x0000,0x0000,0x0000,0x0000,0x0004,0x0000,0x0000,0x0000,0x0000,0x0000,0x0000,797
11:59:49 AM,6,0.00,0,0.00,-1.67,0.00,0.00,100.00,-1.00,-1.00,-1.00,0,1,1,100,0,-1,0.18,0.00,0.18,160,160,0,0.00,0.00,0.00,0.00,0.00,0.00,-1.00,-1.00,0.00,-1.00,-1.00,0.00,-1.00,-1.00,0.00,2.42E-1,1.024E+5,0.00E+0,1.33E-2,-1.00,0.00E+0,1.33E-2,0x0004,0x0000,0x007F,0x0214,0x0000,0x0001,0x0000,0x0000,0x0000,0x0000,0x0000,0x0004,0x0000,0x0000,0x0000,0x0000,0x0000,0x0000,798
11:59:54 AM,6,0.00,0,0.00,-1.67,0.00,0.00,100.00,-1.00,-1.00,-1.00,0,1,1,100,0,-1,0.18,0.00,0.18,160,160,0,0.00,0.00,0.00,0.00,0.00,0.00,-1.00,-1.00,0.00,-1.00,-1.00,0.00,-1.00,-1.00,0.00,2.42E-1,1.024E+5,0.00E+0,1.33E-2,-1.00,0.00E+0,1.33E-2,0x0004,0x0000,0x007F,0x0214,0x0000,0x0001,0x0000,0x0000,0x0000,0x0000,0x0000,0x0004,0x0000,0x0000,0x0000,0x0000,0x0000,0x0000,799
11:59:59 AM,6,0.00,0,0.00,-1.67,0.00,0.00,100.00,-1.00,-1.00,-1.00,0,1,1,100,0,-1,0.18,0.00,0.18,160,160,0,0.00,0.00,0.00,0.00,0.00,0.00,-1.00,-1.00,0.00,-1.00,-1.00,0.00,-1.00,-1.00,0.00,2.48E-1,1.024E+5,0.00E+0,1.33E-2,-1.00,0.00E+0,1.33E-2,0x0004,0x0000,0x007F,0x0214,0x0000,0x0001,0x0000,0x0000,0x0000,0x0000,0x0000,0x0004,0x0000,0x0000,0x0000,0x0000,0x0000,0x0000,800
12:00:04 PM,6,0.00,0,0.00,-1.67,0.00,0.00,100.00,-1.00,-1.00,-1.00,0,1,1,100,0,-1,0.18,0.00,0.18,160,160,0,0.00,0.00,0.00,0.00,0.00,0.00,-1.00,-1.00,0.00,-1.00,-1.00,0.00,-1.00,-1.00,0.00,2.42E-1,1.024E+5,0.00E+0,1.33E-2,-1.00,0.00E+0,1.33E-2,0x0004,0x0000,0x007F,0x0214,0x0000,0x0001,0x0000,0x0000,0x0000,0x0000,0x0000,0x0004,0x0000,0x0000,0x0000,0x0000,0x0000,0x0000,801
12:00:09 PM,6,0.00,0,0.00,-1.67,0.00,0.00,100.00,-1.00,-1.00,-1.00,0,1,1,100,0,-1,0.18,0.00,0.18,160,160,0,0.00,0.00,0.00,0.00,0.00,0.00,-1.00,-1.00,0.00,-1.00,-1.00,0.00,-1.00,-1.00,0.00,2.46E-1,1.024E+5,0.00E+0,1.33E-2,-1.00,0.00E+0,1.33E-2,0x0004,0x0000,0x007F,0x0214,0x0000,0x0001,0x0000,0x0000,0x0000,0x0000,0x0000,0x0004,0x0000,0x0000,0x0000,0x0000,0x0000,0x0000,802
12:00:14 PM,6,0.00,0,0.00,-1.67,0.00,0.00,100.00,-1.00,-1.00,-1.00,0,1,1,100,0,-1,0.18,0.00,0.18,160,160,0,0.00,0.00,0.00,0.00,0.00,0.00,-1.00,-1.00,0.00,-1.00,-1.00,0.00,-1.00,-1.00,0.00,2.42E-1,1.024E+5,0.00E+0,1.33E-2,-1.00,0.00E+0,1.33E-2,0x0004,0x0000,0x007F,0x0214,0x0000,0x0001,0x0000,0x0000,0x0000,0x0000,0x0000,0x0004,0x0000,0x0000,0x0000,0x0000,0x0000,0x0000,803
12:00:19 PM,6,0.00,0,0.00,-1.67,0.00,0.00,100.00,-1.00,-1.00,-1.00,0,1,1,100,0,-1,0.18,0.00,0.18,160,160,0,0.00,0.00,0.00,0.00,0.00,0.00,-1.00,-1.00,0.00,-1.00,-1.00,0.00,-1.00,-1.00,0.00,2.44E-1,1.024E+5,0.00E+0,1.33E-2,-1.00,0.00E+0,1.33E-2,0x0004,0x0000,0x007F,0x0214,0x0000,0x0001,0x0000,0x0000,0x0000,0x0000,0x0000,0x0004,0x0000,0x0000,0x0000,0x0000,0x0000,0x0000,804
12:00:24 PM,6,0.00,0,0.00,-1.67,0.00,0.00,100.00,-1.00,-1.00,-1.00,0,1,1,100,0,-1,0.18,0.00,0.18,160,160,0,0.00,0.00,0.00,0.00,0.00,0.00,-1.00,-1.00,0.00,-1.00,-1.00,0.00,-1.00,-1.00,0.00,2.46E-1,1.024E+5,0.00E+0,1.33E-2,-1.00,0.00E+0,1.33E-2,0x0004,0x0000,0x007F,0x0214,0x0000,0x0001,0x0000,0x0000,0x0000,0x0000,0x0000,0x0004,0x0000,0x0000,0x0000,0x0000,0x0000,0x0000,805
12:00:29 PM,6,0.00,0,0.00,-1.67,0.00,0.00,100.00,-1.00,-1.00,-1.00,0,1,1,100,0,-1,0.18,0.00,0.18,160,160,0,0.00,0.00,0.00,0.00,0.00,0.00,-1.00,-1.00,0.00,-1.00,-1.00,0.00,-1.00,-1.00,0.00,2.51E-1,1.024E+5,0.00E+0,1.33E-2,-1.00,0.00E+0,1.33E-2,0x0004,0x0000,0x007F,0x0214,0x0000,0x0001,0x0000,0x0000,0x0000,0x0000,0x0000,0x0004,0x0000,0x0000,0x0000,0x0000,0x0000,0x0000,806
12:00:34 PM,6,0.00,0,0.00,-1.67,0.00,0.00,100.00,-1.00,-1.00,-1.00,0,1,1,100,0,-1,0.18,0.00,0.18,160,160,0,0.00,0.00,0.00,0.00,0.00,0.00,-1.00,-1.00,0.00,-1.00,-1.00,0.00,-1.00,-1.00,0.00,2.46E-1,1.024E+5,0.00E+0,1.33E-2,-1.00,0.00E+0,1.33E-2,0x0004,0x0000,0x007F,0x0214,0x0000,0x0001,0x0000,0x0000,0x0000,0x0000,0x0000,0x0004,0x0000,0x0000,0x0000,0x0000,0x0000,0x0000,807
12:00:39 PM,6,0.00,0,0.00,-1.67,0.00,0.00,100.00,-1.00,-1.00,-1.00,0,1,1,100,0,-1,0.18,0.00,0.18,160,160,0,0.00,0.00,0.00,0.00,0.00,0.00,-1.00,-1.00,0.00,-1.00,-1.00,0.00,-1.00,-1.00,0.00,2.46E-1,1.024E+5,0.00E+0,1.33E-2,-1.00,0.00E+0,1.33E-2,0x0004,0x0000,0x007F,0x0214,0x0000,0x0001,0x0000,0x0000,0x0000,0x0000,0x0000,0x0004,0x0000,0x0000,0x0000,0x0000,0x0000,0x0000,808
12:00:44 PM,6,0.00,0,0.00,-1.67,0.00,0.00,100.00,-1.00,-1.00,-1.00,0,1,1,100,0,-1,0.18,0.00,0.18,160,160,0,0.00,0.00,0.00,0.00,0.00,0.00,-1.00,-1.00,0.00,-1.00,-1.00,0.00,-1.00,-1.00,0.00,2.46E-1,1.024E+5,0.00E+0,1.33E-2,-1.00,0.00E+0,1.33E-2,0x0004,0x0000,0x007F,0x0214,0x0000,0x0001,0x0000,0x0000,0x0000,0x0000,0x0000,0x0004,0x0000,0x0000,0x0000,0x0000,0x0000,0x0000,809
12:00:49 PM,6,0.00,0,0.00,-1.67,0.00,0.00,100.00,-1.00,-1.00,-1.00,0,1,1,100,0,-1,0.18,0.00,0.18,160,160,0,0.00,0.00,0.00,0.00,0.00,0.00,-1.00,-1.00,0.00,-1.00,-1.00,0.00,-1.00,-1.00,0.00,2.42E-1,1.024E+5,0.00E+0,1.33E-2,-1.00,0.00E+0,1.33E-2,0x0004,0x0000,0x007F,0x0214,0x0000,0x0001,0x0000,0x0000,0x0000,0x0000,0x0000,0x0004,0x0000,0x0000,0x0000,0x0000,0x0000,0x0000,810
12:00:54 PM,6,0.00,0,0.00,-1.67,0.00,0.00,100.00,-1.00,-1.00,-1.00,0,1,1,100,0,-1,0.18,0.00,0.18,160,160,0,0.00,0.00,0.00,0.00,0.00,0.00,-1.00,-1.00,0.00,-1.00,-1.00,0.00,-1.00,-1.00,0.00,2.46E-1,1.024E+5,0.00E+0,1.33E-2,-1.00,0.00E+0,1.33E-2,0x0004,0x0000,0x007F,0x0214,0x0000,0x0001,0x0000,0x0000,0x0000,0x0000,0x0000,0x0004,0x0000,0x0000,0x0000,0x0000,0x0000,0x0000,811
12:00:59 PM,6,0.00,0,0.00,-1.67,0.00,0.00,100.00,-1.00,-1.00,-1.00,0,1,1,100,0,-1,0.18,0.00,0.18,160,160,0,0.00,0.00,0.00,0.00,0.00,0.00,-1.00,-1.00,0.00,-1.00,-1.00,0.00,-1.00,-1.00,0.00,2.44E-1,1.024E+5,0.00E+0,1.33E-2,-1.00,0.00E+0,1.33E-2,0x0004,0x0000,0x007F,0x0214,0x0000,0x0001,0x0000,0x0000,0x0000,0x0000,0x0000,0x0004,0x0000,0x0000,0x0000,0x0000,0x0000,0x0000,812
12:01:04 PM,6,0.00,0,0.00,-1.67,0.00,0.00,100.00,-1.00,-1.00,-1.00,0,1,1,100,0,-1,0.18,0.00,0.18,160,160,0,0.00,0.00,0.00,0.00,0.00,0.00,-1.00,-1.00,0.00,-1.00,-1.00,0.00,-1.00,-1.00,0.00,2.46E-1,1.024E+5,0.00E+0,1.33E-2,-1.00,0.00E+0,1.33E-2,0x0004,0x0000,0x007F,0x0214,0x0000,0x0001,0x0000,0x0000,0x0000,0x0000,0x0000,0x0004,0x0000,0x0000,0x0000,0x0000,0x0000,0x0000,813
11:58:05 AM,6,0.00,0,0.00,-1.67,0.00,0.00,100.00,-1.00,-1.00,-1.00,0,1,1,100,0,-1,0.18,0.00,0.18,160,160,0,0.00,0.00,0.00,0.00,0.00,0.00,-1.00,-1.00,0.00,-1.00,-1.00,0.00,-1.00,-1.00,0.00,2.44E-1,1.024E+5,0.00E+0,1.33E-2,-1.00,0.00E+0,1.33E-2,0x0004,0x0000,0x007F,0x0214,0x0000,0x0001,0x0000,0x0000,0x0000,0x0000,0x0000,0x0004,0x0000,0x0000,0x0000,0x0000,0x0000,0x0000,814
11:58:10 AM,6,0.00,0,0.00,-1.67,0.00,0.00,100.00,-1.00,-1.00,-1.00,0,1,1,100,0,-1,0.18,0.00,0.18,160,160,0,0.00,0.00,0.00,0.00,0.00,0.00,-1.00,-1.00,0.00,-1.00,-1.00,0.00,-1.00,-1.00,0.00,2.42E-1,1.024E+5,0.00E+0,1.33E-2,-1.00,0.00E+0,1.33E-2,0x0004,0x0000,0x007F,0x0214,0x0000,0x0001,0x0000,0x0000,0x0000,0x0000,0x0000,0x0004,0x0000,0x0000,0x0000,0x0000,0x0000,0x0000,815
11:58:15 AM,6,0.00,0,0.00,-1.67,0.00,0.00,100.00,-1.00,-1.00,-1.00,0,1,1,100,0,-1,0.18,0.00,0.18,160,160,0,0.00,0.00,0.00,0.00,0.00,0.00,-1.00,-1.00,0.00,-1.00,-1.00,0.00,-1.00,-1.00,0.00,2.42E-1,1.024E+5,0.00E+0,1.33E-2,-1.00,0.00E+0,1.33E-2,0x0004,0x0000,0x007F,0x0214,0x0000,0x0001,0x0000,0x0000,0x0000,0x0000,0x0000,0x0004,0x0000,0x0000,0x0000,0x0000,0x0000,0x0000,816
11:58:20 AM,6,0.00,0,0.00,-1.67,0.00,0.00,100.00,-1.00,-1.00,-1.00,0,1,1,100,0,-1,0.18,0.00,0.18,160,160,0,0.00,0.00,0.00,0.00,0.00,0.00,-1.00,-1.00,0.00,-1.00,-1.00,0.00,-1.00,-1.00,0.00,2.46E-1,1.024E+5,0.00E+0,1.33E-2,-1.00,0.00E+0,1.33E-2,0x0004,0x0000,0x007F,0x0214,0x0000,0x0001,0x0000,0x0000,0x0000,0x0000,0x0000,0x0004,0x0000,0x0000,0x0000,0x0000,0x0000,0x0000,817
11:58:25 AM,6,0.00,0,0.00,-1.67,0.00,0.00,100.00,-1.00,-1.00,-1.00,0,1,1,100,0,-1,0.18,0.00,0.18,160,160,0,0.00,0.00,0.00,0.00,0.00,0.00,-1.00,-1.00,0.00,-1.00,-1.00,0.00,-1.00,-1.00,0.00,2.46E-1,1.024E+5,0.00E+0,1.33E-2,-1.00,0.00E+0,1.33E-2,0x0004,0x0000,0x007F,0x0214,0x0000,0x0001,0x0000,0x0000,0x0000,0x0000,0x0000,0x0004,0x0000,0x0000,0x0000,0x0000,0x0000,0x0000,818
11:58:30 AM,6,0.00,0,0.00,-1.67,0.00,0.00,100.00,-1.00,-1.00,-1.00,0,1,1,100,0,-1,0.18,0.00,0.18,160,160,0,0.00,0.00,0.00,0.00,0.00,0.00,-1.00,-1.00,0.00,-1.00,-1.00,0.00,-1.00,-1.00,0.00,2.46E-1,1.024E+5,0.00E+0,1.33E-2,-1.00,0.00E+0,1.33E-2,0x0004,0x0000,0x007F,0x0214,0x0000,0x0001,0x0000,0x0000,0x0000,0x0000,0x0000,0x0004,0x0000,0x0000,0x0000,0x0000,0x0000,0x0000,819
11:58:35 AM,6,0.00,0,0.00,-1.67,0.00,0.00,100.00,-1.00,-1.00,-1.00,0,1,1,100,0,-1,0.18,0.00,0.18,160,160,0,0.00,0.00,0.00,0.00,0.00,0.00,-1.00,-1.00,0.00,-1.00,-1.00,0.00,-1.00,-1.00,0.00,2.44E-1,1.024E+5,0.00E+0,1.33E-2,-1.00,0.00E+0,1.33E-2,0x0004,0x0000,0x007F,0x0214,0x0000,0x0001,0x0000,0x0000,0x0000,0x0000,0x0000,0x0004,0x0000,0x0000,0x0000,0x0000,0x0000,0x0000,820
11:58:40 AM,6,0.00,0,0.00,-1.67,0.00,0.00,100.00,-1.00,-1.00,-1.00,0,1,1,100,0,-1,0.18,0.00,0.18,160,160,0,0.00,0.00,0.00,0.00,0.00,0.00,-1.00,-1.00,0.00,-1.00,-1.00,0.00,-1.00,-1.00,0.00,2.42E-1,1.024E+5,0.00E+0,1.33E-2,-1.00,0.00E+0,1.33E-2,0x0004,0x0000,0x007F,0x0214,0x0000,0x0001,0x0000,0x0000,0x0000,0x0000,0x0000,0x0004,0x0000,0x0000,0x0000,0x0000,0x0000,0x0000,821
11:58:45 AM,6,0.00,0,0.00,-1.67,0.00,0.00,100.00,-1.00,-1.00,-1.00,0,1,1,100,0,-1,0.18,0.00,0.18,160,160,0,0.00,0.00,0.00,0.00,0.00,0.00,-1.00,-1.00,0.00,-1.00,-1.00,0.00,-1.00,-1.00,0.00,2.40E-1,1.024E+5,0.00E+0,1.33E-2,-1.00,0.00E+0,1.33E-2,0x0004,0x0000,0x007F,0x0214,0x0000,0x0001,0x0000,0x0000,0x0000,0x0000,0x0000,0x0004,0x0000,0x0000,0x0000,0x0000,0x0000,0x0000,822
11:58:50 AM,6,0.00,0,0.00,-1.67,0.00,0.00,100.00,-1.00,-1.00,-1.00,0,1,1,100,0,-1,0.18,0.00,0.18,160,160,0,0.00,0.00,0.00,0.00,0.00,0.00,-1.00,-1.00,0.00,-1.00,-1.00,0.00,-1.00,-1.00,0.00,2.42E-1,1.024E+5,0.00E+0,1.33E-2,-1.00,0.00E+0,1.33E-2,0x0004,0x0000,0x007F,0x0214,0x0000,0x0001,0x0000,0x0000,0x0000,0x0000,0x0000,0x0004,0x0000,0x0000,0x0000,0x0000,0x0000,0x0000,823
11:58:55 AM,6,0.00,0,0.00,-1.67,0.00,0.00,100.00,-1.00,-1.00,-1.00,0,1,1,100,0,-1,0.18,0.00,0.18,160,160,0,0.00,0.00,0.00,0.00,0.00,0.00,-1.00,-1.00,0.00,-1.00,-1.00,0.00,-1.00,-1.00,0.00,2.44E-1,1.024E+5,0.00E+0,1.33E-2,-1.00,0.00E+0,1.33E-2,0x0004,0x0000,0x007F,0x0214,0x0000,0x0001,0x0000,0x0000,0x0000,0x0000,0x0000,0x0004,0x0000,0x0000,0x0000,0x0000,0x0000,0x0000,824
11:59:00 AM,6,0.00,0,0.00,-1.67,0.00,0.00,100.00,-1.00,-1.00,-1.00,0,1,1,100,0,-1,0.18,0.00,0.18,160,160,0,0.00,0.00,0.00,0.00,0.00,0.00,-1.00,-1.00,0.00,-1.00,-1.00,0.00,-1.00,-1.00,0.00,2.37E-1,1.024E+5,0.00E+0,1.33E-2,-1.00,0.00E+0,1.33E-2,0x0004,0x0000,0x007F,0x0214,0x0000,0x0001,0x0000,0x0000,0x0000,0x0000,0x0000,0x0004,0x0000,0x0000,0x0000,0x0000,0x0000,0x0000,825
11:59:05 AM,6,0.00,0,0.00,-1.67,0.00,0.00,100.00,-1.00,-1.00,-1.00,0,1,1,100,0,-1,0.18,0.00,0.18,160,160,0,0.00,0.00,0.00,0.00,0.00,0.00,-1.00,-1.00,0.00,-1.00,-1.00,0.00,-1.00,-1.00,0.00,2.44E-1,1.024E+5,0.00E+0,1.33E-2,-1.00,0.00E+0,1.33E-2,0x0004,0x0000,0x007F,0x0214,0x0000,0x0001,0x0000,0x0000,0x0000,0x0000,0x0000,0x0004,0x0000,0x0000,0x0000,0x0000,0x0000,0x0000,826
11:59:10 AM,6,0.00,0,0.00,-1.67,0.00,0.00,100.00,-1.00,-1.00,-1.00,0,1,1,100,0,-1,0.18,0.00,0.18,160,160,0,0.00,0.00,0.00,0.00,0.00,0.00,-1.00,-1.00,0.00,-1.00,-1.00,0.00,-1.00,-1.00,0.00,2.46E-1,1.024E+5,0.00E+0,1.33E-2,-1.00,0.00E+0,1.33E-2,0x0004,0x0000,0x007F,0x0214,0x0000,0x0001,0x0000,0x0000,0x0000,0x0000,0x0000,0x0004,0x0000,0x0000,0x0000,0x0000,0x0000,0x0000,827
11:59:15 AM,6,0.00,0,0.00,-1.67,0.00,0.00,100.00,-1.00,-1.00,-1.00,0,1,1,100,0,-1,0.18,0.00,0.18,160,160,0,0.00,0.00,0.00,0.00,0.00,0.00,-1.00,-1.00,0.00,-1.00,-1.00,0.00,-1.00,-1.00,0.00,2.46E-1,1.024E+5,0.00E+0,1.33E-2,-1.00,0.00E+0,1.33E-2,0x0004,0x0000,0x007F,0x0214,0x0000,0x0001,0x0000,0x0000,0x0000,0x0000,0x0000,0x0004,0x0000,0x0000,0x0000,0x0000,0x0000,0x0000,828
11:59:20 AM,6,0.00,0,0.00,-1.67,0.00,0.00,100.00,-1.00,-1.00,-1.00,0,1,1,100,0,-1,0.18,0.00,0.18,160,160,0,0.00,0.00,0.00,0.00,0.00,0.00,-1.00,-1.00,0.00,-1.00,-1.00,0.00,-1.00,-1.00,0.00,2.46E-1,1.024E+5,0.00E+0,1.33E-2,-1.00,0.00E+0,1.33E-2,0x0004,0x0000,0x007F,0x0214,0x0000,0x0001,0x0000,0x0000,0x0000,0x0000,0x0000,0x0004,0x0000,0x0000,0x0000,0x0000,0x0000,0x0000,829
11:59:25 AM,6,0.00,0,0.00,-1.67,0.00,0.00,100.00,-1.00,-1.00,-1.00,0,1,1,100,0,-1,0.18,0.00,0.18,160,160,0,0.00,0.00,0.00,0.00,0.00,0.00,-1.00,-1.00,0.00,-1.00,-1.00,0.00,-1.00,-1.00,0.00,2.42E-1,1.024E+5,0.00E+0,1.33E-2,-1.00,0.00E+0,1.33E-2,0x0004,0x0000,0x007F,0x0214,0x0000,0x0001,0x0000,0x0000,0x0000,0x0000,0x0000,0x0004,0x0000,0x0000,0x0000,0x0000,0x0000,0x0000,830
11:59:30 AM,6,0.00,0,0.00,-1.67,0.00,0.00,100.00,-1.00,-1.00,-1.00,0,1,1,100,0,-1,0.18,0.00,0.18,160,160,0,0.00,0.00,0.00,0.00,0.00,0.00,-1.00,-1.00,0.00,-1.00,-1.00,0.00,-1.00,-1.00,0.00,2.42E-1,1.024E+5,0.00E+0,1.33E-2,-1.00,0.00E+0,1.33E-2,0x0004,0x0000,0x007F,0x0214,0x0000,0x0001,0x0000,0x0000,0x0000,0x0000,0x0000,0x0004,0x0000,0x0000,0x0000,0x0000,0x0000,0x0000,831
11:59:35 AM,6,0.00,0,0.00,-1.67,0.00,0.00,100.00,-1.00,-1.00,-1.00,0,1,1,100,0,-1,0.18,0.00,0.18,160,160,0,0.00,0.00,0.00,0.00,0.00,0.00,-1.00,-1.00,0.00,-1.00,-1.00,0.00,-1.00,-1.00,0.00,2.42E-1,1.024E+5,0.00E+0,1.33E-2,-1.00,0.00E+0,1.33E-2,0x0004,0x0000,0x007F,0x0214,0x0000,0x0001,0x0000,0x0000,0x0000,0x0000,0x0000,0x0004,0x0000,0x0000,0x0000,0x0000,0x0000,0x0000,832
11:59:39 AM,6,0.00,0,0.00,-1.67,0.00,0.00,100.00,-1.00,-1.00,-1.00,0,1,1,100,0,-1,0.18,0.00,0.18,160,160,0,0.00,0.00,0.00,0.00,0.00,0.00,-1.00,-1.00,0.00,-1.00,-1.00,0.00,-1.00,-1.00,0.00,2.46E-1,1.024E+5,0.00E+0,1.33E-2,-1.00,0.00E+0,1.33E-2,0x0004,0x0000,0x007F,0x0214,0x0000,0x0001,0x0000,0x0000,0x0000,0x0000,0x0000,0x0004,0x0000,0x0000,0x0000,0x0000,0x0000,0x0000,833
11:59:44 AM,6,0.00,0,0.00,-1.67,0.00,0.00,100.00,-1.00,-1.00,-1.00,0,1,1,100,0,-1,0.18,0.00,0.18,160,160,0,0.00,0.00,0.00,0.00,0.00,0.00,-1.00,-1.00,0.00,-1.00,-1.00,0.00,-1.00,-1.00,0.00,2.46E-1,1.024E+5,0.00E+0,1.33E-2,-1.00,0.00E+0,1.33E-2,0x0004,0x0000,0x007F,0x0214,0x0000,0x0001,0x0000,0x0000,0x0000,0x0000,0x0000,0x0004,0x0000,0x0000,0x0000,0x0000,0x0000,0x0000,834
11:59:49 AM,6,0.00,0,0.00,-1.67,0.00,0.00,100.00,-1.00,-1.00,-1.00,0,1,1,100,0,-1,0.18,0.00,0.18,160,160,0,0.00,0.00,0.00,0.00,0.00,0.00,-1.00,-1.00,0.00,-1.00,-1.00,0.00,-1.00,-1.00,0.00,2.42E-1,1.024E+5,0.00E+0,1.33E-2,-1.00,0.00E+0,1.33E-2,0x0004,0x0000,0x007F,0x0214,0x0000,0x0001,0x0000,0x0000,0x0000,0x0000,0x0000,0x0004,0x0000,0x0000,0x0000,0x0000,0x0000,0x0000,835
11:59:54 AM,6,0.00,0,0.00,-1.67,0.00,0.00,100.00,-1.00,-1.00,-1.00,0,1,1,100,0,-1,0.18,0.00,0.18,160,160,0,0.00,0.00,0.00,0.00,0.00,0.00,-1.00,-1.00,0.00,-1.00,-1.00,0.00,-1.00,-1.00,0.00,2.42E-1,1.024E+5,0.00E+0,1.33E-2,-1.00,0.00E+0,1.33E-2,0x0004,0x0000,0x007F,0x0214,0x0000,0x0001,0x0000,0x0000,0x0000,0x0000,0x0000,0x0004,0x0000,0x0000,0x0000,0x0000,0x0000,0x0000,836
11:59:59 AM,6,0.00,0,0.00,-1.67,0.00,0.00,100.00,-1.00,-1.00,-1.00,0,1,1,100,0,-1,0.18,0.00,0.18,160,160,0,0.00,0.00,0.00,0.00,0.00,0.00,-1.00,-1.00,0.00,-1.00,-1.00,0.00,-1.00,-1.00,0.00,2.48E-1,1.024E+5,0.00E+0,1.33E-2,-1.00,0.00E+0,1.33E-2,0x0004,0x0000,0x007F,0x0214,0x0000,0x0001,0x0000,0x0000,0x0000,0x0000,0x0000,0x0004,0x0000,0x0000,0x0000,0x0000,0x0000,0x0000,837
12:00:04 PM,6,0.00,0,0.00,-1.67,0.00,0.00,100.00,-1.00,-1.00,-1.00,0,1,1,100,0,-1,0.18,0.00,0.18,160,160,0,0.00,0.00,0.00,0.00,0.00,0.00,-1.00,-1.00,0.00,-1.00,-1.00,0.00,-1.00,-1.00,0.00,2.42E-1,1.024E+5,0.00E+0,1.33E-2,-1.00,0.00E+0,1.33E-2,0x0004,0x0000,0x007F,0x0214,0x0000,0x0001,0x0000,0x0000,0x0000,0x0000,0x0000,0x0004,0x0000,0x0000,0x0000,0x0000,0x0000,0x0000,838
12:00:09 PM,6,0.00,0,0.00,-1.67,0.00,0.00,100.00,-1.00,-1.00,-1.00,0,1,1,100,0,-1,0.18,0.00,0.18,160,160,0,0.00,0.00,0.00,0.00,0.00,0.00,-1.00,-1.00,0.00,-1.00,-1.00,0.00,-1.00,-1.00,0.00,2.46E-1,1.024E+5,0.00E+0,1.33E-2,-1.00,0.00E+0,1.33E-2,0x0004,0x0000,0x007F,0x0214,0x0000,0x0001,0x0000,0x0000,0x0000,0x0000,0x0000,0x0004,0x0000,0x0000,0x0000,0x0000,0x0000,0x0000,839
12:00:14 PM,6,0.00,0,0.00,-1.67,0.00,0.00,100.00,-1.00,-1.00,-1.00,0,1,1,100,0,-1,0.18,0.00,0.18,160,160,0,0.00,0.00,0.00,0.00,0.00,0.00,-1.00,-1.00,0.00,-1.00,-1.00,0.00,-1.00,-1.00,0.00,2.42E-1,1.024E+5,0.00E+0,1.33E-2,-1.00,0.00E+0,1.33E-2,0x0004,0x0000,0x007F,0x0214,0x0000,0x0001,0x0000,0x0000,0x0000,0x0000,0x0000,0x0004,0x0000,0x0000,0x0000,0x0000,0x0000,0x0000,840
12:00:19 PM,6,0.00,0,0.00,-1.67,0.00,0.00,100.00,-1.00,-1.00,-1.00,0,1,1,100,0,-1,0.18,0.00,0.18,160,160,0,0.00,0.00,0.00,0.00,0.00,0.00,-1.00,-1.00,0.00,-1.00,-1.00,0.00,-1.00,-1.00,0.00,2.44E-1,1.024E+5,0.00E+0,1.33E-2,-1.00,0.00E+0,1.33E-2,0x0004,0x0000,0x007F,0x0214,0x0000,0x0001,0x0000,0x0000,0x0000,0x0000,0x0000,0x0004,0x0000,0x0000,0x0000,0x0000,0x0000,0x0000,841
12:00:24 PM,6,0.00,0,0.00,-1.67,0.00,0.00,100.00,-1.00,-1.00,-1.00,0,1,1,100,0,-1,0.18,0.00,0.18,160,160,0,0.00,0.00,0.00,0.00,0.00,0.00,-1.00,-1.00,0.00,-1.00,-1.00,0.00,-1.00,-1.00,0.00,2.46E-1,1.024E+5,0.00E+0,1.33E-2,-1.00,0.00E+0,1.33E-2,0x0004,0x0000,0x007F,0x0214,0x0000,0x0001,0x0000,0x0000,0x0000,0x0000,0x0000,0x0004,0x0000,0x0000,0x0000,0x0000,0x0000,0x0000,842
12:00:29 PM,6,0.00,0,0.00,-1.67,0.00,0.00,100.00,-1.00,-1.00,-1.00,0,1,1,100,0,-1,0.18,0.00,0.18,160,160,0,0.00,0.00,0.00,0.00,0.00,0.00,-1.00,-1.00,0.00,-1.00,-1.00,0.00,-1.00,-1.00,0.00,2.51E-1,1.024E+5,0.00E+0,1.33E-2,-1.00,0.00E+0,1.33E-2,0x0004,0x0000,0x007F,0x0214,0x0000,0x0001,0x0000,0x0000,0x0000,0x0000,0x0000,0x0004,0x0000,0x0000,0x0000,0x0000,0x0000,0x0000,843
12:00:34 PM,6,0.00,0,0.00,-1.67,0.00,0.00,100.00,-1.00,-1.00,-1.00,0,1,1,100,0,-1,0.18,0.00,0.18,160,160,0,0.00,0.00,0.00,0.00,0.00,0.00,-1.00,-1.00,0.00,-1.00,-1.00,0.00,-1.00,-1.00,0.00,2.46E-1,1.024E+5,0.00E+0,1.33E-2,-1.00,0.00E+0,1.33E-2,0x0004,0x0000,0x007F,0x0214,0x0000,0x0001,0x0000,0x0000,0x0000,0x0000,0x0000,0x0004,0x0000,0x0000,0x0000,0x0000,0x0000,0x0000,844
12:00:39 PM,6,0.00,0,0.00,-1.67,0.00,0.00,100.00,-1.00,-1.00,-1.00,0,1,1,100,0,-1,0.18,0.00,0.18,160,160,0,0.00,0.00,0.00,0.00,0.00,0.00,-1.00,-1.00,0.00,-1.00,-1.00,0.00,-1.00,-1.00,0.00,2.46E-1,1.024E+5,0.00E+0,1.33E-2,-1.00,0.00E+0,1.33E-2,0x0004,0x0000,0x007F,0x0214,0x0000,0x0001,0x0000,0x0000,0x0000,0x0000,0x0000,0x0004,0x0000,0x0000,0x0000,0x0000,0x0000,0x0000,845
12:00:44 PM,6,0.00,0,0.00,-1.67,0.00,0.00,100.00,-1.00,-1.00,-1.00,0,1,1,100,0,-1,0.18,0.00,0.18,160,160,0,0.00,0.00,0.00,0.00,0.00,0.00,-1.00,-1.00,0.00,-1.00,-1.00,0.00,-1.00,-1.00,0.00,2.46E-1,1.024E+5,0.00E+0,1.33E-2,-1.00,0.00E+0,1.33E-2,0x0004,0x0000,0x007F,0x0214,0x0000,0x0001,0x0000,0x0000,0x0000,0x0000,0x0000,0x0004,0x0000,0x0000,0x0000,0x0000,0x0000,0x0000,846
12:00:49 PM,6,0.00,0,0.00,-1.67,0.00,0.00,100.00,-1.00,-1.00,-1.00,0,1,1,100,0,-1,0.18,0.00,0.18,160,160,0,0.00,0.00,0.00,0.00,0.00,0.00,-1.00,-1.00,0.00,-1.00,-1.00,0.00,-1.00,-1.00,0.00,2.42E-1,1.024E+5,0.00E+0,1.33E-2,-1.00,0.00E+0,1.33E-2,0x0004,0x0000,0x007F,0x0214,0x0000,0x0001,0x0000,0x0000,0x0000,0x0000,0x0000,0x0004,0x0000,0x0000,0x0000,0x0000,0x0000,0x0000,847
12:00:54 PM,6,0.00,0,0.00,-1.67,0.00,0.00,100.00,-1.00,-1.00,-1.00,0,1,1,100,0,-1,0.18,0.00,0.18,160,160,0,0.00,0.00,0.00,0.00,0.00,0.00,-1.00,-1.00,0.00,-1.00,-1.00,0.00,-1.00,-1.00,0.00,2.46E-1,1.024E+5,0.00E+0,1.33E-2,-1.00,0.00E+0,1.33E-2,0x0004,0x0000,0x007F,0x0214,0x0000,0x0001,0x0000,0x0000,0x0000,0x0000,0x0000,0x0004,0x0000,0x0000,0x0000,0x0000,0x0000,0x0000,848
12:00:59 PM,6,0.00,0,0.00,-1.67,0.00,0.00,100.00,-1.00,-1.00,-1.00,0,1,1,100,0,-1,0.18,0.00,0.18,160,160,0,0.00,0.00,0.00,0.00,0.00,0.00,-1.00,-1.00,0.00,-1.00,-1.00,0.00,-1.00,-1.00,0.00,2.44E-1,1.024E+5,0.00E+0,1.33E-2,-1.00,0.00E+0,1.33E-2,0x0004,0x0000,0x007F,0x0214,0x0000,0x0001,0x0000,0x0000,0x0000,0x0000,0x0000,0x0004,0x0000,0x0000,0x0000,0x0000,0x0000,0x0000,849
12:01:04 PM,6,0.00,0,0.00,-1.67,0.00,0.00,100.00,-1.00,-1.00,-1.00,0,1,1,100,0,-1,0.18,0.00,0.18,160,160,0,0.00,0.00,0.00,0.00,0.00,0.00,-1.00,-1.00,0.00,-1.00,-1.00,0.00,-1.00,-1.00,0.00,2.46E-1,1.024E+5,0.00E+0,1.33E-2,-1.00,0.00E+0,1.33E-2,0x0004,0x0000,0x007F,0x0214,0x0000,0x0001,0x0000,0x0000,0x0000,0x0000,0x0000,0x0004,0x0000,0x0000,0x0000,0x0000,0x0000,0x0000,850
11:58:05 AM,6,0.00,0,0.00,-1.67,0.00,0.00,100.00,-1.00,-1.00,-1.00,0,1,1,100,0,-1,0.18,0.00,0.18,160,160,0,0.00,0.00,0.00,0.00,0.00,0.00,-1.00,-1.00,0.00,-1.00,-1.00,0.00,-1.00,-1.00,0.00,2.44E-1,1.024E+5,0.00E+0,1.33E-2,-1.00,0.00E+0,1.33E-2,0x0004,0x0000,0x007F,0x0214,0x0000,0x0001,0x0000,0x0000,0x0000,0x0000,0x0000,0x0004,0x0000,0x0000,0x0000,0x0000,0x0000,0x0000,851
11:58:10 AM,6,0.00,0,0.00,-1.67,0.00,0.00,100.00,-1.00,-1.00,-1.00,0,1,1,100,0,-1,0.18,0.00,0.18,160,160,0,0.00,0.00,0.00,0.00,0.00,0.00,-1.00,-1.00,0.00,-1.00,-1.00,0.00,-1.00,-1.00,0.00,2.42E-1,1.024E+5,0.00E+0,1.33E-2,-1.00,0.00E+0,1.33E-2,0x0004,0x0000,0x007F,0x0214,0x0000,0x0001,0x0000,0x0000,0x0000,0x0000,0x0000,0x0004,0x0000,0x0000,0x0000,0x0000,0x0000,0x0000,852
11:58:15 AM,6,0.00,0,0.00,-1.67,0.00,0.00,100.00,-1.00,-1.00,-1.00,0,1,1,100,0,-1,0.18,0.00,0.18,160,160,0,0.00,0.00,0.00,0.00,0.00,0.00,-1.00,-1.00,0.00,-1.00,-1.00,0.00,-1.00,-1.00,0.00,2.42E-1,1.024E+5,0.00E+0,1.33E-2,-1.00,0.00E+0,1.33E-2,0x0004,0x0000,0x007F,0x0214,0x0000,0x0001,0x0000,0x0000,0x0000,0x0000,0x0000,0x0004,0x0000,0x0000,0x0000,0x0000,0x0000,0x0000,853
11:58:20 AM,6,0.00,0,0.00,-1.67,0.00,0.00,100.00,-1.00,-1.00,-1.00,0,1,1,100,0,-1,0.18,0.00,0.18,160,160,0,0.00,0.00,0.00,0.00,0.00,0.00,-1.00,-1.00,0.00,-1.00,-1.00,0.00,-1.00,-1.00,0.00,2.46E-1,1.024E+5,0.00E+0,1.33E-2,-1.00,0.00E+0,1.33E-2,0x0004,0x0000,0x007F,0x0214,0x0000,0x0001,0x0000,0x0000,0x0000,0x0000,0x0000,0x0004,0x0000,0x0000,0x0000,0x0000,0x0000,0x0000,854
11:58:25 AM,6,0.00,0,0.00,-1.67,0.00,0.00,100.00,-1.00,-1.00,-1.00,0,1,1,100,0,-1,0.18,0.00,0.18,160,160,0,0.00,0.00,0.00,0.00,0.00,0.00,-1.00,-1.00,0.00,-1.00,-1.00,0.00,-1.00,-1.00,0.00,2.46E-1,1.024E+5,0.00E+0,1.33E-2,-1.00,0.00E+0,1.33E-2,0x0004,0x0000,0x007F,0x0214,0x0000,0x0001,0x0000,0x0000,0x0000,0x0000,0x0000,0x0004,0x0000,0x0000,0x0000,0x0000,0x0000,0x0000,855
11:58:30 AM,6,0.00,0,0.00,-1.67,0.00,0.00,100.00,-1.00,-1.00,-1.00,0,1,1,100,0,-1,0.18,0.00,0.18,160,160,0,0.00,0.00,0.00,0.00,0.00,0.00,-1.00,-1.00,0.00,-1.00,-1.00,0.00,-1.00,-1.00,0.00,2.46E-1,1.024E+5,0.00E+0,1.33E-2,-1.00,0.00E+0,1.33E-2,0x0004,0x0000,0x007F,0x0214,0x0000,0x0001,0x0000,0x0000,0x0000,0x0000,0x0000,0x0004,0x0000,0x0000,0x0000,0x0000,0x0000,0x0000,856
11:58:35 AM,6,0.00,0,0.00,-1.67,0.00,0.00,100.00,-1.00,-1.00,-1.00,0,1,1,100,0,-1,0.18,0.00,0.18,160,160,0,0.00,0.00,0.00,0.00,0.00,0.00,-1.00,-1.00,0.00,-1.00,-1.00,0.00,-1.00,-1.00,0.00,2.44E-1,1.024E+5,0.00E+0,1.33E-2,-1.00,0.00E+0,1.33E-2,0x0004,0x0000,0x007F,0x0214,0x0000,0x0001,0x0000,0x0000,0x0000,0x0000,0x0000,0x0004,0x0000,0x0000,0x0000,0x0000,0x0000,0x0000,857
11:58:40 AM,6,0.00,0,0.00,-1.67,0.00,0.00,100.00,-1.00,-1.00,-1.00,0,1,1,100,0,-1,0.18,0.00,0.18,160,160,0,0.00,0.00,0.00,0.00,0.00,0.00,-1.00,-1.00,0.00,-1.00,-1.00,0.00,-1.00,-1.00,0.00,2.42E-1,1.024E+5,0.00E+0,1.33E-2,-1.00,0.00E+0,1.33E-2,0x0004,0x0000,0x007F,0x0214,0x0000,0x0001,0x0000,0x0000,0x0000,0x0000,0x0000,0x0004,0x0000,0x0000,0x0000,0x0000,0x0000,0x0000,858
11:58:45 AM,6,0.00,0,0.00,-1.67,0.00,0.00,100.00,-1.00,-1.00,-1.00,0,1,1,100,0,-1,0.18,0.00,0.18,160,160,0,0.00,0.00,0.00,0.00,0.00,0.00,-1.00,-1.00,0.00,-1.00,-1.00,0.00,-1.00,-1.00,0.00,2.40E-1,1.024E+5,0.00E+0,1.33E-2,-1.00,0.00E+0,1.33E-2,0x0004,0x0000,0x007F,0x0214,0x0000,0x0001,0x0000,0x0000,0x0000,0x0000,0x0000,0x0004,0x0000,0x0000,0x0000,0x0000,0x0000,0x0000,859
11:58:50 AM,6,0.00,0,0.00,-1.67,0.00,0.00,100.00,-1.00,-1.00,-1.00,0,1,1,100,0,-1,0.18,0.00,0.18,160,160,0,0.00,0.00,0.00,0.00,0.00,0.00,-1.00,-1.00,0.00,-1.00,-1.00,0.00,-1.00,-1.00,0.00,2.42E-1,1.024E+5,0.00E+0,1.33E-2,-1.00,0.00E+0,1.33E-2,0x0004,0x0000,0x007F,0x0214,0x0000,0x0001,0x0000,0x0000,0x0000,0x0000,0x0000,0x0004,0x0000,0x0000,0x0000,0x0000,0x0000,0x0000,860
11:58:55 AM,6,0.00,0,0.00,-1.67,0.00,0.00,100.00,-1.00,-1.00,-1.00,0,1,1,100,0,-1,0.18,0.00,0.18,160,160,0,0.00,0.00,0.00,0.00,0.00,0.00,-1.00,-1.00,0.00,-1.00,-1.00,0.00,-1.00,-1.00,0.00,2.44E-1,1.024E+5,0.00E+0,1.33E-2,-1.00,0.00E+0,1.33E-2,0x0004,0x0000,0x007F,0x0214,0x0000,0x0001,0x0000,0x0000,0x0000,0x0000,0x0000,0x0004,0x0000,0x0000,0x0000,0x0000,0x0000,0x0000,861
11:59:00 AM,6,0.00,0,0.00,-1.67,0.00,0.00,100.00,-1.00,-1.00,-1.00,0,1,1,100,0,-1,0.18,0.00,0.18,160,160,0,0.00,0.00,0.00,0.00,0.00,0.00,-1.00,-1.00,0.00,-1.00,-1.00,0.00,-1.00,-1.00,0.00,2.37E-1,1.024E+5,0.00E+0,1.33E-2,-1.00,0.00E+0,1.33E-2,0x0004,0x0000,0x007F,0x0214,0x0000,0x0001,0x0000,0x0000,0x0000,0x0000,0x0000,0x0004,0x0000,0x0000,0x0000,0x0000,0x0000,0x0000,862
11:59:05 AM,6,0.00,0,0.00,-1.67,0.00,0.00,100.00,-1.00,-1.00,-1.00,0,1,1,100,0,-1,0.18,0.00,0.18,160,160,0,0.00,0.00,0.00,0.00,0.00,0.00,-1.00,-1.00,0.00,-1.00,-1.00,0.00,-1.00,-1.00,0.00,2.44E-1,1.024E+5,0.00E+0,1.33E-2,-1.00,0.00E+0,1.33E-2,0x0004,0x0000,0x007F,0x0214,0x0000,0x0001,0x0000,0x0000,0x0000,0x0000,0x0000,0x0004,0x0000,0x0000,0x0000,0x0000,0x0000,0x0000,863
11:59:10 AM,6,0.00,0,0.00,-1.67,0.00,0.00,100.00,-1.00,-1.00,-1.00,0,1,1,100,0,-1,0.18,0.00,0.18,160,160,0,0.00,0.00,0.00,0.00,0.00,0.00,-1.00,-1.00,0.00,-1.00,-1.00,0.00,-1.00,-1.00,0.00,2.46E-1,1.024E+5,0.00E+0,1.33E-2,-1.00,0.00E+0,1.33E-2,0x0004,0x0000,0x007F,0x0214,0x0000,0x0001,0x0000,0x0000,0x0000,0x0000,0x0000,0x0004,0x0000,0x0000,0x0000,0x0000,0x0000,0x0000,864
11:59:15 AM,6,0.00,0,0.00,-1.67,0.00,0.00,100.00,-1.00,-1.00,-1.00,0,1,1,100,0,-1,0.18,0.00,0.18,160,160,0,0.00,0.00,0.00,0.00,0.00,0.00,-1.00,-1.00,0.00,-1.00,-1.00,0.00,-1.00,-1.00,0.00,2.46E-1,1.024E+5,0.00E+0,1.33E-2,-1.00,0.00E+0,1.33E-2,0x0004,0x0000,0x007F,0x0214,0x0000,0x0001,0x0000,0x0000,0x0000,0x0000,0x0000,0x0004,0x0000,0x0000,0x0000,0x0000,0x0000,0x0000,865
11:59:20 AM,6,0.00,0,0.00,-1.67,0.00,0.00,100.00,-1.00,-1.00,-1.00,0,1,1,100,0,-1,0.18,0.00,0.18,160,160,0,0.00,0.00,0.00,0.00,0.00,0.00,-1.00,-1.00,0.00,-1.00,-1.00,0.00,-1.00,-1.00,0.00,2.46E-1,1.024E+5,0.00E+0,1.33E-2,-1.00,0.00E+0,1.33E-2,0x0004,0x0000,0x007F,0x0214,0x0000,0x0001,0x0000,0x0000,0x0000,0x0000,0x0000,0x0004,0x0000,0x0000,0x0000,0x0000,0x0000,0x0000,866
11:59:25 AM,6,0.00,0,0.00,-1.67,0.00,0.00,100.00,-1.00,-1.00,-1.00,0,1,1,100,0,-1,0.18,0.00,0.18,160,160,0,0.00,0.00,0.00,0.00,0.00,0.00,-1.00,-1.00,0.00,-1.00,-1.00,0.00,-1.00,-1.00,0.00,2.42E-1,1.024E+5,0.00E+0,1.33E-2,-1.00,0.00E+0,1.33E-2,0x0004,0x0000,0x007F,0x0214,0x0000,0x0001,0x0000,0x0000,0x0000,0x0000,0x0000,0x0004,0x0000,0x0000,0x0000,0x0000,0x0000,0x0000,867
11:59:30 AM,6,0.00,0,0.00,-1.67,0.00,0.00,100.00,-1.00,-1.00,-1.00,0,1,1,100,0,-1,0.18,0.00,0.18,160,160,0,0.00,0.00,0.00,0.00,0.00,0.00,-1.00,-1.00,0.00,-1.00,-1.00,0.00,-1.00,-1.00,0.00,2.42E-1,1.024E+5,0.00E+0,1.33E-2,-1.00,0.00E+0,1.33E-2,0x0004,0x0000,0x007F,0x0214,0x0000,0x0001,0x0000,0x0000,0x0000,0x0000,0x0000,0x0004,0x0000,0x0000,0x0000,0x0000,0x0000,0x0000,868
11:59:35 AM,6,0.00,0,0.00,-1.67,0.00,0.00,100.00,-1.00,-1.00,-1.00,0,1,1,100,0,-1,0.18,0.00,0.18,160,160,0,0.00,0.00,0.00,0.00,0.00,0.00,-1.00,-1.00,0.00,-1.00,-1.00,0.00,-1.00,-1.00,0.00,2.42E-1,1.024E+5,0.00E+0,1.33E-2,-1.00,0.00E+0,1.33E-2,0x0004,0x0000,0x007F,0x0214,0x0000,0x0001,0x0000,0x0000,0x0000,0x0000,0x0000,0x0004,0x0000,0x0000,0x0000,0x0000,0x0000,0x0000,869
11:59:39 AM,6,0.00,0,0.00,-1.67,0.00,0.00,100.00,-1.00,-1.00,-1.00,0,1,1,100,0,-1,0.18,0.00,0.18,160,160,0,0.00,0.00,0.00,0.00,0.00,0.00,-1.00,-1.00,0.00,-1.00,-1.00,0.00,-1.00,-1.00,0.00,2.46E-1,1.024E+5,0.00E+0,1.33E-2,-1.00,0.00E+0,1.33E-2,0x0004,0x0000,0x007F,0x0214,0x0000,0x0001,0x0000,0x0000,0x0000,0x0000,0x0000,0x0004,0x0000,0x0000,0x0000,0x0000,0x0000,0x0000,870
11:59:44 AM,6,0.00,0,0.00,-1.67,0.00,0.00,100.00,-1.00,-1.00,-1.00,0,1,1,100,0,-1,0.18,0.00,0.18,160,160,0,0.00,0.00,0.00,0.00,0.00,0.00,-1.00,-1.00,0.00,-1.00,-1.00,0.00,-1.00,-1.00,0.00,2.46E-1,1.024E+5,0.00E+0,1.33E-2,-1.00,0.00E+0,1.33E-2,0x0004,0x0000,0x007F,0x0214,0x0000,0x0001,0x0000,0x0000,0x0000,0x0000,0x0000,0x0004,0x0000,0x0000,0x0000,0x0000,0x0000,0x0000,871
11:59:49 AM,6,0.00,0,0.00,-1.67,0.00,0.00,100.00,-1.00,-1.00,-1.00,0,1,1,100,0,-1,0.18,0.00,0.18,160,160,0,0.00,0.00,0.00,0.00,0.00,0.00,-1.00,-1.00,0.00,-1.00,-1.00,0.00,-1.00,-1.00,0.00,2.42E-1,1.024E+5,0.00E+0,1.33E-2,-1.00,0.00E+0,1.33E-2,0x0004,0x0000,0x007F,0x0214,0x0000,0x0001,0x0000,0x0000,0x0000,0x0000,0x0000,0x0004,0x0000,0x0000,0x0000,0x0000,0x0000,0x0000,872
11:59:54 AM,6,0.00,0,0.00,-1.67,0.00,0.00,100.00,-1.00,-1.00,-1.00,0,1,1,100,0,-1,0.18,0.00,0.18,160,160,0,0.00,0.00,0.00,0.00,0.00,0.00,-1.00,-1.00,0.00,-1.00,-1.00,0.00,-1.00,-1.00,0.00,2.42E-1,1.024E+5,0.00E+0,1.33E-2,-1.00,0.00E+0,1.33E-2,0x0004,0x0000,0x007F,0x0214,0x0000,0x0001,0x0000,0x0000,0x0000,0x0000,0x0000,0x0004,0x0000,0x0000,0x0000,0x0000,0x0000,0x0000,873
11:59:59 AM,6,0.00,0,0.00,-1.67,0.00,0.00,100.00,-1.00,-1.00,-1.00,0,1,1,100,0,-1,0.18,0.00,0.18,160,160,0,0.00,0.00,0.00,0.00,0.00,0.00,-1.00,-1.00,0.00,-1.00,-1.00,0.00,-1.00,-1.00,0.00,2.48E-1,1.024E+5,0.00E+0,1.33E-2,-1.00,0.00E+0,1.33E-2,0x0004,0x0000,0x007F,0x0214,0x0000,0x0001,0x0000,0x0000,0x0000,0x0000,0x0000,0x0004,0x0000,0x0000,0x0000,0x0000,0x0000,0x0000,874
12:00:04 PM,6,0.00,0,0.00,-1.67,0.00,0.00,100.00,-1.00,-1.00,-1.00,0,1,1,100,0,-1,0.18,0.00,0.18,160,160,0,0.00,0.00,0.00,0.00,0.00,0.00,-1.00,-1.00,0.00,-1.00,-1.00,0.00,-1.00,-1.00,0.00,2.42E-1,1.024E+5,0.00E+0,1.33E-2,-1.00,0.00E+0,1.33E-2,0x0004,0x0000,0x007F,0x0214,0x0000,0x0001,0x0000,0x0000,0x0000,0x0000,0x0000,0x0004,0x0000,0x0000,0x0000,0x0000,0x0000,0x0000,875
12:00:09 PM,6,0.00,0,0.00,-1.67,0.00,0.00,100.00,-1.00,-1.00,-1.00,0,1,1,100,0,-1,0.18,0.00,0.18,160,160,0,0.00,0.00,0.00,0.00,0.00,0.00,-1.00,-1.00,0.00,-1.00,-1.00,0.00,-1.00,-1.00,0.00,2.46E-1,1.024E+5,0.00E+0,1.33E-2,-1.00,0.00E+0,1.33E-2,0x0004,0x0000,0x007F,0x0214,0x0000,0x0001,0x0000,0x0000,0x0000,0x0000,0x0000,0x0004,0x0000,0x0000,0x0000,0x0000,0x0000,0x0000,876
12:00:14 PM,6,0.00,0,0.00,-1.67,0.00,0.00,100.00,-1.00,-1.00,-1.00,0,1,1,100,0,-1,0.18,0.00,0.18,160,160,0,0.00,0.00,0.00,0.00,0.00,0.00,-1.00,-1.00,0.00,-1.00,-1.00,0.00,-1.00,-1.00,0.00,2.42E-1,1.024E+5,0.00E+0,1.33E-2,-1.00,0.00E+0,1.33E-2,0x0004,0x0000,0x007F,0x0214,0x0000,0x0001,0x0000,0x0000,0x0000,0x0000,0x0000,0x0004,0x0000,0x0000,0x0000,0x0000,0x0000,0x0000,877
12:00:19 PM,6,0.00,0,0.00,-1.67,0.00,0.00,100.00,-1.00,-1.00,-1.00,0,1,1,100,0,-1,0.18,0.00,0.18,160,160,0,0.00,0.00,0.00,0.00,0.00,0.00,-1.00,-1.00,0.00,-1.00,-1.00,0.00,-1.00,-1.00,0.00,2.44E-1,1.024E+5,0.00E+0,1.33E-2,-1.00,0.00E+0,1.33E-2,0x0004,0x0000,0x007F,0x0214,0x0000,0x0001,0x0000,0x0000,0x0000,0x0000,0x0000,0x0004,0x0000,0x0000,0x0000,0x0000,0x0000,0x0000,878
12:00:24 PM,6,0.00,0,0.00,-1.67,0.00,0.00,100.00,-1.00,-1.00,-1.00,0,1,1,100,0,-1,0.18,0.00,0.18,160,160,0,0.00,0.00,0.00,0.00,0.00,0.00,-1.00,-1.00,0.00,-1.00,-1.00,0.00,-1.00,-1.00,0.00,2.46E-1,1.024E+5,0.00E+0,1.33E-2,-1.00,0.00E+0,1.33E-2,0x0004,0x0000,0x007F,0x0214,0x0000,0x0001,0x0000,0x0000,0x0000,0x0000,0x0000,0x0004,0x0000,0x0000,0x0000,0x0000,0x0000,0x0000,879
12:00:29 PM,6,0.00,0,0.00,-1.67,0.00,0.00,100.00,-1.00,-1.00,-1.00,0,1,1,100,0,-1,0.18,0.00,0.18,160,160,0,0.00,0.00,0.00,0.00,0.00,0.00,-1.00,-1.00,0.00,-1.00,-1.00,0.00,-1.00,-1.00,0.00,2.51E-1,1.024E+5,0.00E+0,1.33E-2,-1.00,0.00E+0,1.33E-2,0x0004,0x0000,0x007F,0x0214,0x0000,0x0001,0x0000,0x0000,0x0000,0x0000,0x0000,0x0004,0x0000,0x0000,0x0000,0x0000,0x0000,0x0000,880
12:00:34 PM,6,0.00,0,0.00,-1.67,0.00,0.00,100.00,-1.00,-1.00,-1.00,0,1,1,100,0,-1,0.18,0.00,0.18,160,160,0,0.00,0.00,0.00,0.00,0.00,0.00,-1.00,-1.00,0.00,-1.00,-1.00,0.00,-1.00,-1.00,0.00,2.46E-1,1.024E+5,0.00E+0,1.33E-2,-1.00,0.00E+0,1.33E-2,0x0004,0x0000,0x007F,0x0214,0x0000,0x0001,0x0000,0x0000,0x0000,0x0000,0x0000,0x0004,0x0000,0x0000,0x0000,0x0000,0x0000,0x0000,881
12:00:39 PM,6,0.00,0,0.00,-1.67,0.00,0.00,100.00,-1.00,-1.00,-1.00,0,1,1,100,0,-1,0.18,0.00,0.18,160,160,0,0.00,0.00,0.00,0.00,0.00,0.00,-1.00,-1.00,0.00,-1.00,-1.00,0.00,-1.00,-1.00,0.00,2.46E-1,1.024E+5,0.00E+0,1.33E-2,-1.00,0.00E+0,1.33E-2,0x0004,0x0000,0x007F,0x0214,0x0000,0x0001,0x0000,0x0000,0x0000,0x0000,0x0000,0x0004,0x0000,0x0000,0x0000,0x0000,0x0000,0x0000,882
12:00:44 PM,6,0.00,0,0.00,-1.67,0.00,0.00,100.00,-1.00,-1.00,-1.00,0,1,1,100,0,-1,0.18,0.00,0.18,160,160,0,0.00,0.00,0.00,0.00,0.00,0.00,-1.00,-1.00,0.00,-1.00,-1.00,0.00,-1.00,-1.00,0.00,2.46E-1,1.024E+5,0.00E+0,1.33E-2,-1.00,0.00E+0,1.33E-2,0x0004,0x0000,0x007F,0x0214,0x0000,0x0001,0x0000,0x0000,0x0000,0x0000,0x0000,0x0004,0x0000,0x0000,0x0000,0x0000,0x0000,0x0000,883
12:00:49 PM,6,0.00,0,0.00,-1.67,0.00,0.00,100.00,-1.00,-1.00,-1.00,0,1,1,100,0,-1,0.18,0.00,0.18,160,160,0,0.00,0.00,0.00,0.00,0.00,0.00,-1.00,-1.00,0.00,-1.00,-1.00,0.00,-1.00,-1.00,0.00,2.42E-1,1.024E+5,0.00E+0,1.33E-2,-1.00,0.00E+0,1.33E-2,0x0004,0x0000,0x007F,0x0214,0x0000,0x0001,0x0000,0x0000,0x0000,0x0000,0x0000,0x0004,0x0000,0x0000,0x0000,0x0000,0x0000,0x0000,884
12:00:54 PM,6,0.00,0,0.00,-1.67,0.00,0.00,100.00,-1.00,-1.00,-1.00,0,1,1,100,0,-1,0.18,0.00,0.18,160,160,0,0.00,0.00,0.00,0.00,0.00,0.00,-1.00,-1.00,0.00,-1.00,-1.00,0.00,-1.00,-1.00,0.00,2.46E-1,1.024E+5,0.00E+0,1.33E-2,-1.00,0.00E+0,1.33E-2,0x0004,0x0000,0x007F,0x0214,0x0000,0x0001,0x0000,0x0000,0x0000,0x0000,0x0000,0x0004,0x0000,0x0000,0x0000,0x0000,0x0000,0x0000,885
12:00:59 PM,6,0.00,0,0.00,-1.67,0.00,0.00,100.00,-1.00,-1.00,-1.00,0,1,1,100,0,-1,0.18,0.00,0.18,160,160,0,0.00,0.00,0.00,0.00,0.00,0.00,-1.00,-1.00,0.00,-1.00,-1.00,0.00,-1.00,-1.00,0.00,2.44E-1,1.024E+5,0.00E+0,1.33E-2,-1.00,0.00E+0,1.33E-2,0x0004,0x0000,0x007F,0x0214,0x0000,0x0001,0x0000,0x0000,0x0000,0x0000,0x0000,0x0004,0x0000,0x0000,0x0000,0x0000,0x0000,0x0000,886
12:01:04 PM,6,0.00,0,0.00,-1.67,0.00,0.00,100.00,-1.00,-1.00,-1.00,0,1,1,100,0,-1,0.18,0.00,0.18,160,160,0,0.00,0.00,0.00,0.00,0.00,0.00,-1.00,-1.00,0.00,-1.00,-1.00,0.00,-1.00,-1.00,0.00,2.46E-1,1.024E+5,0.00E+0,1.33E-2,-1.00,0.00E+0,1.33E-2,0x0004,0x0000,0x007F,0x0214,0x0000,0x0001,0x0000,0x0000,0x0000,0x0000,0x0000,0x0004,0x0000,0x0000,0x0000,0x0000,0x0000,0x0000,887
11:58:05 AM,6,0.00,0,0.00,-1.67,0.00,0.00,100.00,-1.00,-1.00,-1.00,0,1,1,100,0,-1,0.18,0.00,0.18,160,160,0,0.00,0.00,0.00,0.00,0.00,0.00,-1.00,-1.00,0.00,-1.00,-1.00,0.00,-1.00,-1.00,0.00,2.44E-1,1.024E+5,0.00E+0,1.33E-2,-1.00,0.00E+0,1.33E-2,0x0004,0x0000,0x007F,0x0214,0x0000,0x0001,0x0000,0x0000,0x0000,0x0000,0x0000,0x0004,0x0000,0x0000,0x0000,0x0000,0x0000,0x0000,888
11:58:10 AM,6,0.00,0,0.00,-1.67,0.00,0.00,100.00,-1.00,-1.00,-1.00,0,1,1,100,0,-1,0.18,0.00,0.18,160,160,0,0.00,0.00,0.00,0.00,0.00,0.00,-1.00,-1.00,0.00,-1.00,-1.00,0.00,-1.00,-1.00,0.00,2.42E-1,1.024E+5,0.00E+0,1.33E-2,-1.00,0.00E+0,1.33E-2,0x0004,0x0000,0x007F,0x0214,0x0000,0x0001,0x0000,0x0000,0x0000,0x0000,0x0000,0x0004,0x0000,0x0000,0x0000,0x0000,0x0000,0x0000,889
11:58:15 AM,6,0.00,0,0.00,-1.67,0.00,0.00,100.00,-1.00,-1.00,-1.00,0,1,1,100,0,-1,0.18,0.00,0.18,160,160,0,0.00,0.00,0.00,0.00,0.00,0.00,-1.00,-1.00,0.00,-1.00,-1.00,0.00,-1.00,-1.00,0.00,2.42E-1,1.024E+5,0.00E+0,1.33E-2,-1.00,0.00E+0,1.33E-2,0x0004,0x0000,0x007F,0x0214,0x0000,0x0001,0x0000,0x0000,0x0000,0x0000,0x0000,0x0004,0x0000,0x0000,0x0000,0x0000,0x0000,0x0000,890
11:58:20 AM,6,0.00,0,0.00,-1.67,0.00,0.00,100.00,-1.00,-1.00,-1.00,0,1,1,100,0,-1,0.18,0.00,0.18,160,160,0,0.00,0.00,0.00,0.00,0.00,0.00,-1.00,-1.00,0.00,-1.00,-1.00,0.00,-1.00,-1.00,0.00,2.46E-1,1.024E+5,0.00E+0,1.33E-2,-1.00,0.00E+0,1.33E-2,0x0004,0x0000,0x007F,0x0214,0x0000,0x0001,0x0000,0x0000,0x0000,0x0000,0x0000,0x0004,0x0000,0x0000,0x0000,0x0000,0x0000,0x0000,891
11:58:25 AM,6,0.00,0,0.00,-1.67,0.00,0.00,100.00,-1.00,-1.00,-1.00,0,1,1,100,0,-1,0.18,0.00,0.18,160,160,0,0.00,0.00,0.00,0.00,0.00,0.00,-1.00,-1.00,0.00,-1.00,-1.00,0.00,-1.00,-1.00,0.00,2.46E-1,1.024E+5,0.00E+0,1.33E-2,-1.00,0.00E+0,1.33E-2,0x0004,0x0000,0x007F,0x0214,0x0000,0x0001,0x0000,0x0000,0x0000,0x0000,0x0000,0x0004,0x0000,0x0000,0x0000,0x0000,0x0000,0x0000,892
11:58:30 AM,6,0.00,0,0.00,-1.67,0.00,0.00,100.00,-1.00,-1.00,-1.00,0,1,1,100,0,-1,0.18,0.00,0.18,160,160,0,0.00,0.00,0.00,0.00,0.00,0.00,-1.00,-1.00,0.00,-1.00,-1.00,0.00,-1.00,-1.00,0.00,2.46E-1,1.024E+5,0.00E+0,1.33E-2,-1.00,0.00E+0,1.33E-2,0x0004,0x0000,0x007F,0x0214,0x0000,0x0001,0x0000,0x0000,0x0000,0x0000,0x0000,0x0004,0x0000,0x0000,0x0000,0x0000,0x0000,0x0000,893
11:58:35 AM,6,0.00,0,0.00,-1.67,0.00,0.00,100.00,-1.00,-1.00,-1.00,0,1,1,100,0,-1,0.18,0.00,0.18,160,160,0,0.00,0.00,0.00,0.00,0.00,0.00,-1.00,-1.00,0.00,-1.00,-1.00,0.00,-1.00,-1.00,0.00,2.44E-1,1.024E+5,0.00E+0,1.33E-2,-1.00,0.00E+0,1.33E-2,0x0004,0x0000,0x007F,0x0214,0x0000,0x0001,0x0000,0x0000,0x0000,0x0000,0x0000,0x0004,0x0000,0x0000,0x0000,0x0000,0x0000,0x0000,894
11:58:40 AM,6,0.00,0,0.00,-1.67,0.00,0.00,100.00,-1.00,-1.00,-1.00,0,1,1,100,0,-1,0.18,0.00,0.18,160,160,0,0.00,0.00,0.00,0.00,0.00,0.00,-1.00,-1.00,0.00,-1.00,-1.00,0.00,-1.00,-1.00,0.00,2.42E-1,1.024E+5,0.00E+0,1.33E-2,-1.00,0.00E+0,1.33E-2,0x0004,0x0000,0x007F,0x0214,0x0000,0x0001,0x0000,0x0000,0x0000,0x0000,0x0000,0x0004,0x0000,0x0000,0x0000,0x0000,0x0000,0x0000,895
11:58:45 AM,6,0.00,0,0.00,-1.67,0.00,0.00,100.00,-1.00,-1.00,-1.00,0,1,1,100,0,-1,0.18,0.00,0.18,160,160,0,0.00,0.00,0.00,0.00,0.00,0.00,-1.00,-1.00,0.00,-1.00,-1.00,0.00,-1.00,-1.00,0.00,2.40E-1,1.024E+5,0.00E+0,1.33E-2,-1.00,0.00E+0,1.33E-2,0x0004,0x0000,0x007F,0x0214,0x0000,0x0001,0x0000,0x0000,0x0000,0x0000,0x0000,0x0004,0x0000,0x0000,0x0000,0x0000,0x0000,0x0000,896
11:58:50 AM,6,0.00,0,0.00,-1.67,0.00,0.00,100.00,-1.00,-1.00,-1.00,0,1,1,100,0,-1,0.18,0.00,0.18,160,160,0,0.00,0.00,0.00,0.00,0.00,0.00,-1.00,-1.00,0.00,-1.00,-1.00,0.00,-1.00,-1.00,0.00,2.42E-1,1.024E+5,0.00E+0,1.33E-2,-1.00,0.00E+0,1.33E-2,0x0004,0x0000,0x007F,0x0214,0x0000,0x0001,0x0000,0x0000,0x0000,0x0000,0x0000,0x0004,0x0000,0x0000,0x0000,0x0000,0x0000,0x0000,897
11:58:55 AM,6,0.00,0,0.00,-1.67,0.00,0.00,100.00,-1.00,-1.00,-1.00,0,1,1,100,0,-1,0.18,0.00,0.18,160,160,0,0.00,0.00,0.00,0.00,0.00,0.00,-1.00,-1.00,0.00,-1.00,-1.00,0.00,-1.00,-1.00,0.00,2.44E-1,1.024E+5,0.00E+0,1.33E-2,-1.00,0.00E+0,1.33E-2,0x0004,0x0000,0x007F,0x0214,0x0000,0x0001,0x0000,0x0000,0x0000,0x0000,0x0000,0x0004,0x0000,0x0000,0x0000,0x0000,0x0000,0x0000,898
11:59:00 AM,6,0.00,0,0.00,-1.67,0.00,0.00,100.00,-1.00,-1.00,-1.00,0,1,1,100,0,-1,0.18,0.00,0.18,160,160,0,0.00,0.00,0.00,0.00,0.00,0.00,-1.00,-1.00,0.00,-1.00,-1.00,0.00,-1.00,-1.00,0.00,2.37E-1,1.024E+5,0.00E+0,1.33E-2,-1.00,0.00E+0,1.33E-2,0x0004,0x0000,0x007F,0x0214,0x0000,0x0001,0x0000,0x0000,0x0000,0x0000,0x0000,0x0004,0x0000,0x0000,0x0000,0x0000,0x0000,0x0000,899
11:59:05 AM,6,0.00,0,0.00,-1.67,0.00,0.00,100.00,-1.00,-1.00,-1.00,0,1,1,100,0,-1,0.18,0.00,0.18,160,160,0,0.00,0.00,0.00,0.00,0.00,0.00,-1.00,-1.00,0.00,-1.00,-1.00,0.00,-1.00,-1.00,0.00,2.44E-1,1.024E+5,0.00E+0,1.33E-2,-1.00,0.00E+0,1.33E-2,0x0004,0x0000,0x007F,0x0214,0x0000,0x0001,0x0000,0x0000,0x0000,0x0000,0x0000,0x0004,0x0000,0x0000,0x0000,0x0000,0x0000,0x0000,900
11:59:10 AM,6,0.00,0,0.00,-1.67,0.00,0.00,100.00,-1.00,-1.00,-1.00,0,1,1,100,0,-1,0.18,0.00,0.18,160,160,0,0.00,0.00,0.00,0.00,0.00,0.00,-1.00,-1.00,0.00,-1.00,-1.00,0.00,-1.00,-1.00,0.00,2.46E-1,1.024E+5,0.00E+0,1.33E-2,-1.00,0.00E+0,1.33E-2,0x0004,0x0000,0x007F,0x0214,0x0000,0x0001,0x0000,0x0000,0x0000,0x0000,0x0000,0x0004,0x0000,0x0000,0x0000,0x0000,0x0000,0x0000,901
11:59:15 AM,6,0.00,0,0.00,-1.67,0.00,0.00,100.00,-1.00,-1.00,-1.00,0,1,1,100,0,-1,0.18,0.00,0.18,160,160,0,0.00,0.00,0.00,0.00,0.00,0.00,-1.00,-1.00,0.00,-1.00,-1.00,0.00,-1.00,-1.00,0.00,2.46E-1,1.024E+5,0.00E+0,1.33E-2,-1.00,0.00E+0,1.33E-2,0x0004,0x0000,0x007F,0x0214,0x0000,0x0001,0x0000,0x0000,0x0000,0x0000,0x0000,0x0004,0x0000,0x0000,0x0000,0x0000,0x0000,0x0000,902
11:59:20 AM,6,0.00,0,0.00,-1.67,0.00,0.00,100.00,-1.00,-1.00,-1.00,0,1,1,100,0,-1,0.18,0.00,0.18,160,160,0,0.00,0.00,0.00,0.00,0.00,0.00,-1.00,-1.00,0.00,-1.00,-1.00,0.00,-1.00,-1.00,0.00,2.46E-1,1.024E+5,0.00E+0,1.33E-2,-1.00,0.00E+0,1.33E-2,0x0004,0x0000,0x007F,0x0214,0x0000,0x0001,0x0000,0x0000,0x0000,0x0000,0x0000,0x0004,0x0000,0x0000,0x0000,0x0000,0x0000,0x0000,903
11:59:25 AM,6,0.00,0,0.00,-1.67,0.00,0.00,100.00,-1.00,-1.00,-1.00,0,1,1,100,0,-1,0.18,0.00,0.18,160,160,0,0.00,0.00,0.00,0.00,0.00,0.00,-1.00,-1.00,0.00,-1.00,-1.00,0.00,-1.00,-1.00,0.00,2.42E-1,1.024E+5,0.00E+0,1.33E-2,-1.00,0.00E+0,1.33E-2,0x0004,0x0000,0x007F,0x0214,0x0000,0x0001,0x0000,0x0000,0x0000,0x0000,0x0000,0x0004,0x0000,0x0000,0x0000,0x0000,0x0000,0x0000,904
11:59:30 AM,6,0.00,0,0.00,-1.67,0.00,0.00,100.00,-1.00,-1.00,-1.00,0,1,1,100,0,-1,0.18,0.00,0.18,160,160,0,0.00,0.00,0.00,0.00,0.00,0.00,-1.00,-1.00,0.00,-1.00,-1.00,0.00,-1.00,-1.00,0.00,2.42E-1,1.024E+5,0.00E+0,1.33E-2,-1.00,0.00E+0,1.33E-2,0x0004,0x0000,0x007F,0x0214,0x0000,0x0001,0x0000,0x0000,0x0000,0x0000,0x0000,0x0004,0x0000,0x0000,0x0000,0x0000,0x0000,0x0000,905
11:59:35 AM,6,0.00,0,0.00,-1.67,0.00,0.00,100.00,-1.00,-1.00,-1.00,0,1,1,100,0,-1,0.18,0.00,0.18,160,160,0,0.00,0.00,0.00,0.00,0.00,0.00,-1.00,-1.00,0.00,-1.00,-1.00,0.00,-1.00,-1.00,0.00,2.42E-1,1.024E+5,0.00E+0,1.33E-2,-1.00,0.00E+0,1.33E-2,0x0004,0x0000,0x007F,0x0214,0x0000,0x0001,0x0000,0x0000,0x0000,0x0000,0x0000,0x0004,0x0000,0x0000,0x0000,0x0000,0x0000,0x0000,906
11:59:39 AM,6,0.00,0,0.00,-1.67,0.00,0.00,100.00,-1.00,-1.00,-1.00,0,1,1,100,0,-1,0.18,0.00,0.18,160,160,0,0.00,0.00,0.00,0.00,0.00,0.00,-1.00,-1.00,0.00,-1.00,-1.00,0.00,-1.00,-1.00,0.00,2.46E-1,1.024E+5,0.00E+0,1.33E-2,-1.00,0.00E+0,1.33E-2,0x0004,0x0000,0x007F,0x0214,0x0000,0x0001,0x0000,0x0000,0x0000,0x0000,0x0000,0x0004,0x0000,0x0000,0x0000,0x0000,0x0000,0x0000,907
11:59:44 AM,6,0.00,0,0.00,-1.67,0.00,0.00,100.00,-1.00,-1.00,-1.00,0,1,1,100,0,-1,0.18,0.00,0.18,160,160,0,0.00,0.00,0.00,0.00,0.00,0.00,-1.00,-1.00,0.00,-1.00,-1.00,0.00,-1.00,-1.00,0.00,2.46E-1,1.024E+5,0.00E+0,1.33E-2,-1.00,0.00E+0,1.33E-2,0x0004,0x0000,0x007F,0x0214,0x0000,0x0001,0x0000,0x0000,0x0000,0x0000,0x0000,0x0004,0x0000,0x0000,0x0000,0x0000,0x0000,0x0000,908
11:59:49 AM,6,0.00,0,0.00,-1.67,0.00,0.00,100.00,-1.00,-1.00,-1.00,0,1,1,100,0,-1,0.18,0.00,0.18,160,160,0,0.00,0.00,0.00,0.00,0.00,0.00,-1.00,-1.00,0.00,-1.00,-1.00,0.00,-1.00,-1.00,0.00,2.42E-1,1.024E+5,0.00E+0,1.33E-2,-1.00,0.00E+0,1.33E-2,0x0004,0x0000,0x007F,0x0214,0x0000,0x0001,0x0000,0x0000,0x0000,0x0000,0x0000,0x0004,0x0000,0x0000,0x0000,0x0000,0x0000,0x0000,909
11:59:54 AM,6,0.00,0,0.00,-1.67,0.00,0.00,100.00,-1.00,-1.00,-1.00,0,1,1,100,0,-1,0.18,0.00,0.18,160,160,0,0.00,0.00,0.00,0.00,0.00,0.00,-1.00,-1.00,0.00,-1.00,-1.00,0.00,-1.00,-1.00,0.00,2.42E-1,1.024E+5,0.00E+0,1.33E-2,-1.00,0.00E+0,1.33E-2,0x0004,0x0000,0x007F,0x0214,0x0000,0x0001,0x0000,0x0000,0x0000,0x0000,0x0000,0x0004,0x0000,0x0000,0x0000,0x0000,0x0000,0x0000,910
11:59:59 AM,6,0.00,0,0.00,-1.67,0.00,0.00,100.00,-1.00,-1.00,-1.00,0,1,1,100,0,-1,0.18,0.00,0.18,160,160,0,0.00,0.00,0.00,0.00,0.00,0.00,-1.00,-1.00,0.00,-1.00,-1.00,0.00,-1.00,-1.00,0.00,2.48E-1,1.024E+5,0.00E+0,1.33E-2,-1.00,0.00E+0,1.33E-2,0x0004,0x0000,0x007F,0x0214,0x0000,0x0001,0x0000,0x0000,0x0000,0x0000,0x0000,0x0004,0x0000,0x0000,0x0000,0x0000,0x0000,0x0000,911
12:00:04 PM,6,0.00,0,0.00,-1.67,0.00,0.00,100.00,-1.00,-1.00,-1.00,0,1,1,100,0,-1,0.18,0.00,0.18,160,160,0,0.00,0.00,0.00,0.00,0.00,0.00,-1.00,-1.00,0.00,-1.00,-1.00,0.00,-1.00,-1.00,0.00,2.42E-1,1.024E+5,0.00E+0,1.33E-2,-1.00,0.00E+0,1.33E-2,0x0004,0x0000,0x007F,0x0214,0x0000,0x0001,0x0000,0x0000,0x0000,0x0000,0x0000,0x0004,0x0000,0x0000,0x0000,0x0000,0x0000,0x0000,912
12:00:09 PM,6,0.00,0,0.00,-1.67,0.00,0.00,100.00,-1.00,-1.00,-1.00,0,1,1,100,0,-1,0.18,0.00,0.18,160,160,0,0.00,0.00,0.00,0.00,0.00,0.00,-1.00,-1.00,0.00,-1.00,-1.00,0.00,-1.00,-1.00,0.00,2.46E-1,1.024E+5,0.00E+0,1.33E-2,-1.00,0.00E+0,1.33E-2,0x0004,0x0000,0x007F,0x0214,0x0000,0x0001,0x0000,0x0000,0x0000,0x0000,0x0000,0x0004,0x0000,0x0000,0x0000,0x0000,0x0000,0x0000,913
12:00:14 PM,6,0.00,0,0.00,-1.67,0.00,0.00,100.00,-1.00,-1.00,-1.00,0,1,1,100,0,-1,0.18,0.00,0.18,160,160,0,0.00,0.00,0.00,0.00,0.00,0.00,-1.00,-1.00,0.00,-1.00,-1.00,0.00,-1.00,-1.00,0.00,2.42E-1,1.024E+5,0.00E+0,1.33E-2,-1.00,0.00E+0,1.33E-2,0x0004,0x0000,0x007F,0x0214,0x0000,0x0001,0x0000,0x0000,0x0000,0x0000,0x0000,0x0004,0x0000,0x0000,0x0000,0x0000,0x0000,0x0000,914
12:00:19 PM,6,0.00,0,0.00,-1.67,0.00,0.00,100.00,-1.00,-1.00,-1.00,0,1,1,100,0,-1,0.18,0.00,0.18,160,160,0,0.00,0.00,0.00,0.00,0.00,0.00,-1.00,-1.00,0.00,-1.00,-1.00,0.00,-1.00,-1.00,0.00,2.44E-1,1.024E+5,0.00E+0,1.33E-2,-1.00,0.00E+0,1.33E-2,0x0004,0x0000,0x007F,0x0214,0x0000,0x0001,0x0000,0x0000,0x0000,0x0000,0x0000,0x0004,0x0000,0x0000,0x0000,0x0000,0x0000,0x0000,915
12:00:24 PM,6,0.00,0,0.00,-1.67,0.00,0.00,100.00,-1.00,-1.00,-1.00,0,1,1,100,0,-1,0.18,0.00,0.18,160,160,0,0.00,0.00,0.00,0.00,0.00,0.00,-1.00,-1.00,0.00,-1.00,-1.00,0.00,-1.00,-1.00,0.00,2.46E-1,1.024E+5,0.00E+0,1.33E-2,-1.00,0.00E+0,1.33E-2,0x0004,0x0000,0x007F,0x0214,0x0000,0x0001,0x0000,0x0000,0x0000,0x0000,0x0000,0x0004,0x0000,0x0000,0x0000,0x0000,0x0000,0x0000,916
12:00:29 PM,6,0.00,0,0.00,-1.67,0.00,0.00,100.00,-1.00,-1.00,-1.00,0,1,1,100,0,-1,0.18,0.00,0.18,160,160,0,0.00,0.00,0.00,0.00,0.00,0.00,-1.00,-1.00,0.00,-1.00,-1.00,0.00,-1.00,-1.00,0.00,2.51E-1,1.024E+5,0.00E+0,1.33E-2,-1.00,0.00E+0,1.33E-2,0x0004,0x0000,0x007F,0x0214,0x0000,0x0001,0x0000,0x0000,0x0000,0x0000,0x0000,0x0004,0x0000,0x0000,0x0000,0x0000,0x0000,0x0000,917
12:00:34 PM,6,0.00,0,0.00,-1.67,0.00,0.00,100.00,-1.00,-1.00,-1.00,0,1,1,100,0,-1,0.18,0.00,0.18,160,160,0,0.00,0.00,0.00,0.00,0.00,0.00,-1.00,-1.00,0.00,-1.00,-1.00,0.00,-1.00,-1.00,0.00,2.46E-1,1.024E+5,0.00E+0,1.33E-2,-1.00,0.00E+0,1.33E-2,0x0004,0x0000,0x007F,0x0214,0x0000,0x0001,0x0000,0x0000,0x0000,0x0000,0x0000,0x0004,0x0000,0x0000,0x0000,0x0000,0x0000,0x0000,918
12:00:39 PM,6,0.00,0,0.00,-1.67,0.00,0.00,100.00,-1.00,-1.00,-1.00,0,1,1,100,0,-1,0.18,0.00,0.18,160,160,0,0.00,0.00,0.00,0.00,0.00,0.00,-1.00,-1.00,0.00,-1.00,-1.00,0.00,-1.00,-1.00,0.00,2.46E-1,1.024E+5,0.00E+0,1.33E-2,-1.00,0.00E+0,1.33E-2,0x0004,0x0000,0x007F,0x0214,0x0000,0x0001,0x0000,0x0000,0x0000,0x0000,0x0000,0x0004,0x0000,0x0000,0x0000,0x0000,0x0000,0x0000,919
12:00:44 PM,6,0.00,0,0.00,-1.67,0.00,0.00,100.00,-1.00,-1.00,-1.00,0,1,1,100,0,-1,0.18,0.00,0.18,160,160,0,0.00,0.00,0.00,0.00,0.00,0.00,-1.00,-1.00,0.00,-1.00,-1.00,0.00,-1.00,-1.00,0.00,2.46E-1,1.024E+5,0.00E+0,1.33E-2,-1.00,0.00E+0,1.33E-2,0x0004,0x0000,0x007F,0x0214,0x0000,0x0001,0x0000,0x0000,0x0000,0x0000,0x0000,0x0004,0x0000,0x0000,0x0000,0x0000,0x0000,0x0000,920
12:00:49 PM,6,0.00,0,0.00,-1.67,0.00,0.00,100.00,-1.00,-1.00,-1.00,0,1,1,100,0,-1,0.18,0.00,0.18,160,160,0,0.00,0.00,0.00,0.00,0.00,0.00,-1.00,-1.00,0.00,-1.00,-1.00,0.00,-1.00,-1.00,0.00,2.42E-1,1.024E+5,0.00E+0,1.33E-2,-1.00,0.00E+0,1.33E-2,0x0004,0x0000,0x007F,0x0214,0x0000,0x0001,0x0000,0x0000,0x0000,0x0000,0x0000,0x0004,0x0000,0x0000,0x0000,0x0000,0x0000,0x0000,921
12:00:54 PM,6,0.00,0,0.00,-1.67,0.00,0.00,100.00,-1.00,-1.00,-1.00,0,1,1,100,0,-1,0.18,0.00,0.18,160,160,0,0.00,0.00,0.00,0.00,0.00,0.00,-1.00,-1.00,0.00,-1.00,-1.00,0.00,-1.00,-1.00,0.00,2.46E-1,1.024E+5,0.00E+0,1.33E-2,-1.00,0.00E+0,1.33E-2,0x0004,0x0000,0x007F,0x0214,0x0000,0x0001,0x0000,0x0000,0x0000,0x0000,0x0000,0x0004,0x0000,0x0000,0x0000,0x0000,0x0000,0x0000,922
12:00:59 PM,6,0.00,0,0.00,-1.67,0.00,0.00,100.00,-1.00,-1.00,-1.00,0,1,1,100,0,-1,0.18,0.00,0.18,160,160,0,0.00,0.00,0.00,0.00,0.00,0.00,-1.00,-1.00,0.00,-1.00,-1.00,0.00,-1.00,-1.00,0.00,2.44E-1,1.024E+5,0.00E+0,1.33E-2,-1.00,0.00E+0,1.33E-2,0x0004,0x0000,0x007F,0x0214,0x0000,0x0001,0x0000,0x0000,0x0000,0x0000,0x0000,0x0004,0x0000,0x0000,0x0000,0x0000,0x0000,0x0000,923
12:01:04 PM,6,0.00,0,0.00,-1.67,0.00,0.00,100.00,-1.00,-1.00,-1.00,0,1,1,100,0,-1,0.18,0.00,0.18,160,160,0,0.00,0.00,0.00,0.00,0.00,0.00,-1.00,-1.00,0.00,-1.00,-1.00,0.00,-1.00,-1.00,0.00,2.46E-1,1.024E+5,0.00E+0,1.33E-2,-1.00,0.00E+0,1.33E-2,0x0004,0x0000,0x007F,0x0214,0x0000,0x0001,0x0000,0x0000,0x0000,0x0000,0x0000,0x0004,0x0000,0x0000,0x0000,0x0000,0x0000,0x0000,924
11:58:05 AM,6,0.00,0,0.00,-1.67,0.00,0.00,100.00,-1.00,-1.00,-1.00,0,1,1,100,0,-1,0.18,0.00,0.18,160,160,0,0.00,0.00,0.00,0.00,0.00,0.00,-1.00,-1.00,0.00,-1.00,-1.00,0.00,-1.00,-1.00,0.00,2.44E-1,1.024E+5,0.00E+0,1.33E-2,-1.00,0.00E+0,1.33E-2,0x0004,0x0000,0x007F,0x0214,0x0000,0x0001,0x0000,0x0000,0x0000,0x0000,0x0000,0x0004,0x0000,0x0000,0x0000,0x0000,0x0000,0x0000,925
11:58:10 AM,6,0.00,0,0.00,-1.67,0.00,0.00,100.00,-1.00,-1.00,-1.00,0,1,1,100,0,-1,0.18,0.00,0.18,160,160,0,0.00,0.00,0.00,0.00,0.00,0.00,-1.00,-1.00,0.00,-1.00,-1.00,0.00,-1.00,-1.00,0.00,2.42E-1,1.024E+5,0.00E+0,1.33E-2,-1.00,0.00E+0,1.33E-2,0x0004,0x0000,0x007F,0x0214,0x0000,0x0001,0x0000,0x0000,0x0000,0x0000,0x0000,0x0004,0x0000,0x0000,0x0000,0x0000,0x0000,0x0000,926
11:58:15 AM,6,0.00,0,0.00,-1.67,0.00,0.00,100.00,-1.00,-1.00,-1.00,0,1,1,100,0,-1,0.18,0.00,0.18,160,160,0,0.00,0.00,0.00,0.00,0.00,0.00,-1.00,-1.00,0.00,-1.00,-1.00,0.00,-1.00,-1.00,0.00,2.42E-1,1.024E+5,0.00E+0,1.33E-2,-1.00,0.00E+0,1.33E-2,0x0004,0x0000,0x007F,0x0214,0x0000,0x0001,0x0000,0x0000,0x0000,0x0000,0x0000,0x0004,0x0000,0x0000,0x0000,0x0000,0x0000,0x0000,927
11:58:20 AM,6,0.00,0,0.00,-1.67,0.00,0.00,100.00,-1.00,-1.00,-1.00,0,1,1,100,0,-1,0.18,0.00,0.18,160,160,0,0.00,0.00,0.00,0.00,0.00,0.00,-1.00,-1.00,0.00,-1.00,-1.00,0.00,-1.00,-1.00,0.00,2.46E-1,1.024E+5,0.00E+0,1.33E-2,-1.00,0.00E+0,1.33E-2,0x0004,0x0000,0x007F,0x0214,0x0000,0x0001,0x0000,0x0000,0x0000,0x0000,0x0000,0x0004,0x0000,0x0000,0x0000,0x0000,0x0000,0x0000,928
11:58:25 AM,6,0.00,0,0.00,-1.67,0.00,0.00,100.00,-1.00,-1.00,-1.00,0,1,1,100,0,-1,0.18,0.00,0.18,160,160,0,0.00,0.00,0.00,0.00,0.00,0.00,-1.00,-1.00,0.00,-1.00,-1.00,0.00,-1.00,-1.00,0.00,2.46E-1,1.024E+5,0.00E+0,1.33E-2,-1.00,0.00E+0,1.33E-2,0x0004,0x0000,0x007F,0x0214,0x0000,0x0001,0x0000,0x0000,0x0000,0x0000,0x0000,0x0004,0x0000,0x0000,0x0000,0x0000,0x0000,0x0000,929
11:58:30 AM,6,0.00,0,0.00,-1.67,0.00,0.00,100.00,-1.00,-1.00,-1.00,0,1,1,100,0,-1,0.18,0.00,0.18,160,160,0,0.00,0.00,0.00,0.00,0.00,0.00,-1.00,-1.00,0.00,-1.00,-1.00,0.00,-1.00,-1.00,0.00,2.46E-1,1.024E+5,0.00E+0,1.33E-2,-1.00,0.00E+0,1.33E-2,0x0004,0x0000,0x007F,0x0214,0x0000,0x0001,0x0000,0x0000,0x0000,0x0000,0x0000,0x0004,0x0000,0x0000,0x0000,0x0000,0x0000,0x0000,930
11:58:35 AM,6,0.00,0,0.00,-1.67,0.00,0.00,100.00,-1.00,-1.00,-1.00,0,1,1,100,0,-1,0.18,0.00,0.18,160,160,0,0.00,0.00,0.00,0.00,0.00,0.00,-1.00,-1.00,0.00,-1.00,-1.00,0.00,-1.00,-1.00,0.00,2.44E-1,1.024E+5,0.00E+0,1.33E-2,-1.00,0.00E+0,1.33E-2,0x0004,0x0000,0x007F,0x0214,0x0000,0x0001,0x0000,0x0000,0x0000,0x0000,0x0000,0x0004,0x0000,0x0000,0x0000,0x0000,0x0000,0x0000,931
11:58:40 AM,6,0.00,0,0.00,-1.67,0.00,0.00,100.00,-1.00,-1.00,-1.00,0,1,1,100,0,-1,0.18,0.00,0.18,160,160,0,0.00,0.00,0.00,0.00,0.00,0.00,-1.00,-1.00,0.00,-1.00,-1.00,0.00,-1.00,-1.00,0.00,2.42E-1,1.024E+5,0.00E+0,1.33E-2,-1.00,0.00E+0,1.33E-2,0x0004,0x0000,0x007F,0x0214,0x0000,0x0001,0x0000,0x0000,0x0000,0x0000,0x0000,0x0004,0x0000,0x0000,0x0000,0x0000,0x0000,0x0000,932
11:58:45 AM,6,0.00,0,0.00,-1.67,0.00,0.00,100.00,-1.00,-1.00,-1.00,0,1,1,100,0,-1,0.18,0.00,0.18,160,160,0,0.00,0.00,0.00,0.00,0.00,0.00,-1.00,-1.00,0.00,-1.00,-1.00,0.00,-1.00,-1.00,0.00,2.40E-1,1.024E+5,0.00E+0,1.33E-2,-1.00,0.00E+0,1.33E-2,0x0004,0x0000,0x007F,0x0214,0x0000,0x0001,0x0000,0x0000,0x0000,0x0000,0x0000,0x0004,0x0000,0x0000,0x0000,0x0000,0x0000,0x0000,933
11:58:50 AM,6,0.00,0,0.00,-1.67,0.00,0.00,100.00,-1.00,-1.00,-1.00,0,1,1,100,0,-1,0.18,0.00,0.18,160,160,0,0.00,0.00,0.00,0.00,0.00,0.00,-1.00,-1.00,0.00,-1.00,-1.00,0.00,-1.00,-1.00,0.00,2.42E-1,1.024E+5,0.00E+0,1.33E-2,-1.00,0.00E+0,1.33E-2,0x0004,0x0000,0x007F,0x0214,0x0000,0x0001,0x0000,0x0000,0x0000,0x0000,0x0000,0x0004,0x0000,0x0000,0x0000,0x0000,0x0000,0x0000,934
11:58:55 AM,6,0.00,0,0.00,-1.67,0.00,0.00,100.00,-1.00,-1.00,-1.00,0,1,1,100,0,-1,0.18,0.00,0.18,160,160,0,0.00,0.00,0.00,0.00,0.00,0.00,-1.00,-1.00,0.00,-1.00,-1.00,0.00,-1.00,-1.00,0.00,2.44E-1,1.024E+5,0.00E+0,1.33E-2,-1.00,0.00E+0,1.33E-2,0x0004,0x0000,0x007F,0x0214,0x0000,0x0001,0x0000,0x0000,0x0000,0x0000,0x0000,0x0004,0x0000,0x0000,0x0000,0x0000,0x0000,0x0000,935
11:59:00 AM,6,0.00,0,0.00,-1.67,0.00,0.00,100.00,-1.00,-1.00,-1.00,0,1,1,100,0,-1,0.18,0.00,0.18,160,160,0,0.00,0.00,0.00,0.00,0.00,0.00,-1.00,-1.00,0.00,-1.00,-1.00,0.00,-1.00,-1.00,0.00,2.37E-1,1.024E+5,0.00E+0,1.33E-2,-1.00,0.00E+0,1.33E-2,0x0004,0x0000,0x007F,0x0214,0x0000,0x0001,0x0000,0x0000,0x0000,0x0000,0x0000,0x0004,0x0000,0x0000,0x0000,0x0000,0x0000,0x0000,936
11:59:05 AM,6,0.00,0,0.00,-1.67,0.00,0.00,100.00,-1.00,-1.00,-1.00,0,1,1,100,0,-1,0.18,0.00,0.18,160,160,0,0.00,0.00,0.00,0.00,0.00,0.00,-1.00,-1.00,0.00,-1.00,-1.00,0.00,-1.00,-1.00,0.00,2.44E-1,1.024E+5,0.00E+0,1.33E-2,-1.00,0.00E+0,1.33E-2,0x0004,0x0000,0x007F,0x0214,0x0000,0x0001,0x0000,0x0000,0x0000,0x0000,0x0000,0x0004,0x0000,0x0000,0x0000,0x0000,0x0000,0x0000,937
11:59:10 AM,6,0.00,0,0.00,-1.67,0.00,0.00,100.00,-1.00,-1.00,-1.00,0,1,1,100,0,-1,0.18,0.00,0.18,160,160,0,0.00,0.00,0.00,0.00,0.00,0.00,-1.00,-1.00,0.00,-1.00,-1.00,0.00,-1.00,-1.00,0.00,2.46E-1,1.024E+5,0.00E+0,1.33E-2,-1.00,0.00E+0,1.33E-2,0x0004,0x0000,0x007F,0x0214,0x0000,0x0001,0x0000,0x0000,0x0000,0x0000,0x0000,0x0004,0x0000,0x0000,0x0000,0x0000,0x0000,0x0000,938
11:59:15 AM,6,0.00,0,0.00,-1.67,0.00,0.00,100.00,-1.00,-1.00,-1.00,0,1,1,100,0,-1,0.18,0.00,0.18,160,160,0,0.00,0.00,0.00,0.00,0.00,0.00,-1.00,-1.00,0.00,-1.00,-1.00,0.00,-1.00,-1.00,0.00,2.46E-1,1.024E+5,0.00E+0,1.33E-2,-1.00,0.00E+0,1.33E-2,0x0004,0x0000,0x007F,0x0214,0x0000,0x0001,0x0000,0x0000,0x0000,0x0000,0x0000,0x0004,0x0000,0x0000,0x0000,0x0000,0x0000,0x0000,939
11:59:20 AM,6,0.00,0,0.00,-1.67,0.00,0.00,100.00,-1.00,-1.00,-1.00,0,1,1,100,0,-1,0.18,0.00,0.18,160,160,0,0.00,0.00,0.00,0.00,0.00,0.00,-1.00,-1.00,0.00,-1.00,-1.00,0.00,-1.00,-1.00,0.00,2.46E-1,1.024E+5,0.00E+0,1.33E-2,-1.00,0.00E+0,1.33E-2,0x0004,0x0000,0x007F,0x0214,0x0000,0x0001,0x0000,0x0000,0x0000,0x0000,0x0000,0x0004,0x0000,0x0000,0x0000,0x0000,0x0000,0x0000,940
11:59:25 AM,6,0.00,0,0.00,-1.67,0.00,0.00,100.00,-1.00,-1.00,-1.00,0,1,1,100,0,-1,0.18,0.00,0.18,160,160,0,0.00,0.00,0.00,0.00,0.00,0.00,-1.00,-1.00,0.00,-1.00,-1.00,0.00,-1.00,-1.00,0.00,2.42E-1,1.024E+5,0.00E+0,1.33E-2,-1.00,0.00E+0,1.33E-2,0x0004,0x0000,0x007F,0x0214,0x0000,0x0001,0x0000,0x0000,0x0000,0x0000,0x0000,0x0004,0x0000,0x0000,0x0000,0x0000,0x0000,0x0000,941
11:59:30 AM,6,0.00,0,0.00,-1.67,0.00,0.00,100.00,-1.00,-1.00,-1.00,0,1,1,100,0,-1,0.18,0.00,0.18,160,160,0,0.00,0.00,0.00,0.00,0.00,0.00,-1.00,-1.00,0.00,-1.00,-1.00,0.00,-1.00,-1.00,0.00,2.42E-1,1.024E+5,0.00E+0,1.33E-2,-1.00,0.00E+0,1.33E-2,0x0004,0x0000,0x007F,0x0214,0x0000,0x0001,0x0000,0x0000,0x0000,0x0000,0x0000,0x0004,0x0000,0x0000,0x0000,0x0000,0x0000,0x0000,942
11:59:35 AM,6,0.00,0,0.00,-1.67,0.00,0.00,100.00,-1.00,-1.00,-1.00,0,1,1,100,0,-1,0.18,0.00,0.18,160,160,0,0.00,0.00,0.00,0.00,0.00,0.00,-1.00,-1.00,0.00,-1.00,-1.00,0.00,-1.00,-1.00,0.00,2.42E-1,1.024E+5,0.00E+0,1.33E-2,-1.00,0.00E+0,1.33E-2,0x0004,0x0000,0x007F,0x0214,0x0000,0x0001,0x0000,0x0000,0x0000,0x0000,0x0000,0x0004,0x0000,0x0000,0x0000,0x0000,0x0000,0x0000,943
11:59:39 AM,6,0.00,0,0.00,-1.67,0.00,0.00,100.00,-1.00,-1.00,-1.00,0,1,1,100,0,-1,0.18,0.00,0.18,160,160,0,0.00,0.00,0.00,0.00,0.00,0.00,-1.00,-1.00,0.00,-1.00,-1.00,0.00,-1.00,-1.00,0.00,2.46E-1,1.024E+5,0.00E+0,1.33E-2,-1.00,0.00E+0,1.33E-2,0x0004,0x0000,0x007F,0x0214,0x0000,0x0001,0x0000,0x0000,0x0000,0x0000,0x0000,0x0004,0x0000,0x0000,0x0000,0x0000,0x0000,0x0000,944
11:59:44 AM,6,0.00,0,0.00,-1.67,0.00,0.00,100.00,-1.00,-1.00,-1.00,0,1,1,100,0,-1,0.18,0.00,0.18,160,160,0,0.00,0.00,0.00,0.00,0.00,0.00,-1.00,-1.00,0.00,-1.00,-1.00,0.00,-1.00,-1.00,0.00,2.46E-1,1.024E+5,0.00E+0,1.33E-2,-1.00,0.00E+0,1.33E-2,0x0004,0x0000,0x007F,0x0214,0x0000,0x0001,0x0000,0x0000,0x0000,0x0000,0x0000,0x0004,0x0000,0x0000,0x0000,0x0000,0x0000,0x0000,945
11:59:49 AM,6,0.00,0,0.00,-1.67,0.00,0.00,100.00,-1.00,-1.00,-1.00,0,1,1,100,0,-1,0.18,0.00,0.18,160,160,0,0.00,0.00,0.00,0.00,0.00,0.00,-1.00,-1.00,0.00,-1.00,-1.00,0.00,-1.00,-1.00,0.00,2.42E-1,1.024E+5,0.00E+0,1.33E-2,-1.00,0.00E+0,1.33E-2,0x0004,0x0000,0x007F,0x0214,0x0000,0x0001,0x0000,0x0000,0x0000,0x0000,0x0000,0x0004,0x0000,0x0000,0x0000,0x0000,0x0000,0x0000,946
11:59:54 AM,6,0.00,0,0.00,-1.67,0.00,0.00,100.00,-1.00,-1.00,-1.00,0,1,1,100,0,-1,0.18,0.00,0.18,160,160,0,0.00,0.00,0.00,0.00,0.00,0.00,-1.00,-1.00,0.00,-1.00,-1.00,0.00,-1.00,-1.00,0.00,2.42E-1,1.024E+5,0.00E+0,1.33E-2,-1.00,0.00E+0,1.33E-2,0x0004,0x0000,0x007F,0x0214,0x0000,0x0001,0x0000,0x0000,0x0000,0x0000,0x0000,0x0004,0x0000,0x0000,0x0000,0x0000,0x0000,0x0000,947
11:59:59 AM,6,0.00,0,0.00,-1.67,0.00,0.00,100.00,-1.00,-1.00,-1.00,0,1,1,100,0,-1,0.18,0.00,0.18,160,160,0,0.00,0.00,0.00,0.00,0.00,0.00,-1.00,-1.00,0.00,-1.00,-1.00,0.00,-1.00,-1.00,0.00,2.48E-1,1.024E+5,0.00E+0,1.33E-2,-1.00,0.00E+0,1.33E-2,0x0004,0x0000,0x007F,0x0214,0x0000,0x0001,0x0000,0x0000,0x0000,0x0000,0x0000,0x0004,0x0000,0x0000,0x0000,0x0000,0x0000,0x0000,948
12:00:04 PM,6,0.00,0,0.00,-1.67,0.00,0.00,100.00,-1.00,-1.00,-1.00,0,1,1,100,0,-1,0.18,0.00,0.18,160,160,0,0.00,0.00,0.00,0.00,0.00,0.00,-1.00,-1.00,0.00,-1.00,-1.00,0.00,-1.00,-1.00,0.00,2.42E-1,1.024E+5,0.00E+0,1.33E-2,-1.00,0.00E+0,1.33E-2,0x0004,0x0000,0x007F,0x0214,0x0000,0x0001,0x0000,0x0000,0x0000,0x0000,0x0000,0x0004,0x0000,0x0000,0x0000,0x0000,0x0000,0x0000,949
12:00:09 PM,6,0.00,0,0.00,-1.67,0.00,0.00,100.00,-1.00,-1.00,-1.00,0,1,1,100,0,-1,0.18,0.00,0.18,160,160,0,0.00,0.00,0.00,0.00,0.00,0.00,-1.00,-1.00,0.00,-1.00,-1.00,0.00,-1.00,-1.00,0.00,2.46E-1,1.024E+5,0.00E+0,1.33E-2,-1.00,0.00E+0,1.33E-2,0x0004,0x0000,0x007F,0x0214,0x0000,0x0001,0x0000,0x0000,0x0000,0x0000,0x0000,0x0004,0x0000,0x0000,0x0000,0x0000,0x0000,0x0000,950
12:00:14 PM,6,0.00,0,0.00,-1.67,0.00,0.00,100.00,-1.00,-1.00,-1.00,0,1,1,100,0,-1,0.18,0.00,0.18,160,160,0,0.00,0.00,0.00,0.00,0.00,0.00,-1.00,-1.00,0.00,-1.00,-1.00,0.00,-1.00,-1.00,0.00,2.42E-1,1.024E+5,0.00E+0,1.33E-2,-1.00,0.00E+0,1.33E-2,0x0004,0x0000,0x007F,0x0214,0x0000,0x0001,0x0000,0x0000,0x0000,0x0000,0x0000,0x0004,0x0000,0x0000,0x0000,0x0000,0x0000,0x0000,951
12:00:19 PM,6,0.00,0,0.00,-1.67,0.00,0.00,100.00,-1.00,-1.00,-1.00,0,1,1,100,0,-1,0.18,0.00,0.18,160,160,0,0.00,0.00,0.00,0.00,0.00,0.00,-1.00,-1.00,0.00,-1.00,-1.00,0.00,-1.00,-1.00,0.00,2.44E-1,1.024E+5,0.00E+0,1.33E-2,-1.00,0.00E+0,1.33E-2,0x0004,0x0000,0x007F,0x0214,0x0000,0x0001,0x0000,0x0000,0x0000,0x0000,0x0000,0x0004,0x0000,0x0000,0x0000,0x0000,0x0000,0x0000,952
12:00:24 PM,6,0.00,0,0.00,-1.67,0.00,0.00,100.00,-1.00,-1.00,-1.00,0,1,1,100,0,-1,0.18,0.00,0.18,160,160,0,0.00,0.00,0.00,0.00,0.00,0.00,-1.00,-1.00,0.00,-1.00,-1.00,0.00,-1.00,-1.00,0.00,2.46E-1,1.024E+5,0.00E+0,1.33E-2,-1.00,0.00E+0,1.33E-2,0x0004,0x0000,0x007F,0x0214,0x0000,0x0001,0x0000,0x0000,0x0000,0x0000,0x0000,0x0004,0x0000,0x0000,0x0000,0x0000,0x0000,0x0000,953
12:00:29 PM,6,0.00,0,0.00,-1.67,0.00,0.00,100.00,-1.00,-1.00,-1.00,0,1,1,100,0,-1,0.18,0.00,0.18,160,160,0,0.00,0.00,0.00,0.00,0.00,0.00,-1.00,-1.00,0.00,-1.00,-1.00,0.00,-1.00,-1.00,0.00,2.51E-1,1.024E+5,0.00E+0,1.33E-2,-1.00,0.00E+0,1.33E-2,0x0004,0x0000,0x007F,0x0214,0x0000,0x0001,0x0000,0x0000,0x0000,0x0000,0x0000,0x0004,0x0000,0x0000,0x0000,0x0000,0x0000,0x0000,954
12:00:34 PM,6,0.00,0,0.00,-1.67,0.00,0.00,100.00,-1.00,-1.00,-1.00,0,1,1,100,0,-1,0.18,0.00,0.18,160,160,0,0.00,0.00,0.00,0.00,0.00,0.00,-1.00,-1.00,0.00,-1.00,-1.00,0.00,-1.00,-1.00,0.00,2.46E-1,1.024E+5,0.00E+0,1.33E-2,-1.00,0.00E+0,1.33E-2,0x0004,0x0000,0x007F,0x0214,0x0000,0x0001,0x0000,0x0000,0x0000,0x0000,0x0000,0x0004,0x0000,0x0000,0x0000,0x0000,0x0000,0x0000,955
12:00:39 PM,6,0.00,0,0.00,-1.67,0.00,0.00,100.00,-1.00,-1.00,-1.00,0,1,1,100,0,-1,0.18,0.00,0.18,160,160,0,0.00,0.00,0.00,0.00,0.00,0.00,-1.00,-1.00,0.00,-1.00,-1.00,0.00,-1.00,-1.00,0.00,2.46E-1,1.024E+5,0.00E+0,1.33E-2,-1.00,0.00E+0,1.33E-2,0x0004,0x0000,0x007F,0x0214,0x0000,0x0001,0x0000,0x0000,0x0000,0x0000,0x0000,0x0004,0x0000,0x0000,0x0000,0x0000,0x0000,0x0000,956
12:00:44 PM,6,0.00,0,0.00,-1.67,0.00,0.00,100.00,-1.00,-1.00,-1.00,0,1,1,100,0,-1,0.18,0.00,0.18,160,160,0,0.00,0.00,0.00,0.00,0.00,0.00,-1.00,-1.00,0.00,-1.00,-1.00,0.00,-1.00,-1.00,0.00,2.46E-1,1.024E+5,0.00E+0,1.33E-2,-1.00,0.00E+0,1.33E-2,0x0004,0x0000,0x007F,0x0214,0x0000,0x0001,0x0000,0x0000,0x0000,0x0000,0x0000,0x0004,0x0000,0x0000,0x0000,0x0000,0x0000,0x0000,957
12:00:49 PM,6,0.00,0,0.00,-1.67,0.00,0.00,100.00,-1.00,-1.00,-1.00,0,1,1,100,0,-1,0.18,0.00,0.18,160,160,0,0.00,0.00,0.00,0.00,0.00,0.00,-1.00,-1.00,0.00,-1.00,-1.00,0.00,-1.00,-1.00,0.00,2.42E-1,1.024E+5,0.00E+0,1.33E-2,-1.00,0.00E+0,1.33E-2,0x0004,0x0000,0x007F,0x0214,0x0000,0x0001,0x0000,0x0000,0x0000,0x0000,0x0000,0x0004,0x0000,0x0000,0x0000,0x0000,0x0000,0x0000,958
12:00:54 PM,6,0.00,0,0.00,-1.67,0.00,0.00,100.00,-1.00,-1.00,-1.00,0,1,1,100,0,-1,0.18,0.00,0.18,160,160,0,0.00,0.00,0.00,0.00,0.00,0.00,-1.00,-1.00,0.00,-1.00,-1.00,0.00,-1.00,-1.00,0.00,2.46E-1,1.024E+5,0.00E+0,1.33E-2,-1.00,0.00E+0,1.33E-2,0x0004,0x0000,0x007F,0x0214,0x0000,0x0001,0x0000,0x0000,0x0000,0x0000,0x0000,0x0004,0x0000,0x0000,0x0000,0x0000,0x0000,0x0000,959
12:00:59 PM,6,0.00,0,0.00,-1.67,0.00,0.00,100.00,-1.00,-1.00,-1.00,0,1,1,100,0,-1,0.18,0.00,0.18,160,160,0,0.00,0.00,0.00,0.00,0.00,0.00,-1.00,-1.00,0.00,-1.00,-1.00,0.00,-1.00,-1.00,0.00,2.44E-1,1.024E+5,0.00E+0,1.33E-2,-1.00,0.00E+0,1.33E-2,0x0004,0x0000,0x007F,0x0214,0x0000,0x0001,0x0000,0x0000,0x0000,0x0000,0x0000,0x0004,0x0000,0x0000,0x0000,0x0000,0x0000,0x0000,960
12:01:04 PM,6,0.00,0,0.00,-1.67,0.00,0.00,100.00,-1.00,-1.00,-1.00,0,1,1,100,0,-1,0.18,0.00,0.18,160,160,0,0.00,0.00,0.00,0.00,0.00,0.00,-1.00,-1.00,0.00,-1.00,-1.00,0.00,-1.00,-1.00,0.00,2.46E-1,1.024E+5,0.00E+0,1.33E-2,-1.00,0.00E+0,1.33E-2,0x0004,0x0000,0x007F,0x0214,0x0000,0x0001,0x0000,0x0000,0x0000,0x0000,0x0000,0x0004,0x0000,0x0000,0x0000,0x0000,0x0000,0x0000,961
11:58:05 AM,6,0.00,0,0.00,-1.67,0.00,0.00,100.00,-1.00,-1.00,-1.00,0,1,1,100,0,-1,0.18,0.00,0.18,160,160,0,0.00,0.00,0.00,0.00,0.00,0.00,-1.00,-1.00,0.00,-1.00,-1.00,0.00,-1.00,-1.00,0.00,2.44E-1,1.024E+5,0.00E+0,1.33E-2,-1.00,0.00E+0,1.33E-2,0x0004,0x0000,0x007F,0x0214,0x0000,0x0001,0x0000,0x0000,0x0000,0x0000,0x0000,0x0004,0x0000,0x0000,0x0000,0x0000,0x0000,0x0000,962
11:58:10 AM,6,0.00,0,0.00,-1.67,0.00,0.00,100.00,-1.00,-1.00,-1.00,0,1,1,100,0,-1,0.18,0.00,0.18,160,160,0,0.00,0.00,0.00,0.00,0.00,0.00,-1.00,-1.00,0.00,-1.00,-1.00,0.00,-1.00,-1.00,0.00,2.42E-1,1.024E+5,0.00E+0,1.33E-2,-1.00,0.00E+0,1.33E-2,0x0004,0x0000,0x007F,0x0214,0x0000,0x0001,0x0000,0x0000,0x0000,0x0000,0x0000,0x0004,0x0000,0x0000,0x0000,0x0000,0x0000,0x0000,963
11:58:15 AM,6,0.00,0,0.00,-1.67,0.00,0.00,100.00,-1.00,-1.00,-1.00,0,1,1,100,0,-1,0.18,0.00,0.18,160,160,0,0.00,0.00,0.00,0.00,0.00,0.00,-1.00,-1.00,0.00,-1.00,-1.00,0.00,-1.00,-1.00,0.00,2.42E-1,1.024E+5,0.00E+0,1.33E-2,-1.00,0.00E+0,1.33E-2,0x0004,0x0000,0x007F,0x0214,0x0000,0x0001,0x0000,0x0000,0x0000,0x0000,0x0000,0x0004,0x0000,0x0000,0x0000,0x0000,0x0000,0x0000,964
11:58:20 AM,6,0.00,0,0.00,-1.67,0.00,0.00,100.00,-1.00,-1.00,-1.00,0,1,1,100,0,-1,0.18,0.00,0.18,160,160,0,0.00,0.00,0.00,0.00,0.00,0.00,-1.00,-1.00,0.00,-1.00,-1.00,0.00,-1.00,-1.00,0.00,2.46E-1,1.024E+5,0.00E+0,1.33E-2,-1.00,0.00E+0,1.33E-2,0x0004,0x0000,0x007F,0x0214,0x0000,0x0001,0x0000,0x0000,0x0000,0x0000,0x0000,0x0004,0x0000,0x0000,0x0000,0x0000,0x0000,0x0000,965
11:58:25 AM,6,0.00,0,0.00,-1.67,0.00,0.00,100.00,-1.00,-1.00,-1.00,0,1,1,100,0,-1,0.18,0.00,0.18,160,160,0,0.00,0.00,0.00,0.00,0.00,0.00,-1.00,-1.00,0.00,-1.00,-1.00,0.00,-1.00,-1.00,0.00,2.46E-1,1.024E+5,0.00E+0,1.33E-2,-1.00,0.00E+0,1.33E-2,0x0004,0x0000,0x007F,0x0214,0x0000,0x0001,0x0000,0x0000,0x0000,0x0000,0x0000,0x0004,0x0000,0x0000,0x0000,0x0000,0x0000,0x0000,966
11:58:30 AM,6,0.00,0,0.00,-1.67,0.00,0.00,100.00,-1.00,-1.00,-1.00,0,1,1,100,0,-1,0.18,0.00,0.18,160,160,0,0.00,0.00,0.00,0.00,0.00,0.00,-1.00,-1.00,0.00,-1.00,-1.00,0.00,-1.00,-1.00,0.00,2.46E-1,1.024E+5,0.00E+0,1.33E-2,-1.00,0.00E+0,1.33E-2,0x0004,0x0000,0x007F,0x0214,0x0000,0x0001,0x0000,0x0000,0x0000,0x0000,0x0000,0x0004,0x0000,0x0000,0x0000,0x0000,0x0000,0x0000,967
11:58:35 AM,6,0.00,0,0.00,-1.67,0.00,0.00,100.00,-1.00,-1.00,-1.00,0,1,1,100,0,-1,0.18,0.00,0.18,160,160,0,0.00,0.00,0.00,0.00,0.00,0.00,-1.00,-1.00,0.00,-1.00,-1.00,0.00,-1.00,-1.00,0.00,2.44E-1,1.024E+5,0.00E+0,1.33E-2,-1.00,0.00E+0,1.33E-2,0x0004,0x0000,0x007F,0x0214,0x0000,0x0001,0x0000,0x0000,0x0000,0x0000,0x0000,0x0004,0x0000,0x0000,0x0000,0x0000,0x0000,0x0000,968
11:58:40 AM,6,0.00,0,0.00,-1.67,0.00,0.00,100.00,-1.00,-1.00,-1.00,0,1,1,100,0,-1,0.18,0.00,0.18,160,160,0,0.00,0.00,0.00,0.00,0.00,0.00,-1.00,-1.00,0.00,-1.00,-1.00,0.00,-1.00,-1.00,0.00,2.42E-1,1.024E+5,0.00E+0,1.33E-2,-1.00,0.00E+0,1.33E-2,0x0004,0x0000,0x007F,0x0214,0x0000,0x0001,0x0000,0x0000,0x0000,0x0000,0x0000,0x0004,0x0000,0x0000,0x0000,0x0000,0x0000,0x0000,969
11:58:45 AM,6,0.00,0,0.00,-1.67,0.00,0.00,100.00,-1.00,-1.00,-1.00,0,1,1,100,0,-1,0.18,0.00,0.18,160,160,0,0.00,0.00,0.00,0.00,0.00,0.00,-1.00,-1.00,0.00,-1.00,-1.00,0.00,-1.00,-1.00,0.00,2.40E-1,1.024E+5,0.00E+0,1.33E-2,-1.00,0.00E+0,1.33E-2,0x0004,0x0000,0x007F,0x0214,0x0000,0x0001,0x0000,0x0000,0x0000,0x0000,0x0000,0x0004,0x0000,0x0000,0x0000,0x0000,0x0000,0x0000,970
11:58:50 AM,6,0.00,0,0.00,-1.67,0.00,0.00,100.00,-1.00,-1.00,-1.00,0,1,1,100,0,-1,0.18,0.00,0.18,160,160,0,0.00,0.00,0.00,0.00,0.00,0.00,-1.00,-1.00,0.00,-1.00,-1.00,0.00,-1.00,-1.00,0.00,2.42E-1,1.024E+5,0.00E+0,1.33E-2,-1.00,0.00E+0,1.33E-2,0x0004,0x0000,0x007F,0x0214,0x0000,0x0001,0x0000,0x0000,0x0000,0x0000,0x0000,0x0004,0x0000,0x0000,0x0000,0x0000,0x0000,0x0000,971
11:58:55 AM,6,0.00,0,0.00,-1.67,0.00,0.00,100.00,-1.00,-1.00,-1.00,0,1,1,100,0,-1,0.18,0.00,0.18,160,160,0,0.00,0.00,0.00,0.00,0.00,0.00,-1.00,-1.00,0.00,-1.00,-1.00,0.00,-1.00,-1.00,0.00,2.44E-1,1.024E+5,0.00E+0,1.33E-2,-1.00,0.00E+0,1.33E-2,0x0004,0x0000,0x007F,0x0214,0x0000,0x0001,0x0000,0x0000,0x0000,0x0000,0x0000,0x0004,0x0000,0x0000,0x0000,0x0000,0x0000,0x0000,972
11:59:00 AM,6,0.00,0,0.00,-1.67,0.00,0.00,100.00,-1.00,-1.00,-1.00,0,1,1,100,0,-1,0.18,0.00,0.18,160,160,0,0.00,0.00,0.00,0.00,0.00,0.00,-1.00,-1.00,0.00,-1.00,-1.00,0.00,-1.00,-1.00,0.00,2.37E-1,1.024E+5,0.00E+0,1.33E-2,-1.00,0.00E+0,1.33E-2,0x0004,0x0000,0x007F,0x0214,0x0000,0x0001,0x0000,0x0000,0x0000,0x0000,0x0000,0x0004,0x0000,0x0000,0x0000,0x0000,0x0000,0x0000,973
11:59:05 AM,6,0.00,0,0.00,-1.67,0.00,0.00,100.00,-1.00,-1.00,-1.00,0,1,1,100,0,-1,0.18,0.00,0.18,160,160,0,0.00,0.00,0.00,0.00,0.00,0.00,-1.00,-1.00,0.00,-1.00,-1.00,0.00,-1.00,-1.00,0.00,2.44E-1,1.024E+5,0.00E+0,1.33E-2,-1.00,0.00E+0,1.33E-2,0x0004,0x0000,0x007F,0x0214,0x0000,0x0001,0x0000,0x0000,0x0000,0x0000,0x0000,0x0004,0x0000,0x0000,0x0000,0x0000,0x0000,0x0000,974
11:59:10 AM,6,0.00,0,0.00,-1.67,0.00,0.00,100.00,-1.00,-1.00,-1.00,0,1,1,100,0,-1,0.18,0.00,0.18,160,160,0,0.00,0.00,0.00,0.00,0.00,0.00,-1.00,-1.00,0.00,-1.00,-1.00,0.00,-1.00,-1.00,0.00,2.46E-1,1.024E+5,0.00E+0,1.33E-2,-1.00,0.00E+0,1.33E-2,0x0004,0x0000,0x007F,0x0214,0x0000,0x0001,0x0000,0x0000,0x0000,0x0000,0x0000,0x0004,0x0000,0x0000,0x0000,0x0000,0x0000,0x0000,975
11:59:15 AM,6,0.00,0,0.00,-1.67,0.00,0.00,100.00,-1.00,-1.00,-1.00,0,1,1,100,0,-1,0.18,0.00,0.18,160,160,0,0.00,0.00,0.00,0.00,0.00,0.00,-1.00,-1.00,0.00,-1.00,-1.00,0.00,-1.00,-1.00,0.00,2.46E-1,1.024E+5,0.00E+0,1.33E-2,-1.00,0.00E+0,1.33E-2,0x0004,0x0000,0x007F,0x0214,0x0000,0x0001,0x0000,0x0000,0x0000,0x0000,0x0000,0x0004,0x0000,0x0000,0x0000,0x0000,0x0000,0x0000,976
11:59:20 AM,6,0.00,0,0.00,-1.67,0.00,0.00,100.00,-1.00,-1.00,-1.00,0,1,1,100,0,-1,0.18,0.00,0.18,160,160,0,0.00,0.00,0.00,0.00,0.00,0.00,-1.00,-1.00,0.00,-1.00,-1.00,0.00,-1.00,-1.00,0.00,2.46E-1,1.024E+5,0.00E+0,1.33E-2,-1.00,0.00E+0,1.33E-2,0x0004,0x0000,0x007F,0x0214,0x0000,0x0001,0x0000,0x0000,0x0000,0x0000,0x0000,0x0004,0x0000,0x0000,0x0000,0x0000,0x0000,0x0000,977
11:59:25 AM,6,0.00,0,0.00,-1.67,0.00,0.00,100.00,-1.00,-1.00,-1.00,0,1,1,100,0,-1,0.18,0.00,0.18,160,160,0,0.00,0.00,0.00,0.00,0.00,0.00,-1.00,-1.00,0.00,-1.00,-1.00,0.00,-1.00,-1.00,0.00,2.42E-1,1.024E+5,0.00E+0,1.33E-2,-1.00,0.00E+0,1.33E-2,0x0004,0x0000,0x007F,0x0214,0x0000,0x0001,0x0000,0x0000,0x0000,0x0000,0x0000,0x0004,0x0000,0x0000,0x0000,0x0000,0x0000,0x0000,978
11:59:30 AM,6,0.00,0,0.00,-1.67,0.00,0.00,100.00,-1.00,-1.00,-1.00,0,1,1,100,0,-1,0.18,0.00,0.18,160,160,0,0.00,0.00,0.00,0.00,0.00,0.00,-1.00,-1.00,0.00,-1.00,-1.00,0.00,-1.00,-1.00,0.00,2.42E-1,1.024E+5,0.00E+0,1.33E-2,-1.00,0.00E+0,1.33E-2,0x0004,0x0000,0x007F,0x0214,0x0000,0x0001,0x0000,0x0000,0x0000,0x0000,0x0000,0x0004,0x0000,0x0000,0x0000,0x0000,0x0000,0x0000,979
11:59:35 AM,6,0.00,0,0.00,-1.67,0.00,0.00,100.00,-1.00,-1.00,-1.00,0,1,1,100,0,-1,0.18,0.00,0.18,160,160,0,0.00,0.00,0.00,0.00,0.00,0.00,-1.00,-1.00,0.00,-1.00,-1.00,0.00,-1.00,-1.00,0.00,2.42E-1,1.024E+5,0.00E+0,1.33E-2,-1.00,0.00E+0,1.33E-2,0x0004,0x0000,0x007F,0x0214,0x0000,0x0001,0x0000,0x0000,0x0000,0x0000,0x0000,0x0004,0x0000,0x0000,0x0000,0x0000,0x0000,0x0000,980
11:59:39 AM,6,0.00,0,0.00,-1.67,0.00,0.00,100.00,-1.00,-1.00,-1.00,0,1,1,100,0,-1,0.18,0.00,0.18,160,160,0,0.00,0.00,0.00,0.00,0.00,0.00,-1.00,-1.00,0.00,-1.00,-1.00,0.00,-1.00,-1.00,0.00,2.46E-1,1.024E+5,0.00E+0,1.33E-2,-1.00,0.00E+0,1.33E-2,0x0004,0x0000,0x007F,0x0214,0x0000,0x0001,0x0000,0x0000,0x0000,0x0000,0x0000,0x0004,0x0000,0x0000,0x0000,0x0000,0x0000,0x0000,981
11:59:44 AM,6,0.00,0,0.00,-1.67,0.00,0.00,100.00,-1.00,-1.00,-1.00,0,1,1,100,0,-1,0.18,0.00,0.18,160,160,0,0.00,0.00,0.00,0.00,0.00,0.00,-1.00,-1.00,0.00,-1.00,-1.00,0.00,-1.00,-1.00,0.00,2.46E-1,1.024E+5,0.00E+0,1.33E-2,-1.00,0.00E+0,1.33E-2,0x0004,0x0000,0x007F,0x0214,0x0000,0x0001,0x0000,0x0000,0x0000,0x0000,0x0000,0x0004,0x0000,0x0000,0x0000,0x0000,0x0000,0x0000,982
11:59:49 AM,6,0.00,0,0.00,-1.67,0.00,0.00,100.00,-1.00,-1.00,-1.00,0,1,1,100,0,-1,0.18,0.00,0.18,160,160,0,0.00,0.00,0.00,0.00,0.00,0.00,-1.00,-1.00,0.00,-1.00,-1.00,0.00,-1.00,-1.00,0.00,2.42E-1,1.024E+5,0.00E+0,1.33E-2,-1.00,0.00E+0,1.33E-2,0x0004,0x0000,0x007F,0x0214,0x0000,0x0001,0x0000,0x0000,0x0000,0x0000,0x0000,0x0004,0x0000,0x0000,0x0000,0x0000,0x0000,0x0000,983
11:59:54 AM,6,0.00,0,0.00,-1.67,0.00,0.00,100.00,-1.00,-1.00,-1.00,0,1,1,100,0,-1,0.18,0.00,0.18,160,160,0,0.00,0.00,0.00,0.00,0.00,0.00,-1.00,-1.00,0.00,-1.00,-1.00,0.00,-1.00,-1.00,0.00,2.42E-1,1.024E+5,0.00E+0,1.33E-2,-1.00,0.00E+0,1.33E-2,0x0004,0x0000,0x007F,0x0214,0x0000,0x0001,0x0000,0x0000,0x0000,0x0000,0x0000,0x0004,0x0000,0x0000,0x0000,0x0000,0x0000,0x0000,984
11:59:59 AM,6,0.00,0,0.00,-1.67,0.00,0.00,100.00,-1.00,-1.00,-1.00,0,1,1,100,0,-1,0.18,0.00,0.18,160,160,0,0.00,0.00,0.00,0.00,0.00,0.00,-1.00,-1.00,0.00,-1.00,-1.00,0.00,-1.00,-1.00,0.00,2.48E-1,1.024E+5,0.00E+0,1.33E-2,-1.00,0.00E+0,1.33E-2,0x0004,0x0000,0x007F,0x0214,0x0000,0x0001,0x0000,0x0000,0x0000,0x0000,0x0000,0x0004,0x0000,0x0000,0x0000,0x0000,0x0000,0x0000,985
12:00:04 PM,6,0.00,0,0.00,-1.67,0.00,0.00,100.00,-1.00,-1.00,-1.00,0,1,1,100,0,-1,0.18,0.00,0.18,160,160,0,0.00,0.00,0.00,0.00,0.00,0.00,-1.00,-1.00,0.00,-1.00,-1.00,0.00,-1.00,-1.00,0.00,2.42E-1,1.024E+5,0.00E+0,1.33E-2,-1.00,0.00E+0,1.33E-2,0x0004,0x0000,0x007F,0x0214,0x0000,0x0001,0x0000,0x0000,0x0000,0x0000,0x0000,0x0004,0x0000,0x0000,0x0000,0x0000,0x0000,0x0000,986
12:00:09 PM,6,0.00,0,0.00,-1.67,0.00,0.00,100.00,-1.00,-1.00,-1.00,0,1,1,100,0,-1,0.18,0.00,0.18,160,160,0,0.00,0.00,0.00,0.00,0.00,0.00,-1.00,-1.00,0.00,-1.00,-1.00,0.00,-1.00,-1.00,0.00,2.46E-1,1.024E+5,0.00E+0,1.33E-2,-1.00,0.00E+0,1.33E-2,0x0004,0x0000,0x007F,0x0214,0x0000,0x0001,0x0000,0x0000,0x0000,0x0000,0x0000,0x0004,0x0000,0x0000,0x0000,0x0000,0x0000,0x0000,987
12:00:14 PM,6,0.00,0,0.00,-1.67,0.00,0.00,100.00,-1.00,-1.00,-1.00,0,1,1,100,0,-1,0.18,0.00,0.18,160,160,0,0.00,0.00,0.00,0.00,0.00,0.00,-1.00,-1.00,0.00,-1.00,-1.00,0.00,-1.00,-1.00,0.00,2.42E-1,1.024E+5,0.00E+0,1.33E-2,-1.00,0.00E+0,1.33E-2,0x0004,0x0000,0x007F,0x0214,0x0000,0x0001,0x0000,0x0000,0x0000,0x0000,0x0000,0x0004,0x0000,0x0000,0x0000,0x0000,0x0000,0x0000,988
12:00:19 PM,6,0.00,0,0.00,-1.67,0.00,0.00,100.00,-1.00,-1.00,-1.00,0,1,1,100,0,-1,0.18,0.00,0.18,160,160,0,0.00,0.00,0.00,0.00,0.00,0.00,-1.00,-1.00,0.00,-1.00,-1.00,0.00,-1.00,-1.00,0.00,2.44E-1,1.024E+5,0.00E+0,1.33E-2,-1.00,0.00E+0,1.33E-2,0x0004,0x0000,0x007F,0x0214,0x0000,0x0001,0x0000,0x0000,0x0000,0x0000,0x0000,0x0004,0x0000,0x0000,0x0000,0x0000,0x0000,0x0000,989
12:00:24 PM,6,0.00,0,0.00,-1.67,0.00,0.00,100.00,-1.00,-1.00,-1.00,0,1,1,100,0,-1,0.18,0.00,0.18,160,160,0,0.00,0.00,0.00,0.00,0.00,0.00,-1.00,-1.00,0.00,-1.00,-1.00,0.00,-1.00,-1.00,0.00,2.46E-1,1.024E+5,0.00E+0,1.33E-2,-1.00,0.00E+0,1.33E-2,0x0004,0x0000,0x007F,0x0214,0x0000,0x0001,0x0000,0x0000,0x0000,0x0000,0x0000,0x0004,0x0000,0x0000,0x0000,0x0000,0x0000,0x0000,990
12:00:29 PM,6,0.00,0,0.00,-1.67,0.00,0.00,100.00,-1.00,-1.00,-1.00,0,1,1,100,0,-1,0.18,0.00,0.18,160,160,0,0.00,0.00,0.00,0.00,0.00,0.00,-1.00,-1.00,0.00,-1.00,-1.00,0.00,-1.00,-1.00,0.00,2.51E-1,1.024E+5,0.00E+0,1.33E-2,-1.00,0.00E+0,1.33E-2,0x0004,0x0000,0x007F,0x0214,0x0000,0x0001,0x0000,0x0000,0x0000,0x0000,0x0000,0x0004,0x0000,0x0000,0x0000,0x0000,0x0000,0x0000,991
12:00:34 PM,6,0.00,0,0.00,-1.67,0.00,0.00,100.00,-1.00,-1.00,-1.00,0,1,1,100,0,-1,0.18,0.00,0.18,160,160,0,0.00,0.00,0.00,0.00,0.00,0.00,-1.00,-1.00,0.00,-1.00,-1.00,0.00,-1.00,-1.00,0.00,2.46E-1,1.024E+5,0.00E+0,1.33E-2,-1.00,0.00E+0,1.33E-2,0x0004,0x0000,0x007F,0x0214,0x0000,0x0001,0x0000,0x0000,0x0000,0x0000,0x0000,0x0004,0x0000,0x0000,0x0000,0x0000,0x0000,0x0000,992
12:00:39 PM,6,0.00,0,0.00,-1.67,0.00,0.00,100.00,-1.00,-1.00,-1.00,0,1,1,100,0,-1,0.18,0.00,0.18,160,160,0,0.00,0.00,0.00,0.00,0.00,0.00,-1.00,-1.00,0.00,-1.00,-1.00,0.00,-1.00,-1.00,0.00,2.46E-1,1.024E+5,0.00E+0,1.33E-2,-1.00,0.00E+0,1.33E-2,0x0004,0x0000,0x007F,0x0214,0x0000,0x0001,0x0000,0x0000,0x0000,0x0000,0x0000,0x0004,0x0000,0x0000,0x0000,0x0000,0x0000,0x0000,993
12:00:44 PM,6,0.00,0,0.00,-1.67,0.00,0.00,100.00,-1.00,-1.00,-1.00,0,1,1,100,0,-1,0.18,0.00,0.18,160,160,0,0.00,0.00,0.00,0.00,0.00,0.00,-1.00,-1.00,0.00,-1.00,-1.00,0.00,-1.00,-1.00,0.00,2.46E-1,1.024E+5,0.00E+0,1.33E-2,-1.00,0.00E+0,1.33E-2,0x0004,0x0000,0x007F,0x0214,0x0000,0x0001,0x0000,0x0000,0x0000,0x0000,0x0000,0x0004,0x0000,0x0000,0x0000,0x0000,0x0000,0x0000,994
12:00:49 PM,6,0.00,0,0.00,-1.67,0.00,0.00,100.00,-1.00,-1.00,-1.00,0,1,1,100,0,-1,0.18,0.00,0.18,160,160,0,0.00,0.00,0.00,0.00,0.00,0.00,-1.00,-1.00,0.00,-1.00,-1.00,0.00,-1.00,-1.00,0.00,2.42E-1,1.024E+5,0.00E+0,1.33E-2,-1.00,0.00E+0,1.33E-2,0x0004,0x0000,0x007F,0x0214,0x0000,0x0001,0x0000,0x0000,0x0000,0x0000,0x0000,0x0004,0x0000,0x0000,0x0000,0x0000,0x0000,0x0000,995
12:00:54 PM,6,0.00,0,0.00,-1.67,0.00,0.00,100.00,-1.00,-1.00,-1.00,0,1,1,100,0,-1,0.18,0.00,0.18,160,160,0,0.00,0.00,0.00,0.00,0.00,0.00,-1.00,-1.00,0.00,-1.00,-1.00,0.00,-1.00,-1.00,0.00,2.46E-1,1.024E+5,0.00E+0,1.33E-2,-1.00,0.00E+0,1.33E-2,0x0004,0x0000,0x007F,0x0214,0x0000,0x0001,0x0000,0x0000,0x0000,0x0000,0x0000,0x0004,0x0000,0x0000,0x0000,0x0000,0x0000,0x0000,996
12:00:59 PM,6,0.00,0,0.00,-1.67,0.00,0.00,100.00,-1.00,-1.00,-1.00,0,1,1,100,0,-1,0.18,0.00,0.18,160,160,0,0.00,0.00,0.00,0.00,0.00,0.00,-1.00,-1.00,0.00,-1.00,-1.00,0.00,-1.00,-1.00,0.00,2.44E-1,1.024E+5,0.00E+0,1.33E-2,-1.00,0.00E+0,1.33E-2,0x0004,0x0000,0x007F,0x0214,0x0000,0x0001,0x0000,0x0000,0x0000,0x0000,0x0000,0x0004,0x0000,0x0000,0x0000,0x0000,0x0000,0x0000,997
12:01:04 PM,6,0.00,0,0.00,-1.67,0.00,0.00,100.00,-1.00,-1.00,-1.00,0,1,1,100,0,-1,0.18,0.00,0.18,160,160,0,0.00,0.00,0.00,0.00,0.00,0.00,-1.00,-1.00,0.00,-1.00,-1.00,0.00,-1.00,-1.00,0.00,2.46E-1,1.024E+5,0.00E+0,1.33E-2,-1.00,0.00E+0,1.33E-2,0x0004,0x0000,0x007F,0x0214,0x0000,0x0001,0x0000,0x0000,0x0000,0x0000,0x0000,0x0004,0x0000,0x0000,0x0000,0x0000,0x0000,0x0000,998
11:58:05 AM,6,0.00,0,0.00,-1.67,0.00,0.00,100.00,-1.00,-1.00,-1.00,0,1,1,100,0,-1,0.18,0.00,0.18,160,160,0,0.00,0.00,0.00,0.00,0.00,0.00,-1.00,-1.00,0.00,-1.00,-1.00,0.00,-1.00,-1.00,0.00,2.44E-1,1.024E+5,0.00E+0,1.33E-2,-1.00,0.00E+0,1.33E-2,0x0004,0x0000,0x007F,0x0214,0x0000,0x0001,0x0000,0x0000,0x0000,0x0000,0x0000,0x0004,0x0000,0x0000,0x0000,0x0000,0x0000,0x0000,999
11:58:10 AM,6,0.00,0,0.00,-1.67,0.00,0.00,100.00,-1.00,-1.00,-1.00,0,1,1,100,0,-1,0.18,0.00,0.18,160,160,0,0.00,0.00,0.00,0.00,0.00,0.00,-1.00,-1.00,0.00,-1.00,-1.00,0.00,-1.00,-1.00,0.00,2.42E-1,1.024E+5,0.00E+0,1.33E-2,-1.00,0.00E+0,1.33E-2,0x0004,0x0000,0x007F,0x0214,0x0000,0x0001,0x0000,0x0000,0x0000,0x0000,0x0000,0x0004,0x0000,0x0000,0x0000,0x0000,0x0000,0x0000,1000
11:58:15 AM,6,0.00,0,0.00,-1.67,0.00,0.00,100.00,-1.00,-1.00,-1.00,0,1,1,100,0,-1,0.18,0.00,0.18,160,160,0,0.00,0.00,0.00,0.00,0.00,0.00,-1.00,-1.00,0.00,-1.00,-1.00,0.00,-1.00,-1.00,0.00,2.42E-1,1.024E+5,0.00E+0,1.33E-2,-1.00,0.00E+0,1.33E-2,0x0004,0x0000,0x007F,0x0214,0x0000,0x0001,0x0000,0x0000,0x0000,0x0000,0x0000,0x0004,0x0000,0x0000,0x0000,0x0000,0x0000,0x0000,1001
11:58:20 AM,6,0.00,0,0.00,-1.67,0.00,0.00,100.00,-1.00,-1.00,-1.00,0,1,1,100,0,-1,0.18,0.00,0.18,160,160,0,0.00,0.00,0.00,0.00,0.00,0.00,-1.00,-1.00,0.00,-1.00,-1.00,0.00,-1.00,-1.00,0.00,2.46E-1,1.024E+5,0.00E+0,1.33E-2,-1.00,0.00E+0,1.33E-2,0x0004,0x0000,0x007F,0x0214,0x0000,0x0001,0x0000,0x0000,0x0000,0x0000,0x0000,0x0004,0x0000,0x0000,0x0000,0x0000,0x0000,0x0000,1002
11:58:25 AM,6,0.00,0,0.00,-1.67,0.00,0.00,100.00,-1.00,-1.00,-1.00,0,1,1,100,0,-1,0.18,0.00,0.18,160,160,0,0.00,0.00,0.00,0.00,0.00,0.00,-1.00,-1.00,0.00,-1.00,-1.00,0.00,-1.00,-1.00,0.00,2.46E-1,1.024E+5,0.00E+0,1.33E-2,-1.00,0.00E+0,1.33E-2,0x0004,0x0000,0x007F,0x0214,0x0000,0x0001,0x0000,0x0000,0x0000,0x0000,0x0000,0x0004,0x0000,0x0000,0x0000,0x0000,0x0000,0x0000,1003
11:58:30 AM,6,0.00,0,0.00,-1.67,0.00,0.00,100.00,-1.00,-1.00,-1.00,0,1,1,100,0,-1,0.18,0.00,0.18,160,160,0,0.00,0.00,0.00,0.00,0.00,0.00,-1.00,-1.00,0.00,-1.00,-1.00,0.00,-1.00,-1.00,0.00,2.46E-1,1.024E+5,0.00E+0,1.33E-2,-1.00,0.00E+0,1.33E-2,0x0004,0x0000,0x007F,0x0214,0x0000,0x0001,0x0000,0x0000,0x0000,0x0000,0x0000,0x0004,0x0000,0x0000,0x0000,0x0000,0x0000,0x0000,1004
11:58:35 AM,6,0.00,0,0.00,-1.67,0.00,0.00,100.00,-1.00,-1.00,-1.00,0,1,1,100,0,-1,0.18,0.00,0.18,160,160,0,0.00,0.00,0.00,0.00,0.00,0.00,-1.00,-1.00,0.00,-1.00,-1.00,0.00,-1.00,-1.00,0.00,2.44E-1,1.024E+5,0.00E+0,1.33E-2,-1.00,0.00E+0,1.33E-2,0x0004,0x0000,0x007F,0x0214,0x0000,0x0001,0x0000,0x0000,0x0000,0x0000,0x0000,0x0004,0x0000,0x0000,0x0000,0x0000,0x0000,0x0000,1005
11:58:40 AM,6,0.00,0,0.00,-1.67,0.00,0.00,100.00,-1.00,-1.00,-1.00,0,1,1,100,0,-1,0.18,0.00,0.18,160,160,0,0.00,0.00,0.00,0.00,0.00,0.00,-1.00,-1.00,0.00,-1.00,-1.00,0.00,-1.00,-1.00,0.00,2.42E-1,1.024E+5,0.00E+0,1.33E-2,-1.00,0.00E+0,1.33E-2,0x0004,0x0000,0x007F,0x0214,0x0000,0x0001,0x0000,0x0000,0x0000,0x0000,0x0000,0x0004,0x0000,0x0000,0x0000,0x0000,0x0000,0x0000,1006
11:58:45 AM,6,0.00,0,0.00,-1.67,0.00,0.00,100.00,-1.00,-1.00,-1.00,0,1,1,100,0,-1,0.18,0.00,0.18,160,160,0,0.00,0.00,0.00,0.00,0.00,0.00,-1.00,-1.00,0.00,-1.00,-1.00,0.00,-1.00,-1.00,0.00,2.40E-1,1.024E+5,0.00E+0,1.33E-2,-1.00,0.00E+0,1.33E-2,0x0004,0x0000,0x007F,0x0214,0x0000,0x0001,0x0000,0x0000,0x0000,0x0000,0x0000,0x0004,0x0000,0x0000,0x0000,0x0000,0x0000,0x0000,1007
11:58:50 AM,6,0.00,0,0.00,-1.67,0.00,0.00,100.00,-1.00,-1.00,-1.00,0,1,1,100,0,-1,0.18,0.00,0.18,160,160,0,0.00,0.00,0.00,0.00,0.00,0.00,-1.00,-1.00,0.00,-1.00,-1.00,0.00,-1.00,-1.00,0.00,2.42E-1,1.024E+5,0.00E+0,1.33E-2,-1.00,0.00E+0,1.33E-2,0x0004,0x0000,0x007F,0x0214,0x0000,0x0001,0x0000,0x0000,0x0000,0x0000,0x0000,0x0004,0x0000,0x0000,0x0000,0x0000,0x0000,0x0000,1008
11:58:55 AM,6,0.00,0,0.00,-1.67,0.00,0.00,100.00,-1.00,-1.00,-1.00,0,1,1,100,0,-1,0.18,0.00,0.18,160,160,0,0.00,0.00,0.00,0.00,0.00,0.00,-1.00,-1.00,0.00,-1.00,-1.00,0.00,-1.00,-1.00,0.00,2.44E-1,1.024E+5,0.00E+0,1.33E-2,-1.00,0.00E+0,1.33E-2,0x0004,0x0000,0x007F,0x0214,0x0000,0x0001,0x0000,0x0000,0x0000,0x0000,0x0000,0x0004,0x0000,0x0000,0x0000,0x0000,0x0000,0x0000,1009
11:59:00 AM,6,0.00,0,0.00,-1.67,0.00,0.00,100.00,-1.00,-1.00,-1.00,0,1,1,100,0,-1,0.18,0.00,0.18,160,160,0,0.00,0.00,0.00,0.00,0.00,0.00,-1.00,-1.00,0.00,-1.00,-1.00,0.00,-1.00,-1.00,0.00,2.37E-1,1.024E+5,0.00E+0,1.33E-2,-1.00,0.00E+0,1.33E-2,0x0004,0x0000,0x007F,0x0214,0x0000,0x0001,0x0000,0x0000,0x0000,0x0000,0x0000,0x0004,0x0000,0x0000,0x0000,0x0000,0x0000,0x0000,1010
11:59:05 AM,6,0.00,0,0.00,-1.67,0.00,0.00,100.00,-1.00,-1.00,-1.00,0,1,1,100,0,-1,0.18,0.00,0.18,160,160,0,0.00,0.00,0.00,0.00,0.00,0.00,-1.00,-1.00,0.00,-1.00,-1.00,0.00,-1.00,-1.00,0.00,2.44E-1,1.024E+5,0.00E+0,1.33E-2,-1.00,0.00E+0,1.33E-2,0x0004,0x0000,0x007F,0x0214,0x0000,0x0001,0x0000,0x0000,0x0000,0x0000,0x0000,0x0004,0x0000,0x0000,0x0000,0x0000,0x0000,0x0000,1011
11:59:10 AM,6,0.00,0,0.00,-1.67,0.00,0.00,100.00,-1.00,-1.00,-1.00,0,1,1,100,0,-1,0.18,0.00,0.18,160,160,0,0.00,0.00,0.00,0.00,0.00,0.00,-1.00,-1.00,0.00,-1.00,-1.00,0.00,-1.00,-1.00,0.00,2.46E-1,1.024E+5,0.00E+0,1.33E-2,-1.00,0.00E+0,1.33E-2,0x0004,0x0000,0x007F,0x0214,0x0000,0x0001,0x0000,0x0000,0x0000,0x0000,0x0000,0x0004,0x0000,0x0000,0x0000,0x0000,0x0000,0x0000,1012
11:59:15 AM,6,0.00,0,0.00,-1.67,0.00,0.00,100.00,-1.00,-1.00,-1.00,0,1,1,100,0,-1,0.18,0.00,0.18,160,160,0,0.00,0.00,0.00,0.00,0.00,0.00,-1.00,-1.00,0.00,-1.00,-1.00,0.00,-1.00,-1.00,0.00,2.46E-1,1.024E+5,0.00E+0,1.33E-2,-1.00,0.00E+0,1.33E-2,0x0004,0x0000,0x007F,0x0214,0x0000,0x0001,0x0000,0x0000,0x0000,0x0000,0x0000,0x0004,0x0000,0x0000,0x0000,0x0000,0x0000,0x0000,1013
11:59:20 AM,6,0.00,0,0.00,-1.67,0.00,0.00,100.00,-1.00,-1.00,-1.00,0,1,1,100,0,-1,0.18,0.00,0.18,160,160,0,0.00,0.00,0.00,0.00,0.00,0.00,-1.00,-1.00,0.00,-1.00,-1.00,0.00,-1.00,-1.00,0.00,2.46E-1,1.024E+5,0.00E+0,1.33E-2,-1.00,0.00E+0,1.33E-2,0x0004,0x0000,0x007F,0x0214,0x0000,0x0001,0x0000,0x0000,0x0000,0x0000,0x0000,0x0004,0x0000,0x0000,0x0000,0x0000,0x0000,0x0000,1014
11:59:25 AM,6,0.00,0,0.00,-1.67,0.00,0.00,100.00,-1.00,-1.00,-1.00,0,1,1,100,0,-1,0.18,0.00,0.18,160,160,0,0.00,0.00,0.00,0.00,0.00,0.00,-1.00,-1.00,0.00,-1.00,-1.00,0.00,-1.00,-1.00,0.00,2.42E-1,1.024E+5,0.00E+0,1.33E-2,-1.00,0.00E+0,1.33E-2,0x0004,0x0000,0x007F,0x0214,0x0000,0x0001,0x0000,0x0000,0x0000,0x0000,0x0000,0x0004,0x0000,0x0000,0x0000,0x0000,0x0000,0x0000,1015
11:59:30 AM,6,0.00,0,0.00,-1.67,0.00,0.00,100.00,-1.00,-1.00,-1.00,0,1,1,100,0,-1,0.18,0.00,0.18,160,160,0,0.00,0.00,0.00,0.00,0.00,0.00,-1.00,-1.00,0.00,-1.00,-1.00,0.00,-1.00,-1.00,0.00,2.42E-1,1.024E+5,0.00E+0,1.33E-2,-1.00,0.00E+0,1.33E-2,0x0004,0x0000,0x007F,0x0214,0x0000,0x0001,0x0000,0x0000,0x0000,0x0000,0x0000,0x0004,0x0000,0x0000,0x0000,0x0000,0x0000,0x0000,1016
11:59:35 AM,6,0.00,0,0.00,-1.67,0.00,0.00,100.00,-1.00,-1.00,-1.00,0,1,1,100,0,-1,0.18,0.00,0.18,160,160,0,0.00,0.00,0.00,0.00,0.00,0.00,-1.00,-1.00,0.00,-1.00,-1.00,0.00,-1.00,-1.00,0.00,2.42E-1,1.024E+5,0.00E+0,1.33E-2,-1.00,0.00E+0,1.33E-2,0x0004,0x0000,0x007F,0x0214,0x0000,0x0001,0x0000,0x0000,0x0000,0x0000,0x0000,0x0004,0x0000,0x0000,0x0000,0x0000,0x0000,0x0000,1017
11:59:39 AM,6,0.00,0,0.00,-1.67,0.00,0.00,100.00,-1.00,-1.00,-1.00,0,1,1,100,0,-1,0.18,0.00,0.18,160,160,0,0.00,0.00,0.00,0.00,0.00,0.00,-1.00,-1.00,0.00,-1.00,-1.00,0.00,-1.00,-1.00,0.00,2.46E-1,1.024E+5,0.00E+0,1.33E-2,-1.00,0.00E+0,1.33E-2,0x0004,0x0000,0x007F,0x0214,0x0000,0x0001,0x0000,0x0000,0x0000,0x0000,0x0000,0x0004,0x0000,0x0000,0x0000,0x0000,0x0000,0x0000,1018
11:59:44 AM,6,0.00,0,0.00,-1.67,0.00,0.00,100.00,-1.00,-1.00,-1.00,0,1,1,100,0,-1,0.18,0.00,0.18,160,160,0,0.00,0.00,0.00,0.00,0.00,0.00,-1.00,-1.00,0.00,-1.00,-1.00,0.00,-1.00,-1.00,0.00,2.46E-1,1.024E+5,0.00E+0,1.33E-2,-1.00,0.00E+0,1.33E-2,0x0004,0x0000,0x007F,0x0214,0x0000,0x0001,0x0000,0x0000,0x0000,0x0000,0x0000,0x0004,0x0000,0x0000,0x0000,0x0000,0x0000,0x0000,1019
11:59:49 AM,6,0.00,0,0.00,-1.67,0.00,0.00,100.00,-1.00,-1.00,-1.00,0,1,1,100,0,-1,0.18,0.00,0.18,160,160,0,0.00,0.00,0.00,0.00,0.00,0.00,-1.00,-1.00,0.00,-1.00,-1.00,0.00,-1.00,-1.00,0.00,2.42E-1,1.024E+5,0.00E+0,1.33E-2,-1.00,0.00E+0,1.33E-2,0x0004,0x0000,0x007F,0x0214,0x0000,0x0001,0x0000,0x0000,0x0000,0x0000,0x0000,0x0004,0x0000,0x0000,0x0000,0x0000,0x0000,0x0000,1020
11:59:54 AM,6,0.00,0,0.00,-1.67,0.00,0.00,100.00,-1.00,-1.00,-1.00,0,1,1,100,0,-1,0.18,0.00,0.18,160,160,0,0.00,0.00,0.00,0.00,0.00,0.00,-1.00,-1.00,0.00,-1.00,-1.00,0.00,-1.00,-1.00,0.00,2.42E-1,1.024E+5,0.00E+0,1.33E-2,-1.00,0.00E+0,1.33E-2,0x0004,0x0000,0x007F,0x0214,0x0000,0x0001,0x0000,0x0000,0x0000,0x0000,0x0000,0x0004,0x0000,0x0000,0x0000,0x0000,0x0000,0x0000,1021
11:59:59 AM,6,0.00,0,0.00,-1.67,0.00,0.00,100.00,-1.00,-1.00,-1.00,0,1,1,100,0,-1,0.18,0.00,0.18,160,160,0,0.00,0.00,0.00,0.00,0.00,0.00,-1.00,-1.00,0.00,-1.00,-1.00,0.00,-1.00,-1.00,0.00,2.48E-1,1.024E+5,0.00E+0,1.33E-2,-1.00,0.00E+0,1.33E-2,0x0004,0x0000,0x007F,0x0214,0x0000,0x0001,0x0000,0x0000,0x0000,0x0000,0x0000,0x0004,0x0000,0x0000,0x0000,0x0000,0x0000,0x0000,1022
12:00:04 PM,6,0.00,0,0.00,-1.67,0.00,0.00,100.00,-1.00,-1.00,-1.00,0,1,1,100,0,-1,0.18,0.00,0.18,160,160,0,0.00,0.00,0.00,0.00,0.00,0.00,-1.00,-1.00,0.00,-1.00,-1.00,0.00,-1.00,-1.00,0.00,2.42E-1,1.024E+5,0.00E+0,1.33E-2,-1.00,0.00E+0,1.33E-2,0x0004,0x0000,0x007F,0x0214,0x0000,0x0001,0x0000,0x0000,0x0000,0x0000,0x0000,0x0004,0x0000,0x0000,0x0000,0x0000,0x0000,0x0000,1023
12:00:09 PM,6,0.00,0,0.00,-1.67,0.00,0.00,100.00,-1.00,-1.00,-1.00,0,1,1,100,0,-1,0.18,0.00,0.18,160,160,0,0.00,0.00,0.00,0.00,0.00,0.00,-1.00,-1.00,0.00,-1.00,-1.00,0.00,-1.00,-1.00,0.00,2.46E-1,1.024E+5,0.00E+0,1.33E-2,-1.00,0.00E+0,1.33E-2,0x0004,0x0000,0x007F,0x0214,0x0000,0x0001,0x0000,0x0000,0x0000,0x0000,0x0000,0x0004,0x0000,0x0000,0x0000,0x0000,0x0000,0x0000,1024
12:00:14 PM,6,0.00,0,0.00,-1.67,0.00,0.00,100.00,-1.00,-1.00,-1.00,0,1,1,100,0,-1,0.18,0.00,0.18,160,160,0,0.00,0.00,0.00,0.00,0.00,0.00,-1.00,-1.00,0.00,-1.00,-1.00,0.00,-1.00,-1.00,0.00,2.42E-1,1.024E+5,0.00E+0,1.33E-2,-1.00,0.00E+0,1.33E-2,0x0004,0x0000,0x007F,0x0214,0x0000,0x0001,0x0000,0x0000,0x0000,0x0000,0x0000,0x0004,0x0000,0x0000,0x0000,0x0000,0x0000,0x0000,1025
12:00:19 PM,6,0.00,0,0.00,-1.67,0.00,0.00,100.00,-1.00,-1.00,-1.00,0,1,1,100,0,-1,0.18,0.00,0.18,160,160,0,0.00,0.00,0.00,0.00,0.00,0.00,-1.00,-1.00,0.00,-1.00,-1.00,0.00,-1.00,-1.00,0.00,2.44E-1,1.024E+5,0.00E+0,1.33E-2,-1.00,0.00E+0,1.33E-2,0x0004,0x0000,0x007F,0x0214,0x0000,0x0001,0x0000,0x0000,0x0000,0x0000,0x0000,0x0004,0x0000,0x0000,0x0000,0x0000,0x0000,0x0000,1026
12:00:24 PM,6,0.00,0,0.00,-1.67,0.00,0.00,100.00,-1.00,-1.00,-1.00,0,1,1,100,0,-1,0.18,0.00,0.18,160,160,0,0.00,0.00,0.00,0.00,0.00,0.00,-1.00,-1.00,0.00,-1.00,-1.00,0.00,-1.00,-1.00,0.00,2.46E-1,1.024E+5,0.00E+0,1.33E-2,-1.00,0.00E+0,1.33E-2,0x0004,0x0000,0x007F,0x0214,0x0000,0x0001,0x0000,0x0000,0x0000,0x0000,0x0000,0x0004,0x0000,0x0000,0x0000,0x0000,0x0000,0x0000,1027
12:00:29 PM,6,0.00,0,0.00,-1.67,0.00,0.00,100.00,-1.00,-1.00,-1.00,0,1,1,100,0,-1,0.18,0.00,0.18,160,160,0,0.00,0.00,0.00,0.00,0.00,0.00,-1.00,-1.00,0.00,-1.00,-1.00,0.00,-1.00,-1.00,0.00,2.51E-1,1.024E+5,0.00E+0,1.33E-2,-1.00,0.00E+0,1.33E-2,0x0004,0x0000,0x007F,0x0214,0x0000,0x0001,0x0000,0x0000,0x0000,0x0000,0x0000,0x0004,0x0000,0x0000,0x0000,0x0000,0x0000,0x0000,1028
12:00:34 PM,6,0.00,0,0.00,-1.67,0.00,0.00,100.00,-1.00,-1.00,-1.00,0,1,1,100,0,-1,0.18,0.00,0.18,160,160,0,0.00,0.00,0.00,0.00,0.00,0.00,-1.00,-1.00,0.00,-1.00,-1.00,0.00,-1.00,-1.00,0.00,2.46E-1,1.024E+5,0.00E+0,1.33E-2,-1.00,0.00E+0,1.33E-2,0x0004,0x0000,0x007F,0x0214,0x0000,0x0001,0x0000,0x0000,0x0000,0x0000,0x0000,0x0004,0x0000,0x0000,0x0000,0x0000,0x0000,0x0000,1029
12:00:39 PM,6,0.00,0,0.00,-1.67,0.00,0.00,100.00,-1.00,-1.00,-1.00,0,1,1,100,0,-1,0.18,0.00,0.18,160,160,0,0.00,0.00,0.00,0.00,0.00,0.00,-1.00,-1.00,0.00,-1.00,-1.00,0.00,-1.00,-1.00,0.00,2.46E-1,1.024E+5,0.00E+0,1.33E-2,-1.00,0.00E+0,1.33E-2,0x0004,0x0000,0x007F,0x0214,0x0000,0x0001,0x0000,0x0000,0x0000,0x0000,0x0000,0x0004,0x0000,0x0000,0x0000,0x0000,0x0000,0x0000,1030
12:00:44 PM,6,0.00,0,0.00,-1.67,0.00,0.00,100.00,-1.00,-1.00,-1.00,0,1,1,100,0,-1,0.18,0.00,0.18,160,160,0,0.00,0.00,0.00,0.00,0.00,0.00,-1.00,-1.00,0.00,-1.00,-1.00,0.00,-1.00,-1.00,0.00,2.46E-1,1.024E+5,0.00E+0,1.33E-2,-1.00,0.00E+0,1.33E-2,0x0004,0x0000,0x007F,0x0214,0x0000,0x0001,0x0000,0x0000,0x0000,0x0000,0x0000,0x0004,0x0000,0x0000,0x0000,0x0000,0x0000,0x0000,1031
12:00:49 PM,6,0.00,0,0.00,-1.67,0.00,0.00,100.00,-1.00,-1.00,-1.00,0,1,1,100,0,-1,0.18,0.00,0.18,160,160,0,0.00,0.00,0.00,0.00,0.00,0.00,-1.00,-1.00,0.00,-1.00,-1.00,0.00,-1.00,-1.00,0.00,2.42E-1,1.024E+5,0.00E+0,1.33E-2,-1.00,0.00E+0,1.33E-2,0x0004,0x0000,0x007F,0x0214,0x0000,0x0001,0x0000,0x0000,0x0000,0x0000,0x0000,0x0004,0x0000,0x0000,0x0000,0x0000,0x0000,0x0000,1032
12:00:54 PM,6,0.00,0,0.00,-1.67,0.00,0.00,100.00,-1.00,-1.00,-1.00,0,1,1,100,0,-1,0.18,0.00,0.18,160,160,0,0.00,0.00,0.00,0.00,0.00,0.00,-1.00,-1.00,0.00,-1.00,-1.00,0.00,-1.00,-1.00,0.00,2.46E-1,1.024E+5,0.00E+0,1.33E-2,-1.00,0.00E+0,1.33E-2,0x0004,0x0000,0x007F,0x0214,0x0000,0x0001,0x0000,0x0000,0x0000,0x0000,0x0000,0x0004,0x0000,0x0000,0x0000,0x0000,0x0000,0x0000,1033
12:00:59 PM,6,0.00,0,0.00,-1.67,0.00,0.00,100.00,-1.00,-1.00,-1.00,0,1,1,100,0,-1,0.18,0.00,0.18,160,160,0,0.00,0.00,0.00,0.00,0.00,0.00,-1.00,-1.00,0.00,-1.00,-1.00,0.00,-1.00,-1.00,0.00,2.44E-1,1.024E+5,0.00E+0,1.33E-2,-1.00,0.00E+0,1.33E-2,0x0004,0x0000,0x007F,0x0214,0x0000,0x0001,0x0000,0x0000,0x0000,0x0000,0x0000,0x0004,0x0000,0x0000,0x0000,0x0000,0x0000,0x0000,1034
12:01:04 PM,6,0.00,0,0.00,-1.67,0.00,0.00,100.00,-1.00,-1.00,-1.00,0,1,1,100,0,-1,0.18,0.00,0.18,160,160,0,0.00,0.00,0.00,0.00,0.00,0.00,-1.00,-1.00,0.00,-1.00,-1.00,0.00,-1.00,-1.00,0.00,2.46E-1,1.024E+5,0.00E+0,1.33E-2,-1.00,0.00E+0,1.33E-2,0x0004,0x0000,0x007F,0x0214,0x0000,0x0001,0x0000,0x0000,0x0000,0x0000,0x0000,0x0004,0x0000,0x0000,0x0000,0x0000,0x0000,0x0000,1035
11:58:05 AM,6,0.00,0,0.00,-1.67,0.00,0.00,100.00,-1.00,-1.00,-1.00,0,1,1,100,0,-1,0.18,0.00,0.18,160,160,0,0.00,0.00,0.00,0.00,0.00,0.00,-1.00,-1.00,0.00,-1.00,-1.00,0.00,-1.00,-1.00,0.00,2.44E-1,1.024E+5,0.00E+0,1.33E-2,-1.00,0.00E+0,1.33E-2,0x0004,0x0000,0x007F,0x0214,0x0000,0x0001,0x0000,0x0000,0x0000,0x0000,0x0000,0x0004,0x0000,0x0000,0x0000,0x0000,0x0000,0x0000,1036
11:58:10 AM,6,0.00,0,0.00,-1.67,0.00,0.00,100.00,-1.00,-1.00,-1.00,0,1,1,100,0,-1,0.18,0.00,0.18,160,160,0,0.00,0.00,0.00,0.00,0.00,0.00,-1.00,-1.00,0.00,-1.00,-1.00,0.00,-1.00,-1.00,0.00,2.42E-1,1.024E+5,0.00E+0,1.33E-2,-1.00,0.00E+0,1.33E-2,0x0004,0x0000,0x007F,0x0214,0x0000,0x0001,0x0000,0x0000,0x0000,0x0000,0x0000,0x0004,0x0000,0x0000,0x0000,0x0000,0x0000,0x0000,1037
11:58:15 AM,6,0.00,0,0.00,-1.67,0.00,0.00,100.00,-1.00,-1.00,-1.00,0,1,1,100,0,-1,0.18,0.00,0.18,160,160,0,0.00,0.00,0.00,0.00,0.00,0.00,-1.00,-1.00,0.00,-1.00,-1.00,0.00,-1.00,-1.00,0.00,2.42E-1,1.024E+5,0.00E+0,1.33E-2,-1.00,0.00E+0,1.33E-2,0x0004,0x0000,0x007F,0x0214,0x0000,0x0001,0x0000,0x0000,0x0000,0x0000,0x0000,0x0004,0x0000,0x0000,0x0000,0x0000,0x0000,0x0000,1038
11:58:20 AM,6,0.00,0,0.00,-1.67,0.00,0.00,100.00,-1.00,-1.00,-1.00,0,1,1,100,0,-1,0.18,0.00,0.18,160,160,0,0.00,0.00,0.00,0.00,0.00,0.00,-1.00,-1.00,0.00,-1.00,-1.00,0.00,-1.00,-1.00,0.00,2.46E-1,1.024E+5,0.00E+0,1.33E-2,-1.00,0.00E+0,1.33E-2,0x0004,0x0000,0x007F,0x0214,0x0000,0x0001,0x0000,0x0000,0x0000,0x0000,0x0000,0x0004,0x0000,0x0000,0x0000,0x0000,0x0000,0x0000,1039
11:58:25 AM,6,0.00,0,0.00,-1.67,0.00,0.00,100.00,-1.00,-1.00,-1.00,0,1,1,100,0,-1,0.18,0.00,0.18,160,160,0,0.00,0.00,0.00,0.00,0.00,0.00,-1.00,-1.00,0.00,-1.00,-1.00,0.00,-1.00,-1.00,0.00,2.46E-1,1.024E+5,0.00E+0,1.33E-2,-1.00,0.00E+0,1.33E-2,0x0004,0x0000,0x007F,0x0214,0x0000,0x0001,0x0000,0x0000,0x0000,0x0000,0x0000,0x0004,0x0000,0x0000,0x0000,0x0000,0x0000,0x0000,1040
11:58:30 AM,6,0.00,0,0.00,-1.67,0.00,0.00,100.00,-1.00,-1.00,-1.00,0,1,1,100,0,-1,0.18,0.00,0.18,160,160,0,0.00,0.00,0.00,0.00,0.00,0.00,-1.00,-1.00,0.00,-1.00,-1.00,0.00,-1.00,-1.00,0.00,2.46E-1,1.024E+5,0.00E+0,1.33E-2,-1.00,0.00E+0,1.33E-2,0x0004,0x0000,0x007F,0x0214,0x0000,0x0001,0x0000,0x0000,0x0000,0x0000,0x0000,0x0004,0x0000,0x0000,0x0000,0x0000,0x0000,0x0000,1041
11:58:35 AM,6,0.00,0,0.00,-1.67,0.00,0.00,100.00,-1.00,-1.00,-1.00,0,1,1,100,0,-1,0.18,0.00,0.18,160,160,0,0.00,0.00,0.00,0.00,0.00,0.00,-1.00,-1.00,0.00,-1.00,-1.00,0.00,-1.00,-1.00,0.00,2.44E-1,1.024E+5,0.00E+0,1.33E-2,-1.00,0.00E+0,1.33E-2,0x0004,0x0000,0x007F,0x0214,0x0000,0x0001,0x0000,0x0000,0x0000,0x0000,0x0000,0x0004,0x0000,0x0000,0x0000,0x0000,0x0000,0x0000,1042
11:58:40 AM,6,0.00,0,0.00,-1.67,0.00,0.00,100.00,-1.00,-1.00,-1.00,0,1,1,100,0,-1,0.18,0.00,0.18,160,160,0,0.00,0.00,0.00,0.00,0.00,0.00,-1.00,-1.00,0.00,-1.00,-1.00,0.00,-1.00,-1.00,0.00,2.42E-1,1.024E+5,0.00E+0,1.33E-2,-1.00,0.00E+0,1.33E-2,0x0004,0x0000,0x007F,0x0214,0x0000,0x0001,0x0000,0x0000,0x0000,0x0000,0x0000,0x0004,0x0000,0x0000,0x0000,0x0000,0x0000,0x0000,1043
11:58:45 AM,6,0.00,0,0.00,-1.67,0.00,0.00,100.00,-1.00,-1.00,-1.00,0,1,1,100,0,-1,0.18,0.00,0.18,160,160,0,0.00,0.00,0.00,0.00,0.00,0.00,-1.00,-1.00,0.00,-1.00,-1.00,0.00,-1.00,-1.00,0.00,2.40E-1,1.024E+5,0.00E+0,1.33E-2,-1.00,0.00E+0,1.33E-2,0x0004,0x0000,0x007F,0x0214,0x0000,0x0001,0x0000,0x0000,0x0000,0x0000,0x0000,0x0004,0x0000,0x0000,0x0000,0x0000,0x0000,0x0000,1044
11:58:50 AM,6,0.00,0,0.00,-1.67,0.00,0.00,100.00,-1.00,-1.00,-1.00,0,1,1,100,0,-1,0.18,0.00,0.18,160,160,0,0.00,0.00,0.00,0.00,0.00,0.00,-1.00,-1.00,0.00,-1.00,-1.00,0.00,-1.00,-1.00,0.00,2.42E-1,1.024E+5,0.00E+0,1.33E-2,-1.00,0.00E+0,1.33E-2,0x0004,0x0000,0x007F,0x0214,0x0000,0x0001,0x0000,0x0000,0x0000,0x0000,0x0000,0x0004,0x0000,0x0000,0x0000,0x0000,0x0000,0x0000,1045
11:58:55 AM,6,0.00,0,0.00,-1.67,0.00,0.00,100.00,-1.00,-1.00,-1.00,0,1,1,100,0,-1,0.18,0.00,0.18,160,160,0,0.00,0.00,0.00,0.00,0.00,0.00,-1.00,-1.00,0.00,-1.00,-1.00,0.00,-1.00,-1.00,0.00,2.44E-1,1.024E+5,0.00E+0,1.33E-2,-1.00,0.00E+0,1.33E-2,0x0004,0x0000,0x007F,0x0214,0x0000,0x0001,0x0000,0x0000,0x0000,0x0000,0x0000,0x0004,0x0000,0x0000,0x0000,0x0000,0x0000,0x0000,1046
11:59:00 AM,6,0.00,0,0.00,-1.67,0.00,0.00,100.00,-1.00,-1.00,-1.00,0,1,1,100,0,-1,0.18,0.00,0.18,160,160,0,0.00,0.00,0.00,0.00,0.00,0.00,-1.00,-1.00,0.00,-1.00,-1.00,0.00,-1.00,-1.00,0.00,2.37E-1,1.024E+5,0.00E+0,1.33E-2,-1.00,0.00E+0,1.33E-2,0x0004,0x0000,0x007F,0x0214,0x0000,0x0001,0x0000,0x0000,0x0000,0x0000,0x0000,0x0004,0x0000,0x0000,0x0000,0x0000,0x0000,0x0000,1047
11:59:05 AM,6,0.00,0,0.00,-1.67,0.00,0.00,100.00,-1.00,-1.00,-1.00,0,1,1,100,0,-1,0.18,0.00,0.18,160,160,0,0.00,0.00,0.00,0.00,0.00,0.00,-1.00,-1.00,0.00,-1.00,-1.00,0.00,-1.00,-1.00,0.00,2.44E-1,1.024E+5,0.00E+0,1.33E-2,-1.00,0.00E+0,1.33E-2,0x0004,0x0000,0x007F,0x0214,0x0000,0x0001,0x0000,0x0000,0x0000,0x0000,0x0000,0x0004,0x0000,0x0000,0x0000,0x0000,0x0000,0x0000,1048
11:59:10 AM,6,0.00,0,0.00,-1.67,0.00,0.00,100.00,-1.00,-1.00,-1.00,0,1,1,100,0,-1,0.18,0.00,0.18,160,160,0,0.00,0.00,0.00,0.00,0.00,0.00,-1.00,-1.00,0.00,-1.00,-1.00,0.00,-1.00,-1.00,0.00,2.46E-1,1.024E+5,0.00E+0,1.33E-2,-1.00,0.00E+0,1.33E-2,0x0004,0x0000,0x007F,0x0214,0x0000,0x0001,0x0000,0x0000,0x0000,0x0000,0x0000,0x0004,0x0000,0x0000,0x0000,0x0000,0x0000,0x0000,1049
11:59:15 AM,6,0.00,0,0.00,-1.67,0.00,0.00,100.00,-1.00,-1.00,-1.00,0,1,1,100,0,-1,0.18,0.00,0.18,160,160,0,0.00,0.00,0.00,0.00,0.00,0.00,-1.00,-1.00,0.00,-1.00,-1.00,0.00,-1.00,-1.00,0.00,2.46E-1,1.024E+5,0.00E+0,1.33E-2,-1.00,0.00E+0,1.33E-2,0x0004,0x0000,0x007F,0x0214,0x0000,0x0001,0x0000,0x0000,0x0000,0x0000,0x0000,0x0004,0x0000,0x0000,0x0000,0x0000,0x0000,0x0000,1050
11:59:20 AM,6,0.00,0,0.00,-1.67,0.00,0.00,100.00,-1.00,-1.00,-1.00,0,1,1,100,0,-1,0.18,0.00,0.18,160,160,0,0.00,0.00,0.00,0.00,0.00,0.00,-1.00,-1.00,0.00,-1.00,-1.00,0.00,-1.00,-1.00,0.00,2.46E-1,1.024E+5,0.00E+0,1.33E-2,-1.00,0.00E+0,1.33E-2,0x0004,0x0000,0x007F,0x0214,0x0000,0x0001,0x0000,0x0000,0x0000,0x0000,0x0000,0x0004,0x0000,0x0000,0x0000,0x0000,0x0000,0x0000,1051
11:59:25 AM,6,0.00,0,0.00,-1.67,0.00,0.00,100.00,-1.00,-1.00,-1.00,0,1,1,100,0,-1,0.18,0.00,0.18,160,160,0,0.00,0.00,0.00,0.00,0.00,0.00,-1.00,-1.00,0.00,-1.00,-1.00,0.00,-1.00,-1.00,0.00,2.42E-1,1.024E+5,0.00E+0,1.33E-2,-1.00,0.00E+0,1.33E-2,0x0004,0x0000,0x007F,0x0214,0x0000,0x0001,0x0000,0x0000,0x0000,0x0000,0x0000,0x0004,0x0000,0x0000,0x0000,0x0000,0x0000,0x0000,1052
11:59:30 AM,6,0.00,0,0.00,-1.67,0.00,0.00,100.00,-1.00,-1.00,-1.00,0,1,1,100,0,-1,0.18,0.00,0.18,160,160,0,0.00,0.00,0.00,0.00,0.00,0.00,-1.00,-1.00,0.00,-1.00,-1.00,0.00,-1.00,-1.00,0.00,2.42E-1,1.024E+5,0.00E+0,1.33E-2,-1.00,0.00E+0,1.33E-2,0x0004,0x0000,0x007F,0x0214,0x0000,0x0001,0x0000,0x0000,0x0000,0x0000,0x0000,0x0004,0x0000,0x0000,0x0000,0x0000,0x0000,0x0000,1053
11:59:35 AM,6,0.00,0,0.00,-1.67,0.00,0.00,100.00,-1.00,-1.00,-1.00,0,1,1,100,0,-1,0.18,0.00,0.18,160,160,0,0.00,0.00,0.00,0.00,0.00,0.00,-1.00,-1.00,0.00,-1.00,-1.00,0.00,-1.00,-1.00,0.00,2.42E-1,1.024E+5,0.00E+0,1.33E-2,-1.00,0.00E+0,1.33E-2,0x0004,0x0000,0x007F,0x0214,0x0000,0x0001,0x0000,0x0000,0x0000,0x0000,0x0000,0x0004,0x0000,0x0000,0x0000,0x0000,0x0000,0x0000,1054
11:59:39 AM,6,0.00,0,0.00,-1.67,0.00,0.00,100.00,-1.00,-1.00,-1.00,0,1,1,100,0,-1,0.18,0.00,0.18,160,160,0,0.00,0.00,0.00,0.00,0.00,0.00,-1.00,-1.00,0.00,-1.00,-1.00,0.00,-1.00,-1.00,0.00,2.46E-1,1.024E+5,0.00E+0,1.33E-2,-1.00,0.00E+0,1.33E-2,0x0004,0x0000,0x007F,0x0214,0x0000,0x0001,0x0000,0x0000,0x0000,0x0000,0x0000,0x0004,0x0000,0x0000,0x0000,0x0000,0x0000,0x0000,1055
11:59:44 AM,6,0.00,0,0.00,-1.67,0.00,0.00,100.00,-1.00,-1.00,-1.00,0,1,1,100,0,-1,0.18,0.00,0.18,160,160,0,0.00,0.00,0.00,0.00,0.00,0.00,-1.00,-1.00,0.00,-1.00,-1.00,0.00,-1.00,-1.00,0.00,2.46E-1,1.024E+5,0.00E+0,1.33E-2,-1.00,0.00E+0,1.33E-2,0x0004,0x0000,0x007F,0x0214,0x0000,0x0001,0x0000,0x0000,0x0000,0x0000,0x0000,0x0004,0x0000,0x0000,0x0000,0x0000,0x0000,0x0000,1056
11:59:49 AM,6,0.00,0,0.00,-1.67,0.00,0.00,100.00,-1.00,-1.00,-1.00,0,1,1,100,0,-1,0.18,0.00,0.18,160,160,0,0.00,0.00,0.00,0.00,0.00,0.00,-1.00,-1.00,0.00,-1.00,-1.00,0.00,-1.00,-1.00,0.00,2.42E-1,1.024E+5,0.00E+0,1.33E-2,-1.00,0.00E+0,1.33E-2,0x0004,0x0000,0x007F,0x0214,0x0000,0x0001,0x0000,0x0000,0x0000,0x0000,0x0000,0x0004,0x0000,0x0000,0x0000,0x0000,0x0000,0x0000,1057
11:59:54 AM,6,0.00,0,0.00,-1.67,0.00,0.00,100.00,-1.00,-1.00,-1.00,0,1,1,100,0,-1,0.18,0.00,0.18,160,160,0,0.00,0.00,0.00,0.00,0.00,0.00,-1.00,-1.00,0.00,-1.00,-1.00,0.00,-1.00,-1.00,0.00,2.42E-1,1.024E+5,0.00E+0,1.33E-2,-1.00,0.00E+0,1.33E-2,0x0004,0x0000,0x007F,0x0214,0x0000,0x0001,0x0000,0x0000,0x0000,0x0000,0x0000,0x0004,0x0000,0x0000,0x0000,0x0000,0x0000,0x0000,1058
11:59:59 AM,6,0.00,0,0.00,-1.67,0.00,0.00,100.00,-1.00,-1.00,-1.00,0,1,1,100,0,-1,0.18,0.00,0.18,160,160,0,0.00,0.00,0.00,0.00,0.00,0.00,-1.00,-1.00,0.00,-1.00,-1.00,0.00,-1.00,-1.00,0.00,2.48E-1,1.024E+5,0.00E+0,1.33E-2,-1.00,0.00E+0,1.33E-2,0x0004,0x0000,0x007F,0x0214,0x0000,0x0001,0x0000,0x0000,0x0000,0x0000,0x0000,0x0004,0x0000,0x0000,0x0000,0x0000,0x0000,0x0000,1059
12:00:04 PM,6,0.00,0,0.00,-1.67,0.00,0.00,100.00,-1.00,-1.00,-1.00,0,1,1,100,0,-1,0.18,0.00,0.18,160,160,0,0.00,0.00,0.00,0.00,0.00,0.00,-1.00,-1.00,0.00,-1.00,-1.00,0.00,-1.00,-1.00,0.00,2.42E-1,1.024E+5,0.00E+0,1.33E-2,-1.00,0.00E+0,1.33E-2,0x0004,0x0000,0x007F,0x0214,0x0000,0x0001,0x0000,0x0000,0x0000,0x0000,0x0000,0x0004,0x0000,0x0000,0x0000,0x0000,0x0000,0x0000,1060
12:00:09 PM,6,0.00,0,0.00,-1.67,0.00,0.00,100.00,-1.00,-1.00,-1.00,0,1,1,100,0,-1,0.18,0.00,0.18,160,160,0,0.00,0.00,0.00,0.00,0.00,0.00,-1.00,-1.00,0.00,-1.00,-1.00,0.00,-1.00,-1.00,0.00,2.46E-1,1.024E+5,0.00E+0,1.33E-2,-1.00,0.00E+0,1.33E-2,0x0004,0x0000,0x007F,0x0214,0x0000,0x0001,0x0000,0x0000,0x0000,0x0000,0x0000,0x0004,0x0000,0x0000,0x0000,0x0000,0x0000,0x0000,1061
12:00:14 PM,6,0.00,0,0.00,-1.67,0.00,0.00,100.00,-1.00,-1.00,-1.00,0,1,1,100,0,-1,0.18,0.00,0.18,160,160,0,0.00,0.00,0.00,0.00,0.00,0.00,-1.00,-1.00,0.00,-1.00,-1.00,0.00,-1.00,-1.00,0.00,2.42E-1,1.024E+5,0.00E+0,1.33E-2,-1.00,0.00E+0,1.33E-2,0x0004,0x0000,0x007F,0x0214,0x0000,0x0001,0x0000,0x0000,0x0000,0x0000,0x0000,0x0004,0x0000,0x0000,0x0000,0x0000,0x0000,0x0000,1062
12:00:19 PM,6,0.00,0,0.00,-1.67,0.00,0.00,100.00,-1.00,-1.00,-1.00,0,1,1,100,0,-1,0.18,0.00,0.18,160,160,0,0.00,0.00,0.00,0.00,0.00,0.00,-1.00,-1.00,0.00,-1.00,-1.00,0.00,-1.00,-1.00,0.00,2.44E-1,1.024E+5,0.00E+0,1.33E-2,-1.00,0.00E+0,1.33E-2,0x0004,0x0000,0x007F,0x0214,0x0000,0x0001,0x0000,0x0000,0x0000,0x0000,0x0000,0x0004,0x0000,0x0000,0x0000,0x0000,0x0000,0x0000,1063
12:00:24 PM,6,0.00,0,0.00,-1.67,0.00,0.00,100.00,-1.00,-1.00,-1.00,0,1,1,100,0,-1,0.18,0.00,0.18,160,160,0,0.00,0.00,0.00,0.00,0.00,0.00,-1.00,-1.00,0.00,-1.00,-1.00,0.00,-1.00,-1.00,0.00,2.46E-1,1.024E+5,0.00E+0,1.33E-2,-1.00,0.00E+0,1.33E-2,0x0004,0x0000,0x007F,0x0214,0x0000,0x0001,0x0000,0x0000,0x0000,0x0000,0x0000,0x0004,0x0000,0x0000,0x0000,0x0000,0x0000,0x0000,1064
12:00:29 PM,6,0.00,0,0.00,-1.67,0.00,0.00,100.00,-1.00,-1.00,-1.00,0,1,1,100,0,-1,0.18,0.00,0.18,160,160,0,0.00,0.00,0.00,0.00,0.00,0.00,-1.00,-1.00,0.00,-1.00,-1.00,0.00,-1.00,-1.00,0.00,2.51E-1,1.024E+5,0.00E+0,1.33E-2,-1.00,0.00E+0,1.33E-2,0x0004,0x0000,0x007F,0x0214,0x0000,0x0001,0x0000,0x0000,0x0000,0x0000,0x0000,0x0004,0x0000,0x0000,0x0000,0x0000,0x0000,0x0000,1065
12:00:34 PM,6,0.00,0,0.00,-1.67,0.00,0.00,100.00,-1.00,-1.00,-1.00,0,1,1,100,0,-1,0.18,0.00,0.18,160,160,0,0.00,0.00,0.00,0.00,0.00,0.00,-1.00,-1.00,0.00,-1.00,-1.00,0.00,-1.00,-1.00,0.00,2.46E-1,1.024E+5,0.00E+0,1.33E-2,-1.00,0.00E+0,1.33E-2,0x0004,0x0000,0x007F,0x0214,0x0000,0x0001,0x0000,0x0000,0x0000,0x0000,0x0000,0x0004,0x0000,0x0000,0x0000,0x0000,0x0000,0x0000,1066
12:00:39 PM,6,0.00,0,0.00,-1.67,0.00,0.00,100.00,-1.00,-1.00,-1.00,0,1,1,100,0,-1,0.18,0.00,0.18,160,160,0,0.00,0.00,0.00,0.00,0.00,0.00,-1.00,-1.00,0.00,-1.00,-1.00,0.00,-1.00,-1.00,0.00,2.46E-1,1.024E+5,0.00E+0,1.33E-2,-1.00,0.00E+0,1.33E-2,0x0004,0x0000,0x007F,0x0214,0x0000,0x0001,0x0000,0x0000,0x0000,0x0000,0x0000,0x0004,0x0000,0x0000,0x0000,0x0000,0x0000,0x0000,1067
12:00:44 PM,6,0.00,0,0.00,-1.67,0.00,0.00,100.00,-1.00,-1.00,-1.00,0,1,1,100,0,-1,0.18,0.00,0.18,160,160,0,0.00,0.00,0.00,0.00,0.00,0.00,-1.00,-1.00,0.00,-1.00,-1.00,0.00,-1.00,-1.00,0.00,2.46E-1,1.024E+5,0.00E+0,1.33E-2,-1.00,0.00E+0,1.33E-2,0x0004,0x0000,0x007F,0x0214,0x0000,0x0001,0x0000,0x0000,0x0000,0x0000,0x0000,0x0004,0x0000,0x0000,0x0000,0x0000,0x0000,0x0000,1068
12:00:49 PM,6,0.00,0,0.00,-1.67,0.00,0.00,100.00,-1.00,-1.00,-1.00,0,1,1,100,0,-1,0.18,0.00,0.18,160,160,0,0.00,0.00,0.00,0.00,0.00,0.00,-1.00,-1.00,0.00,-1.00,-1.00,0.00,-1.00,-1.00,0.00,2.42E-1,1.024E+5,0.00E+0,1.33E-2,-1.00,0.00E+0,1.33E-2,0x0004,0x0000,0x007F,0x0214,0x0000,0x0001,0x0000,0x0000,0x0000,0x0000,0x0000,0x0004,0x0000,0x0000,0x0000,0x0000,0x0000,0x0000,1069
12:00:54 PM,6,0.00,0,0.00,-1.67,0.00,0.00,100.00,-1.00,-1.00,-1.00,0,1,1,100,0,-1,0.18,0.00,0.18,160,160,0,0.00,0.00,0.00,0.00,0.00,0.00,-1.00,-1.00,0.00,-1.00,-1.00,0.00,-1.00,-1.00,0.00,2.46E-1,1.024E+5,0.00E+0,1.33E-2,-1.00,0.00E+0,1.33E-2,0x0004,0x0000,0x007F,0x0214,0x0000,0x0001,0x0000,0x0000,0x0000,0x0000,0x0000,0x0004,0x0000,0x0000,0x0000,0x0000,0x0000,0x0000,1070
12:00:59 PM,6,0.00,0,0.00,-1.67,0.00,0.00,100.00,-1.00,-1.00,-1.00,0,1,1,100,0,-1,0.18,0.00,0.18,160,160,0,0.00,0.00,0.00,0.00,0.00,0.00,-1.00,-1.00,0.00,-1.00,-1.00,0.00,-1.00,-1.00,0.00,2.44E-1,1.024E+5,0.00E+0,1.33E-2,-1.00,0.00E+0,1.33E-2,0x0004,0x0000,0x007F,0x0214,0x0000,0x0001,0x0000,0x0000,0x0000,0x0000,0x0000,0x0004,0x0000,0x0000,0x0000,0x0000,0x0000,0x0000,1071
12:01:04 PM,6,0.00,0,0.00,-1.67,0.00,0.00,100.00,-1.00,-1.00,-1.00,0,1,1,100,0,-1,0.18,0.00,0.18,160,160,0,0.00,0.00,0.00,0.00,0.00,0.00,-1.00,-1.00,0.00,-1.00,-1.00,0.00,-1.00,-1.00,0.00,2.46E-1,1.024E+5,0.00E+0,1.33E-2,-1.00,0.00E+0,1.33E-2,0x0004,0x0000,0x007F,0x0214,0x0000,0x0001,0x0000,0x0000,0x0000,0x0000,0x0000,0x0004,0x0000,0x0000,0x0000,0x0000,0x0000,0x0000,1072
11:58:05 AM,6,0.00,0,0.00,-1.67,0.00,0.00,100.00,-1.00,-1.00,-1.00,0,1,1,100,0,-1,0.18,0.00,0.18,160,160,0,0.00,0.00,0.00,0.00,0.00,0.00,-1.00,-1.00,0.00,-1.00,-1.00,0.00,-1.00,-1.00,0.00,2.44E-1,1.024E+5,0.00E+0,1.33E-2,-1.00,0.00E+0,1.33E-2,0x0004,0x0000,0x007F,0x0214,0x0000,0x0001,0x0000,0x0000,0x0000,0x0000,0x0000,0x0004,0x0000,0x0000,0x0000,0x0000,0x0000,0x0000,1073
11:58:10 AM,6,0.00,0,0.00,-1.67,0.00,0.00,100.00,-1.00,-1.00,-1.00,0,1,1,100,0,-1,0.18,0.00,0.18,160,160,0,0.00,0.00,0.00,0.00,0.00,0.00,-1.00,-1.00,0.00,-1.00,-1.00,0.00,-1.00,-1.00,0.00,2.42E-1,1.024E+5,0.00E+0,1.33E-2,-1.00,0.00E+0,1.33E-2,0x0004,0x0000,0x007F,0x0214,0x0000,0x0001,0x0000,0x0000,0x0000,0x0000,0x0000,0x0004,0x0000,0x0000,0x0000,0x0000,0x0000,0x0000,1074
11:58:15 AM,6,0.00,0,0.00,-1.67,0.00,0.00,100.00,-1.00,-1.00,-1.00,0,1,1,100,0,-1,0.18,0.00,0.18,160,160,0,0.00,0.00,0.00,0.00,0.00,0.00,-1.00,-1.00,0.00,-1.00,-1.00,0.00,-1.00,-1.00,0.00,2.42E-1,1.024E+5,0.00E+0,1.33E-2,-1.00,0.00E+0,1.33E-2,0x0004,0x0000,0x007F,0x0214,0x0000,0x0001,0x0000,0x0000,0x0000,0x0000,0x0000,0x0004,0x0000,0x0000,0x0000,0x0000,0x0000,0x0000,1075
11:58:20 AM,6,0.00,0,0.00,-1.67,0.00,0.00,100.00,-1.00,-1.00,-1.00,0,1,1,100,0,-1,0.18,0.00,0.18,160,160,0,0.00,0.00,0.00,0.00,0.00,0.00,-1.00,-1.00,0.00,-1.00,-1.00,0.00,-1.00,-1.00,0.00,2.46E-1,1.024E+5,0.00E+0,1.33E-2,-1.00,0.00E+0,1.33E-2,0x0004,0x0000,0x007F,0x0214,0x0000,0x0001,0x0000,0x0000,0x0000,0x0000,0x0000,0x0004,0x0000,0x0000,0x0000,0x0000,0x0000,0x0000,1076
11:58:25 AM,6,0.00,0,0.00,-1.67,0.00,0.00,100.00,-1.00,-1.00,-1.00,0,1,1,100,0,-1,0.18,0.00,0.18,160,160,0,0.00,0.00,0.00,0.00,0.00,0.00,-1.00,-1.00,0.00,-1.00,-1.00,0.00,-1.00,-1.00,0.00,2.46E-1,1.024E+5,0.00E+0,1.33E-2,-1.00,0.00E+0,1.33E-2,0x0004,0x0000,0x007F,0x0214,0x0000,0x0001,0x0000,0x0000,0x0000,0x0000,0x0000,0x0004,0x0000,0x0000,0x0000,0x0000,0x0000,0x0000,1077
11:58:30 AM,6,0.00,0,0.00,-1.67,0.00,0.00,100.00,-1.00,-1.00,-1.00,0,1,1,100,0,-1,0.18,0.00,0.18,160,160,0,0.00,0.00,0.00,0.00,0.00,0.00,-1.00,-1.00,0.00,-1.00,-1.00,0.00,-1.00,-1.00,0.00,2.46E-1,1.024E+5,0.00E+0,1.33E-2,-1.00,0.00E+0,1.33E-2,0x0004,0x0000,0x007F,0x0214,0x0000,0x0001,0x0000,0x0000,0x0000,0x0000,0x0000,0x0004,0x0000,0x0000,0x0000,0x0000,0x0000,0x0000,1078
11:58:35 AM,6,0.00,0,0.00,-1.67,0.00,0.00,100.00,-1.00,-1.00,-1.00,0,1,1,100,0,-1,0.18,0.00,0.18,160,160,0,0.00,0.00,0.00,0.00,0.00,0.00,-1.00,-1.00,0.00,-1.00,-1.00,0.00,-1.00,-1.00,0.00,2.44E-1,1.024E+5,0.00E+0,1.33E-2,-1.00,0.00E+0,1.33E-2,0x0004,0x0000,0x007F,0x0214,0x0000,0x0001,0x0000,0x0000,0x0000,0x0000,0x0000,0x0004,0x0000,0x0000,0x0000,0x0000,0x0000,0x0000,1079
11:58:40 AM,6,0.00,0,0.00,-1.67,0.00,0.00,100.00,-1.00,-1.00,-1.00,0,1,1,100,0,-1,0.18,0.00,0.18,160,160,0,0.00,0.00,0.00,0.00,0.00,0.00,-1.00,-1.00,0.00,-1.00,-1.00,0.00,-1.00,-1.00,0.00,2.42E-1,1.024E+5,0.00E+0,1.33E-2,-1.00,0.00E+0,1.33E-2,0x0004,0x0000,0x007F,0x0214,0x0000,0x0001,0x0000,0x0000,0x0000,0x0000,0x0000,0x0004,0x0000,0x0000,0x0000,0x0000,0x0000,0x0000,1080
11:58:45 AM,6,0.00,0,0.00,-1.67,0.00,0.00,100.00,-1.00,-1.00,-1.00,0,1,1,100,0,-1,0.18,0.00,0.18,160,160,0,0.00,0.00,0.00,0.00,0.00,0.00,-1.00,-1.00,0.00,-1.00,-1.00,0.00,-1.00,-1.00,0.00,2.40E-1,1.024E+5,0.00E+0,1.33E-2,-1.00,0.00E+0,1.33E-2,0x0004,0x0000,0x007F,0x0214,0x0000,0x0001,0x0000,0x0000,0x0000,0x0000,0x0000,0x0004,0x0000,0x0000,0x0000,0x0000,0x0000,0x0000,1081
11:58:50 AM,6,0.00,0,0.00,-1.67,0.00,0.00,100.00,-1.00,-1.00,-1.00,0,1,1,100,0,-1,0.18,0.00,0.18,160,160,0,0.00,0.00,0.00,0.00,0.00,0.00,-1.00,-1.00,0.00,-1.00,-1.00,0.00,-1.00,-1.00,0.00,2.42E-1,1.024E+5,0.00E+0,1.33E-2,-1.00,0.00E+0,1.33E-2,0x0004,0x0000,0x007F,0x0214,0x0000,0x0001,0x0000,0x0000,0x0000,0x0000,0x0000,0x0004,0x0000,0x0000,0x0000,0x0000,0x0000,0x0000,1082
11:58:55 AM,6,0.00,0,0.00,-1.67,0.00,0.00,100.00,-1.00,-1.00,-1.00,0,1,1,100,0,-1,0.18,0.00,0.18,160,160,0,0.00,0.00,0.00,0.00,0.00,0.00,-1.00,-1.00,0.00,-1.00,-1.00,0.00,-1.00,-1.00,0.00,2.44E-1,1.024E+5,0.00E+0,1.33E-2,-1.00,0.00E+0,1.33E-2,0x0004,0x0000,0x007F,0x0214,0x0000,0x0001,0x0000,0x0000,0x0000,0x0000,0x0000,0x0004,0x0000,0x0000,0x0000,0x0000,0x0000,0x0000,1083
11:59:00 AM,6,0.00,0,0.00,-1.67,0.00,0.00,100.00,-1.00,-1.00,-1.00,0,1,1,100,0,-1,0.18,0.00,0.18,160,160,0,0.00,0.00,0.00,0.00,0.00,0.00,-1.00,-1.00,0.00,-1.00,-1.00,0.00,-1.00,-1.00,0.00,2.37E-1,1.024E+5,0.00E+0,1.33E-2,-1.00,0.00E+0,1.33E-2,0x0004,0x0000,0x007F,0x0214,0x0000,0x0001,0x0000,0x0000,0x0000,0x0000,0x0000,0x0004,0x0000,0x0000,0x0000,0x0000,0x0000,0x0000,1084
11:59:05 AM,6,0.00,0,0.00,-1.67,0.00,0.00,100.00,-1.00,-1.00,-1.00,0,1,1,100,0,-1,0.18,0.00,0.18,160,160,0,0.00,0.00,0.00,0.00,0.00,0.00,-1.00,-1.00,0.00,-1.00,-1.00,0.00,-1.00,-1.00,0.00,2.44E-1,1.024E+5,0.00E+0,1.33E-2,-1.00,0.00E+0,1.33E-2,0x0004,0x0000,0x007F,0x0214,0x0000,0x0001,0x0000,0x0000,0x0000,0x0000,0x0000,0x0004,0x0000,0x0000,0x0000,0x0000,0x0000,0x0000,1085
11:59:10 AM,6,0.00,0,0.00,-1.67,0.00,0.00,100.00,-1.00,-1.00,-1.00,0,1,1,100,0,-1,0.18,0.00,0.18,160,160,0,0.00,0.00,0.00,0.00,0.00,0.00,-1.00,-1.00,0.00,-1.00,-1.00,0.00,-1.00,-1.00,0.00,2.46E-1,1.024E+5,0.00E+0,1.33E-2,-1.00,0.00E+0,1.33E-2,0x0004,0x0000,0x007F,0x0214,0x0000,0x0001,0x0000,0x0000,0x0000,0x0000,0x0000,0x0004,0x0000,0x0000,0x0000,0x0000,0x0000,0x0000,1086
11:59:15 AM,6,0.00,0,0.00,-1.67,0.00,0.00,100.00,-1.00,-1.00,-1.00,0,1,1,100,0,-1,0.18,0.00,0.18,160,160,0,0.00,0.00,0.00,0.00,0.00,0.00,-1.00,-1.00,0.00,-1.00,-1.00,0.00,-1.00,-1.00,0.00,2.46E-1,1.024E+5,0.00E+0,1.33E-2,-1.00,0.00E+0,1.33E-2,0x0004,0x0000,0x007F,0x0214,0x0000,0x0001,0x0000,0x0000,0x0000,0x0000,0x0000,0x0004,0x0000,0x0000,0x0000,0x0000,0x0000,0x0000,1087
11:59:20 AM,6,0.00,0,0.00,-1.67,0.00,0.00,100.00,-1.00,-1.00,-1.00,0,1,1,100,0,-1,0.18,0.00,0.18,160,160,0,0.00,0.00,0.00,0.00,0.00,0.00,-1.00,-1.00,0.00,-1.00,-1.00,0.00,-1.00,-1.00,0.00,2.46E-1,1.024E+5,0.00E+0,1.33E-2,-1.00,0.00E+0,1.33E-2,0x0004,0x0000,0x007F,0x0214,0x0000,0x0001,0x0000,0x0000,0x0000,0x0000,0x0000,0x0004,0x0000,0x0000,0x0000,0x0000,0x0000,0x0000,1088
11:59:25 AM,6,0.00,0,0.00,-1.67,0.00,0.00,100.00,-1.00,-1.00,-1.00,0,1,1,100,0,-1,0.18,0.00,0.18,160,160,0,0.00,0.00,0.00,0.00,0.00,0.00,-1.00,-1.00,0.00,-1.00,-1.00,0.00,-1.00,-1.00,0.00,2.42E-1,1.024E+5,0.00E+0,1.33E-2,-1.00,0.00E+0,1.33E-2,0x0004,0x0000,0x007F,0x0214,0x0000,0x0001,0x0000,0x0000,0x0000,0x0000,0x0000,0x0004,0x0000,0x0000,0x0000,0x0000,0x0000,0x0000,1089
11:59:30 AM,6,0.00,0,0.00,-1.67,0.00,0.00,100.00,-1.00,-1.00,-1.00,0,1,1,100,0,-1,0.18,0.00,0.18,160,160,0,0.00,0.00,0.00,0.00,0.00,0.00,-1.00,-1.00,0.00,-1.00,-1.00,0.00,-1.00,-1.00,0.00,2.42E-1,1.024E+5,0.00E+0,1.33E-2,-1.00,0.00E+0,1.33E-2,0x0004,0x0000,0x007F,0x0214,0x0000,0x0001,0x0000,0x0000,0x0000,0x0000,0x0000,0x0004,0x0000,0x0000,0x0000,0x0000,0x0000,0x0000,1090
11:59:35 AM,6,0.00,0,0.00,-1.67,0.00,0.00,100.00,-1.00,-1.00,-1.00,0,1,1,100,0,-1,0.18,0.00,0.18,160,160,0,0.00,0.00,0.00,0.00,0.00,0.00,-1.00,-1.00,0.00,-1.00,-1.00,0.00,-1.00,-1.00,0.00,2.42E-1,1.024E+5,0.00E+0,1.33E-2,-1.00,0.00E+0,1.33E-2,0x0004,0x0000,0x007F,0x0214,0x0000,0x0001,0x0000,0x0000,0x0000,0x0000,0x0000,0x0004,0x0000,0x0000,0x0000,0x0000,0x0000,0x0000,1091
11:59:39 AM,6,0.00,0,0.00,-1.67,0.00,0.00,100.00,-1.00,-1.00,-1.00,0,1,1,100,0,-1,0.18,0.00,0.18,160,160,0,0.00,0.00,0.00,0.00,0.00,0.00,-1.00,-1.00,0.00,-1.00,-1.00,0.00,-1.00,-1.00,0.00,2.46E-1,1.024E+5,0.00E+0,1.33E-2,-1.00,0.00E+0,1.33E-2,0x0004,0x0000,0x007F,0x0214,0x0000,0x0001,0x0000,0x0000,0x0000,0x0000,0x0000,0x0004,0x0000,0x0000,0x0000,0x0000,0x0000,0x0000,1092
11:59:44 AM,6,0.00,0,0.00,-1.67,0.00,0.00,100.00,-1.00,-1.00,-1.00,0,1,1,100,0,-1,0.18,0.00,0.18,160,160,0,0.00,0.00,0.00,0.00,0.00,0.00,-1.00,-1.00,0.00,-1.00,-1.00,0.00,-1.00,-1.00,0.00,2.46E-1,1.024E+5,0.00E+0,1.33E-2,-1.00,0.00E+0,1.33E-2,0x0004,0x0000,0x007F,0x0214,0x0000,0x0001,0x0000,0x0000,0x0000,0x0000,0x0000,0x0004,0x0000,0x0000,0x0000,0x0000,0x0000,0x0000,1093
11:59:49 AM,6,0.00,0,0.00,-1.67,0.00,0.00,100.00,-1.00,-1.00,-1.00,0,1,1,100,0,-1,0.18,0.00,0.18,160,160,0,0.00,0.00,0.00,0.00,0.00,0.00,-1.00,-1.00,0.00,-1.00,-1.00,0.00,-1.00,-1.00,0.00,2.42E-1,1.024E+5,0.00E+0,1.33E-2,-1.00,0.00E+0,1.33E-2,0x0004,0x0000,0x007F,0x0214,0x0000,0x0001,0x0000,0x0000,0x0000,0x0000,0x0000,0x0004,0x0000,0x0000,0x0000,0x0000,0x0000,0x0000,1094
11:59:54 AM,6,0.00,0,0.00,-1.67,0.00,0.00,100.00,-1.00,-1.00,-1.00,0,1,1,100,0,-1,0.18,0.00,0.18,160,160,0,0.00,0.00,0.00,0.00,0.00,0.00,-1.00,-1.00,0.00,-1.00,-1.00,0.00,-1.00,-1.00,0.00,2.42E-1,1.024E+5,0.00E+0,1.33E-2,-1.00,0.00E+0,1.33E-2,0x0004,0x0000,0x007F,0x0214,0x0000,0x0001,0x0000,0x0000,0x0000,0x0000,0x0000,0x0004,0x0000,0x0000,0x0000,0x0000,0x0000,0x0000,1095
11:59:59 AM,6,0.00,0,0.00,-1.67,0.00,0.00,100.00,-1.00,-1.00,-1.00,0,1,1,100,0,-1,0.18,0.00,0.18,160,160,0,0.00,0.00,0.00,0.00,0.00,0.00,-1.00,-1.00,0.00,-1.00,-1.00,0.00,-1.00,-1.00,0.00,2.48E-1,1.024E+5,0.00E+0,1.33E-2,-1.00,0.00E+0,1.33E-2,0x0004,0x0000,0x007F,0x0214,0x0000,0x0001,0x0000,0x0000,0x0000,0x0000,0x0000,0x0004,0x0000,0x0000,0x0000,0x0000,0x0000,0x0000,1096
12:00:04 PM,6,0.00,0,0.00,-1.67,0.00,0.00,100.00,-1.00,-1.00,-1.00,0,1,1,100,0,-1,0.18,0.00,0.18,160,160,0,0.00,0.00,0.00,0.00,0.00,0.00,-1.00,-1.00,0.00,-1.00,-1.00,0.00,-1.00,-1.00,0.00,2.42E-1,1.024E+5,0.00E+0,1.33E-2,-1.00,0.00E+0,1.33E-2,0x0004,0x0000,0x007F,0x0214,0x0000,0x0001,0x0000,0x0000,0x0000,0x0000,0x0000,0x0004,0x0000,0x0000,0x0000,0x0000,0x0000,0x0000,1097
12:00:09 PM,6,0.00,0,0.00,-1.67,0.00,0.00,100.00,-1.00,-1.00,-1.00,0,1,1,100,0,-1,0.18,0.00,0.18,160,160,0,0.00,0.00,0.00,0.00,0.00,0.00,-1.00,-1.00,0.00,-1.00,-1.00,0.00,-1.00,-1.00,0.00,2.46E-1,1.024E+5,0.00E+0,1.33E-2,-1.00,0.00E+0,1.33E-2,0x0004,0x0000,0x007F,0x0214,0x0000,0x0001,0x0000,0x0000,0x0000,0x0000,0x0000,0x0004,0x0000,0x0000,0x0000,0x0000,0x0000,0x0000,1098
12:00:14 PM,6,0.00,0,0.00,-1.67,0.00,0.00,100.00,-1.00,-1.00,-1.00,0,1,1,100,0,-1,0.18,0.00,0.18,160,160,0,0.00,0.00,0.00,0.00,0.00,0.00,-1.00,-1.00,0.00,-1.00,-1.00,0.00,-1.00,-1.00,0.00,2.42E-1,1.024E+5,0.00E+0,1.33E-2,-1.00,0.00E+0,1.33E-2,0x0004,0x0000,0x007F,0x0214,0x0000,0x0001,0x0000,0x0000,0x0000,0x0000,0x0000,0x0004,0x0000,0x0000,0x0000,0x0000,0x0000,0x0000,1099
12:00:19 PM,6,0.00,0,0.00,-1.67,0.00,0.00,100.00,-1.00,-1.00,-1.00,0,1,1,100,0,-1,0.18,0.00,0.18,160,160,0,0.00,0.00,0.00,0.00,0.00,0.00,-1.00,-1.00,0.00,-1.00,-1.00,0.00,-1.00,-1.00,0.00,2.44E-1,1.024E+5,0.00E+0,1.33E-2,-1.00,0.00E+0,1.33E-2,0x0004,0x0000,0x007F,0x0214,0x0000,0x0001,0x0000,0x0000,0x0000,0x0000,0x0000,0x0004,0x0000,0x0000,0x0000,0x0000,0x0000,0x0000,1100
12:00:24 PM,6,0.00,0,0.00,-1.67,0.00,0.00,100.00,-1.00,-1.00,-1.00,0,1,1,100,0,-1,0.18,0.00,0.18,160,160,0,0.00,0.00,0.00,0.00,0.00,0.00,-1.00,-1.00,0.00,-1.00,-1.00,0.00,-1.00,-1.00,0.00,2.46E-1,1.024E+5,0.00E+0,1.33E-2,-1.00,0.00E+0,1.33E-2,0x0004,0x0000,0x007F,0x0214,0x0000,0x0001,0x0000,0x0000,0x0000,0x0000,0x0000,0x0004,0x0000,0x0000,0x0000,0x0000,0x0000,0x0000,1101
12:00:29 PM,6,0.00,0,0.00,-1.67,0.00,0.00,100.00,-1.00,-1.00,-1.00,0,1,1,100,0,-1,0.18,0.00,0.18,160,160,0,0.00,0.00,0.00,0.00,0.00,0.00,-1.00,-1.00,0.00,-1.00,-1.00,0.00,-1.00,-1.00,0.00,2.51E-1,1.024E+5,0.00E+0,1.33E-2,-1.00,0.00E+0,1.33E-2,0x0004,0x0000,0x007F,0x0214,0x0000,0x0001,0x0000,0x0000,0x0000,0x0000,0x0000,0x0004,0x0000,0x0000,0x0000,0x0000,0x0000,0x0000,1102
12:00:34 PM,6,0.00,0,0.00,-1.67,0.00,0.00,100.00,-1.00,-1.00,-1.00,0,1,1,100,0,-1,0.18,0.00,0.18,160,160,0,0.00,0.00,0.00,0.00,0.00,0.00,-1.00,-1.00,0.00,-1.00,-1.00,0.00,-1.00,-1.00,0.00,2.46E-1,1.024E+5,0.00E+0,1.33E-2,-1.00,0.00E+0,1.33E-2,0x0004,0x0000,0x007F,0x0214,0x0000,0x0001,0x0000,0x0000,0x0000,0x0000,0x0000,0x0004,0x0000,0x0000,0x0000,0x0000,0x0000,0x0000,1103
12:00:39 PM,6,0.00,0,0.00,-1.67,0.00,0.00,100.00,-1.00,-1.00,-1.00,0,1,1,100,0,-1,0.18,0.00,0.18,160,160,0,0.00,0.00,0.00,0.00,0.00,0.00,-1.00,-1.00,0.00,-1.00,-1.00,0.00,-1.00,-1.00,0.00,2.46E-1,1.024E+5,0.00E+0,1.33E-2,-1.00,0.00E+0,1.33E-2,0x0004,0x0000,0x007F,0x0214,0x0000,0x0001,0x0000,0x0000,0x0000,0x0000,0x0000,0x0004,0x0000,0x0000,0x0000,0x0000,0x0000,0x0000,1104
12:00:44 PM,6,0.00,0,0.00,-1.67,0.00,0.00,100.00,-1.00,-1.00,-1.00,0,1,1,100,0,-1,0.18,0.00,0.18,160,160,0,0.00,0.00,0.00,0.00,0.00,0.00,-1.00,-1.00,0.00,-1.00,-1.00,0.00,-1.00,-1.00,0.00,2.46E-1,1.024E+5,0.00E+0,1.33E-2,-1.00,0.00E+0,1.33E-2,0x0004,0x0000,0x007F,0x0214,0x0000,0x0001,0x0000,0x0000,0x0000,0x0000,0x0000,0x0004,0x0000,0x0000,0x0000,0x0000,0x0000,0x0000,1105
12:00:49 PM,6,0.00,0,0.00,-1.67,0.00,0.00,100.00,-1.00,-1.00,-1.00,0,1,1,100,0,-1,0.18,0.00,0.18,160,160,0,0.00,0.00,0.00,0.00,0.00,0.00,-1.00,-1.00,0.00,-1.00,-1.00,0.00,-1.00,-1.00,0.00,2.42E-1,1.024E+5,0.00E+0,1.33E-2,-1.00,0.00E+0,1.33E-2,0x0004,0x0000,0x007F,0x0214,0x0000,0x0001,0x0000,0x0000,0x0000,0x0000,0x0000,0x0004,0x0000,0x0000,0x0000,0x0000,0x0000,0x0000,1106
12:00:54 PM,6,0.00,0,0.00,-1.67,0.00,0.00,100.00,-1.00,-1.00,-1.00,0,1,1,100,0,-1,0.18,0.00,0.18,160,160,0,0.00,0.00,0.00,0.00,0.00,0.00,-1.00,-1.00,0.00,-1.00,-1.00,0.00,-1.00,-1.00,0.00,2.46E-1,1.024E+5,0.00E+0,1.33E-2,-1.00,0.00E+0,1.33E-2,0x0004,0x0000,0x007F,0x0214,0x0000,0x0001,0x0000,0x0000,0x0000,0x0000,0x0000,0x0004,0x0000,0x0000,0x0000,0x0000,0x0000,0x0000,1107
12:00:59 PM,6,0.00,0,0.00,-1.67,0.00,0.00,100.00,-1.00,-1.00,-1.00,0,1,1,100,0,-1,0.18,0.00,0.18,160,160,0,0.00,0.00,0.00,0.00,0.00,0.00,-1.00,-1.00,0.00,-1.00,-1.00,0.00,-1.00,-1.00,0.00,2.44E-1,1.024E+5,0.00E+0,1.33E-2,-1.00,0.00E+0,1.33E-2,0x0004,0x0000,0x007F,0x0214,0x0000,0x0001,0x0000,0x0000,0x0000,0x0000,0x0000,0x0004,0x0000,0x0000,0x0000,0x0000,0x0000,0x0000,1108
12:01:04 PM,6,0.00,0,0.00,-1.67,0.00,0.00,100.00,-1.00,-1.00,-1.00,0,1,1,100,0,-1,0.18,0.00,0.18,160,160,0,0.00,0.00,0.00,0.00,0.00,0.00,-1.00,-1.00,0.00,-1.00,-1.00,0.00,-1.00,-1.00,0.00,2.46E-1,1.024E+5,0.00E+0,1.33E-2,-1.00,0.00E+0,1.33E-2,0x0004,0x0000,0x007F,0x0214,0x0000,0x0001,0x0000,0x0000,0x0000,0x0000,0x0000,0x0004,0x0000,0x0000,0x0000,0x0000,0x0000,0x0000,1109
11:58:05 AM,6,0.00,0,0.00,-1.67,0.00,0.00,100.00,-1.00,-1.00,-1.00,0,1,1,100,0,-1,0.18,0.00,0.18,160,160,0,0.00,0.00,0.00,0.00,0.00,0.00,-1.00,-1.00,0.00,-1.00,-1.00,0.00,-1.00,-1.00,0.00,2.44E-1,1.024E+5,0.00E+0,1.33E-2,-1.00,0.00E+0,1.33E-2,0x0004,0x0000,0x007F,0x0214,0x0000,0x0001,0x0000,0x0000,0x0000,0x0000,0x0000,0x0004,0x0000,0x0000,0x0000,0x0000,0x0000,0x0000,1110
11:58:10 AM,6,0.00,0,0.00,-1.67,0.00,0.00,100.00,-1.00,-1.00,-1.00,0,1,1,100,0,-1,0.18,0.00,0.18,160,160,0,0.00,0.00,0.00,0.00,0.00,0.00,-1.00,-1.00,0.00,-1.00,-1.00,0.00,-1.00,-1.00,0.00,2.42E-1,1.024E+5,0.00E+0,1.33E-2,-1.00,0.00E+0,1.33E-2,0x0004,0x0000,0x007F,0x0214,0x0000,0x0001,0x0000,0x0000,0x0000,0x0000,0x0000,0x0004,0x0000,0x0000,0x0000,0x0000,0x0000,0x0000,1111
11:58:15 AM,6,0.00,0,0.00,-1.67,0.00,0.00,100.00,-1.00,-1.00,-1.00,0,1,1,100,0,-1,0.18,0.00,0.18,160,160,0,0.00,0.00,0.00,0.00,0.00,0.00,-1.00,-1.00,0.00,-1.00,-1.00,0.00,-1.00,-1.00,0.00,2.42E-1,1.024E+5,0.00E+0,1.33E-2,-1.00,0.00E+0,1.33E-2,0x0004,0x0000,0x007F,0x0214,0x0000,0x0001,0x0000,0x0000,0x0000,0x0000,0x0000,0x0004,0x0000,0x0000,0x0000,0x0000,0x0000,0x0000,1112
11:58:20 AM,6,0.00,0,0.00,-1.67,0.00,0.00,100.00,-1.00,-1.00,-1.00,0,1,1,100,0,-1,0.18,0.00,0.18,160,160,0,0.00,0.00,0.00,0.00,0.00,0.00,-1.00,-1.00,0.00,-1.00,-1.00,0.00,-1.00,-1.00,0.00,2.46E-1,1.024E+5,0.00E+0,1.33E-2,-1.00,0.00E+0,1.33E-2,0x0004,0x0000,0x007F,0x0214,0x0000,0x0001,0x0000,0x0000,0x0000,0x0000,0x0000,0x0004,0x0000,0x0000,0x0000,0x0000,0x0000,0x0000,1113
11:58:25 AM,6,0.00,0,0.00,-1.67,0.00,0.00,100.00,-1.00,-1.00,-1.00,0,1,1,100,0,-1,0.18,0.00,0.18,160,160,0,0.00,0.00,0.00,0.00,0.00,0.00,-1.00,-1.00,0.00,-1.00,-1.00,0.00,-1.00,-1.00,0.00,2.46E-1,1.024E+5,0.00E+0,1.33E-2,-1.00,0.00E+0,1.33E-2,0x0004,0x0000,0x007F,0x0214,0x0000,0x0001,0x0000,0x0000,0x0000,0x0000,0x0000,0x0004,0x0000,0x0000,0x0000,0x0000,0x0000,0x0000,1114
11:58:30 AM,6,0.00,0,0.00,-1.67,0.00,0.00,100.00,-1.00,-1.00,-1.00,0,1,1,100,0,-1,0.18,0.00,0.18,160,160,0,0.00,0.00,0.00,0.00,0.00,0.00,-1.00,-1.00,0.00,-1.00,-1.00,0.00,-1.00,-1.00,0.00,2.46E-1,1.024E+5,0.00E+0,1.33E-2,-1.00,0.00E+0,1.33E-2,0x0004,0x0000,0x007F,0x0214,0x0000,0x0001,0x0000,0x0000,0x0000,0x0000,0x0000,0x0004,0x0000,0x0000,0x0000,0x0000,0x0000,0x0000,1115
11:58:35 AM,6,0.00,0,0.00,-1.67,0.00,0.00,100.00,-1.00,-1.00,-1.00,0,1,1,100,0,-1,0.18,0.00,0.18,160,160,0,0.00,0.00,0.00,0.00,0.00,0.00,-1.00,-1.00,0.00,-1.00,-1.00,0.00,-1.00,-1.00,0.00,2.44E-1,1.024E+5,0.00E+0,1.33E-2,-1.00,0.00E+0,1.33E-2,0x0004,0x0000,0x007F,0x0214,0x0000,0x0001,0x0000,0x0000,0x0000,0x0000,0x0000,0x0004,0x0000,0x0000,0x0000,0x0000,0x0000,0x0000,1116
11:58:40 AM,6,0.00,0,0.00,-1.67,0.00,0.00,100.00,-1.00,-1.00,-1.00,0,1,1,100,0,-1,0.18,0.00,0.18,160,160,0,0.00,0.00,0.00,0.00,0.00,0.00,-1.00,-1.00,0.00,-1.00,-1.00,0.00,-1.00,-1.00,0.00,2.42E-1,1.024E+5,0.00E+0,1.33E-2,-1.00,0.00E+0,1.33E-2,0x0004,0x0000,0x007F,0x0214,0x0000,0x0001,0x0000,0x0000,0x0000,0x0000,0x0000,0x0004,0x0000,0x0000,0x0000,0x0000,0x0000,0x0000,1117
11:58:45 AM,6,0.00,0,0.00,-1.67,0.00,0.00,100.00,-1.00,-1.00,-1.00,0,1,1,100,0,-1,0.18,0.00,0.18,160,160,0,0.00,0.00,0.00,0.00,0.00,0.00,-1.00,-1.00,0.00,-1.00,-1.00,0.00,-1.00,-1.00,0.00,2.40E-1,1.024E+5,0.00E+0,1.33E-2,-1.00,0.00E+0,1.33E-2,0x0004,0x0000,0x007F,0x0214,0x0000,0x0001,0x0000,0x0000,0x0000,0x0000,0x0000,0x0004,0x0000,0x0000,0x0000,0x0000,0x0000,0x0000,1118
11:58:50 AM,6,0.00,0,0.00,-1.67,0.00,0.00,100.00,-1.00,-1.00,-1.00,0,1,1,100,0,-1,0.18,0.00,0.18,160,160,0,0.00,0.00,0.00,0.00,0.00,0.00,-1.00,-1.00,0.00,-1.00,-1.00,0.00,-1.00,-1.00,0.00,2.42E-1,1.024E+5,0.00E+0,1.33E-2,-1.00,0.00E+0,1.33E-2,0x0004,0x0000,0x007F,0x0214,0x0000,0x0001,0x0000,0x0000,0x0000,0x0000,0x0000,0x0004,0x0000,0x0000,0x0000,0x0000,0x0000,0x0000,1119
11:58:55 AM,6,0.00,0,0.00,-1.67,0.00,0.00,100.00,-1.00,-1.00,-1.00,0,1,1,100,0,-1,0.18,0.00,0.18,160,160,0,0.00,0.00,0.00,0.00,0.00,0.00,-1.00,-1.00,0.00,-1.00,-1.00,0.00,-1.00,-1.00,0.00,2.44E-1,1.024E+5,0.00E+0,1.33E-2,-1.00,0.00E+0,1.33E-2,0x0004,0x0000,0x007F,0x0214,0x0000,0x0001,0x0000,0x0000,0x0000,0x0000,0x0000,0x0004,0x0000,0x0000,0x0000,0x0000,0x0000,0x0000,1120
11:59:00 AM,6,0.00,0,0.00,-1.67,0.00,0.00,100.00,-1.00,-1.00,-1.00,0,1,1,100,0,-1,0.18,0.00,0.18,160,160,0,0.00,0.00,0.00,0.00,0.00,0.00,-1.00,-1.00,0.00,-1.00,-1.00,0.00,-1.00,-1.00,0.00,2.37E-1,1.024E+5,0.00E+0,1.33E-2,-1.00,0.00E+0,1.33E-2,0x0004,0x0000,0x007F,0x0214,0x0000,0x0001,0x0000,0x0000,0x0000,0x0000,0x0000,0x0004,0x0000,0x0000,0x0000,0x0000,0x0000,0x0000,1121
11:59:05 AM,6,0.00,0,0.00,-1.67,0.00,0.00,100.00,-1.00,-1.00,-1.00,0,1,1,100,0,-1,0.18,0.00,0.18,160,160,0,0.00,0.00,0.00,0.00,0.00,0.00,-1.00,-1.00,0.00,-1.00,-1.00,0.00,-1.00,-1.00,0.00,2.44E-1,1.024E+5,0.00E+0,1.33E-2,-1.00,0.00E+0,1.33E-2,0x0004,0x0000,0x007F,0x0214,0x0000,0x0001,0x0000,0x0000,0x0000,0x0000,0x0000,0x0004,0x0000,0x0000,0x0000,0x0000,0x0000,0x0000,1122
11:59:10 AM,6,0.00,0,0.00,-1.67,0.00,0.00,100.00,-1.00,-1.00,-1.00,0,1,1,100,0,-1,0.18,0.00,0.18,160,160,0,0.00,0.00,0.00,0.00,0.00,0.00,-1.00,-1.00,0.00,-1.00,-1.00,0.00,-1.00,-1.00,0.00,2.46E-1,1.024E+5,0.00E+0,1.33E-2,-1.00,0.00E+0,1.33E-2,0x0004,0x0000,0x007F,0x0214,0x0000,0x0001,0x0000,0x0000,0x0000,0x0000,0x0000,0x0004,0x0000,0x0000,0x0000,0x0000,0x0000,0x0000,1123
11:59:15 AM,6,0.00,0,0.00,-1.67,0.00,0.00,100.00,-1.00,-1.00,-1.00,0,1,1,100,0,-1,0.18,0.00,0.18,160,160,0,0.00,0.00,0.00,0.00,0.00,0.00,-1.00,-1.00,0.00,-1.00,-1.00,0.00,-1.00,-1.00,0.00,2.46E-1,1.024E+5,0.00E+0,1.33E-2,-1.00,0.00E+0,1.33E-2,0x0004,0x0000,0x007F,0x0214,0x0000,0x0001,0x0000,0x0000,0x0000,0x0000,0x0000,0x0004,0x0000,0x0000,0x0000,0x0000,0x0000,0x0000,1124
11:59:20 AM,6,0.00,0,0.00,-1.67,0.00,0.00,100.00,-1.00,-1.00,-1.00,0,1,1,100,0,-1,0.18,0.00,0.18,160,160,0,0.00,0.00,0.00,0.00,0.00,0.00,-1.00,-1.00,0.00,-1.00,-1.00,0.00,-1.00,-1.00,0.00,2.46E-1,1.024E+5,0.00E+0,1.33E-2,-1.00,0.00E+0,1.33E-2,0x0004,0x0000,0x007F,0x0214,0x0000,0x0001,0x0000,0x0000,0x0000,0x0000,0x0000,0x0004,0x0000,0x0000,0x0000,0x0000,0x0000,0x0000,1125
11:59:25 AM,6,0.00,0,0.00,-1.67,0.00,0.00,100.00,-1.00,-1.00,-1.00,0,1,1,100,0,-1,0.18,0.00,0.18,160,160,0,0.00,0.00,0.00,0.00,0.00,0.00,-1.00,-1.00,0.00,-1.00,-1.00,0.00,-1.00,-1.00,0.00,2.42E-1,1.024E+5,0.00E+0,1.33E-2,-1.00,0.00E+0,1.33E-2,0x0004,0x0000,0x007F,0x0214,0x0000,0x0001,0x0000,0x0000,0x0000,0x0000,0x0000,0x0004,0x0000,0x0000,0x0000,0x0000,0x0000,0x0000,1126
11:59:30 AM,6,0.00,0,0.00,-1.67,0.00,0.00,100.00,-1.00,-1.00,-1.00,0,1,1,100,0,-1,0.18,0.00,0.18,160,160,0,0.00,0.00,0.00,0.00,0.00,0.00,-1.00,-1.00,0.00,-1.00,-1.00,0.00,-1.00,-1.00,0.00,2.42E-1,1.024E+5,0.00E+0,1.33E-2,-1.00,0.00E+0,1.33E-2,0x0004,0x0000,0x007F,0x0214,0x0000,0x0001,0x0000,0x0000,0x0000,0x0000,0x0000,0x0004,0x0000,0x0000,0x0000,0x0000,0x0000,0x0000,1127
11:59:35 AM,6,0.00,0,0.00,-1.67,0.00,0.00,100.00,-1.00,-1.00,-1.00,0,1,1,100,0,-1,0.18,0.00,0.18,160,160,0,0.00,0.00,0.00,0.00,0.00,0.00,-1.00,-1.00,0.00,-1.00,-1.00,0.00,-1.00,-1.00,0.00,2.42E-1,1.024E+5,0.00E+0,1.33E-2,-1.00,0.00E+0,1.33E-2,0x0004,0x0000,0x007F,0x0214,0x0000,0x0001,0x0000,0x0000,0x0000,0x0000,0x0000,0x0004,0x0000,0x0000,0x0000,0x0000,0x0000,0x0000,1128
11:59:39 AM,6,0.00,0,0.00,-1.67,0.00,0.00,100.00,-1.00,-1.00,-1.00,0,1,1,100,0,-1,0.18,0.00,0.18,160,160,0,0.00,0.00,0.00,0.00,0.00,0.00,-1.00,-1.00,0.00,-1.00,-1.00,0.00,-1.00,-1.00,0.00,2.46E-1,1.024E+5,0.00E+0,1.33E-2,-1.00,0.00E+0,1.33E-2,0x0004,0x0000,0x007F,0x0214,0x0000,0x0001,0x0000,0x0000,0x0000,0x0000,0x0000,0x0004,0x0000,0x0000,0x0000,0x0000,0x0000,0x0000,1129
11:59:44 AM,6,0.00,0,0.00,-1.67,0.00,0.00,100.00,-1.00,-1.00,-1.00,0,1,1,100,0,-1,0.18,0.00,0.18,160,160,0,0.00,0.00,0.00,0.00,0.00,0.00,-1.00,-1.00,0.00,-1.00,-1.00,0.00,-1.00,-1.00,0.00,2.46E-1,1.024E+5,0.00E+0,1.33E-2,-1.00,0.00E+0,1.33E-2,0x0004,0x0000,0x007F,0x0214,0x0000,0x0001,0x0000,0x0000,0x0000,0x0000,0x0000,0x0004,0x0000,0x0000,0x0000,0x0000,0x0000,0x0000,1130
11:59:49 AM,6,0.00,0,0.00,-1.67,0.00,0.00,100.00,-1.00,-1.00,-1.00,0,1,1,100,0,-1,0.18,0.00,0.18,160,160,0,0.00,0.00,0.00,0.00,0.00,0.00,-1.00,-1.00,0.00,-1.00,-1.00,0.00,-1.00,-1.00,0.00,2.42E-1,1.024E+5,0.00E+0,1.33E-2,-1.00,0.00E+0,1.33E-2,0x0004,0x0000,0x007F,0x0214,0x0000,0x0001,0x0000,0x0000,0x0000,0x0000,0x0000,0x0004,0x0000,0x0000,0x0000,0x0000,0x0000,0x0000,1131
11:59:54 AM,6,0.00,0,0.00,-1.67,0.00,0.00,100.00,-1.00,-1.00,-1.00,0,1,1,100,0,-1,0.18,0.00,0.18,160,160,0,0.00,0.00,0.00,0.00,0.00,0.00,-1.00,-1.00,0.00,-1.00,-1.00,0.00,-1.00,-1.00,0.00,2.42E-1,1.024E+5,0.00E+0,1.33E-2,-1.00,0.00E+0,1.33E-2,0x0004,0x0000,0x007F,0x0214,0x0000,0x0001,0x0000,0x0000,0x0000,0x0000,0x0000,0x0004,0x0000,0x0000,0x0000,0x0000,0x0000,0x0000,1132
11:59:59 AM,6,0.00,0,0.00,-1.67,0.00,0.00,100.00,-1.00,-1.00,-1.00,0,1,1,100,0,-1,0.18,0.00,0.18,160,160,0,0.00,0.00,0.00,0.00,0.00,0.00,-1.00,-1.00,0.00,-1.00,-1.00,0.00,-1.00,-1.00,0.00,2.48E-1,1.024E+5,0.00E+0,1.33E-2,-1.00,0.00E+0,1.33E-2,0x0004,0x0000,0x007F,0x0214,0x0000,0x0001,0x0000,0x0000,0x0000,0x0000,0x0000,0x0004,0x0000,0x0000,0x0000,0x0000,0x0000,0x0000,1133
12:00:04 PM,6,0.00,0,0.00,-1.67,0.00,0.00,100.00,-1.00,-1.00,-1.00,0,1,1,100,0,-1,0.18,0.00,0.18,160,160,0,0.00,0.00,0.00,0.00,0.00,0.00,-1.00,-1.00,0.00,-1.00,-1.00,0.00,-1.00,-1.00,0.00,2.42E-1,1.024E+5,0.00E+0,1.33E-2,-1.00,0.00E+0,1.33E-2,0x0004,0x0000,0x007F,0x0214,0x0000,0x0001,0x0000,0x0000,0x0000,0x0000,0x0000,0x0004,0x0000,0x0000,0x0000,0x0000,0x0000,0x0000,1134
12:00:09 PM,6,0.00,0,0.00,-1.67,0.00,0.00,100.00,-1.00,-1.00,-1.00,0,1,1,100,0,-1,0.18,0.00,0.18,160,160,0,0.00,0.00,0.00,0.00,0.00,0.00,-1.00,-1.00,0.00,-1.00,-1.00,0.00,-1.00,-1.00,0.00,2.46E-1,1.024E+5,0.00E+0,1.33E-2,-1.00,0.00E+0,1.33E-2,0x0004,0x0000,0x007F,0x0214,0x0000,0x0001,0x0000,0x0000,0x0000,0x0000,0x0000,0x0004,0x0000,0x0000,0x0000,0x0000,0x0000,0x0000,1135
12:00:14 PM,6,0.00,0,0.00,-1.67,0.00,0.00,100.00,-1.00,-1.00,-1.00,0,1,1,100,0,-1,0.18,0.00,0.18,160,160,0,0.00,0.00,0.00,0.00,0.00,0.00,-1.00,-1.00,0.00,-1.00,-1.00,0.00,-1.00,-1.00,0.00,2.42E-1,1.024E+5,0.00E+0,1.33E-2,-1.00,0.00E+0,1.33E-2,0x0004,0x0000,0x007F,0x0214,0x0000,0x0001,0x0000,0x0000,0x0000,0x0000,0x0000,0x0004,0x0000,0x0000,0x0000,0x0000,0x0000,0x0000,1136
12:00:19 PM,6,0.00,0,0.00,-1.67,0.00,0.00,100.00,-1.00,-1.00,-1.00,0,1,1,100,0,-1,0.18,0.00,0.18,160,160,0,0.00,0.00,0.00,0.00,0.00,0.00,-1.00,-1.00,0.00,-1.00,-1.00,0.00,-1.00,-1.00,0.00,2.44E-1,1.024E+5,0.00E+0,1.33E-2,-1.00,0.00E+0,1.33E-2,0x0004,0x0000,0x007F,0x0214,0x0000,0x0001,0x0000,0x0000,0x0000,0x0000,0x0000,0x0004,0x0000,0x0000,0x0000,0x0000,0x0000,0x0000,1137
12:00:24 PM,6,0.00,0,0.00,-1.67,0.00,0.00,100.00,-1.00,-1.00,-1.00,0,1,1,100,0,-1,0.18,0.00,0.18,160,160,0,0.00,0.00,0.00,0.00,0.00,0.00,-1.00,-1.00,0.00,-1.00,-1.00,0.00,-1.00,-1.00,0.00,2.46E-1,1.024E+5,0.00E+0,1.33E-2,-1.00,0.00E+0,1.33E-2,0x0004,0x0000,0x007F,0x0214,0x0000,0x0001,0x0000,0x0000,0x0000,0x0000,0x0000,0x0004,0x0000,0x0000,0x0000,0x0000,0x0000,0x0000,1138
12:00:29 PM,6,0.00,0,0.00,-1.67,0.00,0.00,100.00,-1.00,-1.00,-1.00,0,1,1,100,0,-1,0.18,0.00,0.18,160,160,0,0.00,0.00,0.00,0.00,0.00,0.00,-1.00,-1.00,0.00,-1.00,-1.00,0.00,-1.00,-1.00,0.00,2.51E-1,1.024E+5,0.00E+0,1.33E-2,-1.00,0.00E+0,1.33E-2,0x0004,0x0000,0x007F,0x0214,0x0000,0x0001,0x0000,0x0000,0x0000,0x0000,0x0000,0x0004,0x0000,0x0000,0x0000,0x0000,0x0000,0x0000,1139
12:00:34 PM,6,0.00,0,0.00,-1.67,0.00,0.00,100.00,-1.00,-1.00,-1.00,0,1,1,100,0,-1,0.18,0.00,0.18,160,160,0,0.00,0.00,0.00,0.00,0.00,0.00,-1.00,-1.00,0.00,-1.00,-1.00,0.00,-1.00,-1.00,0.00,2.46E-1,1.024E+5,0.00E+0,1.33E-2,-1.00,0.00E+0,1.33E-2,0x0004,0x0000,0x007F,0x0214,0x0000,0x0001,0x0000,0x0000,0x0000,0x0000,0x0000,0x0004,0x0000,0x0000,0x0000,0x0000,0x0000,0x0000,1140
12:00:39 PM,6,0.00,0,0.00,-1.67,0.00,0.00,100.00,-1.00,-1.00,-1.00,0,1,1,100,0,-1,0.18,0.00,0.18,160,160,0,0.00,0.00,0.00,0.00,0.00,0.00,-1.00,-1.00,0.00,-1.00,-1.00,0.00,-1.00,-1.00,0.00,2.46E-1,1.024E+5,0.00E+0,1.33E-2,-1.00,0.00E+0,1.33E-2,0x0004,0x0000,0x007F,0x0214,0x0000,0x0001,0x0000,0x0000,0x0000,0x0000,0x0000,0x0004,0x0000,0x0000,0x0000,0x0000,0x0000,0x0000,1141
12:00:44 PM,6,0.00,0,0.00,-1.67,0.00,0.00,100.00,-1.00,-1.00,-1.00,0,1,1,100,0,-1,0.18,0.00,0.18,160,160,0,0.00,0.00,0.00,0.00,0.00,0.00,-1.00,-1.00,0.00,-1.00,-1.00,0.00,-1.00,-1.00,0.00,2.46E-1,1.024E+5,0.00E+0,1.33E-2,-1.00,0.00E+0,1.33E-2,0x0004,0x0000,0x007F,0x0214,0x0000,0x0001,0x0000,0x0000,0x0000,0x0000,0x0000,0x0004,0x0000,0x0000,0x0000,0x0000,0x0000,0x0000,1142
12:00:49 PM,6,0.00,0,0.00,-1.67,0.00,0.00,100.00,-1.00,-1.00,-1.00,0,1,1,100,0,-1,0.18,0.00,0.18,160,160,0,0.00,0.00,0.00,0.00,0.00,0.00,-1.00,-1.00,0.00,-1.00,-1.00,0.00,-1.00,-1.00,0.00,2.42E-1,1.024E+5,0.00E+0,1.33E-2,-1.00,0.00E+0,1.33E-2,0x0004,0x0000,0x007F,0x0214,0x0000,0x0001,0x0000,0x0000,0x0000,0x0000,0x0000,0x0004,0x0000,0x0000,0x0000,0x0000,0x0000,0x0000,1143
12:00:54 PM,6,0.00,0,0.00,-1.67,0.00,0.00,100.00,-1.00,-1.00,-1.00,0,1,1,100,0,-1,0.18,0.00,0.18,160,160,0,0.00,0.00,0.00,0.00,0.00,0.00,-1.00,-1.00,0.00,-1.00,-1.00,0.00,-1.00,-1.00,0.00,2.46E-1,1.024E+5,0.00E+0,1.33E-2,-1.00,0.00E+0,1.33E-2,0x0004,0x0000,0x007F,0x0214,0x0000,0x0001,0x0000,0x0000,0x0000,0x0000,0x0000,0x0004,0x0000,0x0000,0x0000,0x0000,0x0000,0x0000,1144
12:00:59 PM,6,0.00,0,0.00,-1.67,0.00,0.00,100.00,-1.00,-1.00,-1.00,0,1,1,100,0,-1,0.18,0.00,0.18,160,160,0,0.00,0.00,0.00,0.00,0.00,0.00,-1.00,-1.00,0.00,-1.00,-1.00,0.00,-1.00,-1.00,0.00,2.44E-1,1.024E+5,0.00E+0,1.33E-2,-1.00,0.00E+0,1.33E-2,0x0004,0x0000,0x007F,0x0214,0x0000,0x0001,0x0000,0x0000,0x0000,0x0000,0x0000,0x0004,0x0000,0x0000,0x0000,0x0000,0x0000,0x0000,1145
12:01:04 PM,6,0.00,0,0.00,-1.67,0.00,0.00,100.00,-1.00,-1.00,-1.00,0,1,1,100,0,-1,0.18,0.00,0.18,160,160,0,0.00,0.00,0.00,0.00,0.00,0.00,-1.00,-1.00,0.00,-1.00,-1.00,0.00,-1.00,-1.00,0.00,2.46E-1,1.024E+5,0.00E+0,1.33E-2,-1.00,0.00E+0,1.33E-2,0x0004,0x0000,0x007F,0x0214,0x0000,0x0001,0x0000,0x0000,0x0000,0x0000,0x0000,0x0004,0x0000,0x0000,0x0000,0x0000,0x0000,0x0000,1146
11:58:05 AM,6,0.00,0,0.00,-1.67,0.00,0.00,100.00,-1.00,-1.00,-1.00,0,1,1,100,0,-1,0.18,0.00,0.18,160,160,0,0.00,0.00,0.00,0.00,0.00,0.00,-1.00,-1.00,0.00,-1.00,-1.00,0.00,-1.00,-1.00,0.00,2.44E-1,1.024E+5,0.00E+0,1.33E-2,-1.00,0.00E+0,1.33E-2,0x0004,0x0000,0x007F,0x0214,0x0000,0x0001,0x0000,0x0000,0x0000,0x0000,0x0000,0x0004,0x0000,0x0000,0x0000,0x0000,0x0000,0x0000,1147
11:58:10 AM,6,0.00,0,0.00,-1.67,0.00,0.00,100.00,-1.00,-1.00,-1.00,0,1,1,100,0,-1,0.18,0.00,0.18,160,160,0,0.00,0.00,0.00,0.00,0.00,0.00,-1.00,-1.00,0.00,-1.00,-1.00,0.00,-1.00,-1.00,0.00,2.42E-1,1.024E+5,0.00E+0,1.33E-2,-1.00,0.00E+0,1.33E-2,0x0004,0x0000,0x007F,0x0214,0x0000,0x0001,0x0000,0x0000,0x0000,0x0000,0x0000,0x0004,0x0000,0x0000,0x0000,0x0000,0x0000,0x0000,1148
11:58:15 AM,6,0.00,0,0.00,-1.67,0.00,0.00,100.00,-1.00,-1.00,-1.00,0,1,1,100,0,-1,0.18,0.00,0.18,160,160,0,0.00,0.00,0.00,0.00,0.00,0.00,-1.00,-1.00,0.00,-1.00,-1.00,0.00,-1.00,-1.00,0.00,2.42E-1,1.024E+5,0.00E+0,1.33E-2,-1.00,0.00E+0,1.33E-2,0x0004,0x0000,0x007F,0x0214,0x0000,0x0001,0x0000,0x0000,0x0000,0x0000,0x0000,0x0004,0x0000,0x0000,0x0000,0x0000,0x0000,0x0000,1149
11:58:20 AM,6,0.00,0,0.00,-1.67,0.00,0.00,100.00,-1.00,-1.00,-1.00,0,1,1,100,0,-1,0.18,0.00,0.18,160,160,0,0.00,0.00,0.00,0.00,0.00,0.00,-1.00,-1.00,0.00,-1.00,-1.00,0.00,-1.00,-1.00,0.00,2.46E-1,1.024E+5,0.00E+0,1.33E-2,-1.00,0.00E+0,1.33E-2,0x0004,0x0000,0x007F,0x0214,0x0000,0x0001,0x0000,0x0000,0x0000,0x0000,0x0000,0x0004,0x0000,0x0000,0x0000,0x0000,0x0000,0x0000,1150
11:58:25 AM,6,0.00,0,0.00,-1.67,0.00,0.00,100.00,-1.00,-1.00,-1.00,0,1,1,100,0,-1,0.18,0.00,0.18,160,160,0,0.00,0.00,0.00,0.00,0.00,0.00,-1.00,-1.00,0.00,-1.00,-1.00,0.00,-1.00,-1.00,0.00,2.46E-1,1.024E+5,0.00E+0,1.33E-2,-1.00,0.00E+0,1.33E-2,0x0004,0x0000,0x007F,0x0214,0x0000,0x0001,0x0000,0x0000,0x0000,0x0000,0x0000,0x0004,0x0000,0x0000,0x0000,0x0000,0x0000,0x0000,1151
11:58:30 AM,6,0.00,0,0.00,-1.67,0.00,0.00,100.00,-1.00,-1.00,-1.00,0,1,1,100,0,-1,0.18,0.00,0.18,160,160,0,0.00,0.00,0.00,0.00,0.00,0.00,-1.00,-1.00,0.00,-1.00,-1.00,0.00,-1.00,-1.00,0.00,2.46E-1,1.024E+5,0.00E+0,1.33E-2,-1.00,0.00E+0,1.33E-2,0x0004,0x0000,0x007F,0x0214,0x0000,0x0001,0x0000,0x0000,0x0000,0x0000,0x0000,0x0004,0x0000,0x0000,0x0000,0x0000,0x0000,0x0000,1152
11:58:35 AM,6,0.00,0,0.00,-1.67,0.00,0.00,100.00,-1.00,-1.00,-1.00,0,1,1,100,0,-1,0.18,0.00,0.18,160,160,0,0.00,0.00,0.00,0.00,0.00,0.00,-1.00,-1.00,0.00,-1.00,-1.00,0.00,-1.00,-1.00,0.00,2.44E-1,1.024E+5,0.00E+0,1.33E-2,-1.00,0.00E+0,1.33E-2,0x0004,0x0000,0x007F,0x0214,0x0000,0x0001,0x0000,0x0000,0x0000,0x0000,0x0000,0x0004,0x0000,0x0000,0x0000,0x0000,0x0000,0x0000,1153
11:58:40 AM,6,0.00,0,0.00,-1.67,0.00,0.00,100.00,-1.00,-1.00,-1.00,0,1,1,100,0,-1,0.18,0.00,0.18,160,160,0,0.00,0.00,0.00,0.00,0.00,0.00,-1.00,-1.00,0.00,-1.00,-1.00,0.00,-1.00,-1.00,0.00,2.42E-1,1.024E+5,0.00E+0,1.33E-2,-1.00,0.00E+0,1.33E-2,0x0004,0x0000,0x007F,0x0214,0x0000,0x0001,0x0000,0x0000,0x0000,0x0000,0x0000,0x0004,0x0000,0x0000,0x0000,0x0000,0x0000,0x0000,1154
11:58:45 AM,6,0.00,0,0.00,-1.67,0.00,0.00,100.00,-1.00,-1.00,-1.00,0,1,1,100,0,-1,0.18,0.00,0.18,160,160,0,0.00,0.00,0.00,0.00,0.00,0.00,-1.00,-1.00,0.00,-1.00,-1.00,0.00,-1.00,-1.00,0.00,2.40E-1,1.024E+5,0.00E+0,1.33E-2,-1.00,0.00E+0,1.33E-2,0x0004,0x0000,0x007F,0x0214,0x0000,0x0001,0x0000,0x0000,0x0000,0x0000,0x0000,0x0004,0x0000,0x0000,0x0000,0x0000,0x0000,0x0000,1155
11:58:50 AM,6,0.00,0,0.00,-1.67,0.00,0.00,100.00,-1.00,-1.00,-1.00,0,1,1,100,0,-1,0.18,0.00,0.18,160,160,0,0.00,0.00,0.00,0.00,0.00,0.00,-1.00,-1.00,0.00,-1.00,-1.00,0.00,-1.00,-1.00,0.00,2.42E-1,1.024E+5,0.00E+0,1.33E-2,-1.00,0.00E+0,1.33E-2,0x0004,0x0000,0x007F,0x0214,0x0000,0x0001,0x0000,0x0000,0x0000,0x0000,0x0000,0x0004,0x0000,0x0000,0x0000,0x0000,0x0000,0x0000,1156
11:58:55 AM,6,0.00,0,0.00,-1.67,0.00,0.00,100.00,-1.00,-1.00,-1.00,0,1,1,100,0,-1,0.18,0.00,0.18,160,160,0,0.00,0.00,0.00,0.00,0.00,0.00,-1.00,-1.00,0.00,-1.00,-1.00,0.00,-1.00,-1.00,0.00,2.44E-1,1.024E+5,0.00E+0,1.33E-2,-1.00,0.00E+0,1.33E-2,0x0004,0x0000,0x007F,0x0214,0x0000,0x0001,0x0000,0x0000,0x0000,0x0000,0x0000,0x0004,0x0000,0x0000,0x0000,0x0000,0x0000,0x0000,1157
11:59:00 AM,6,0.00,0,0.00,-1.67,0.00,0.00,100.00,-1.00,-1.00,-1.00,0,1,1,100,0,-1,0.18,0.00,0.18,160,160,0,0.00,0.00,0.00,0.00,0.00,0.00,-1.00,-1.00,0.00,-1.00,-1.00,0.00,-1.00,-1.00,0.00,2.37E-1,1.024E+5,0.00E+0,1.33E-2,-1.00,0.00E+0,1.33E-2,0x0004,0x0000,0x007F,0x0214,0x0000,0x0001,0x0000,0x0000,0x0000,0x0000,0x0000,0x0004,0x0000,0x0000,0x0000,0x0000,0x0000,0x0000,1158
11:59:05 AM,6,0.00,0,0.00,-1.67,0.00,0.00,100.00,-1.00,-1.00,-1.00,0,1,1,100,0,-1,0.18,0.00,0.18,160,160,0,0.00,0.00,0.00,0.00,0.00,0.00,-1.00,-1.00,0.00,-1.00,-1.00,0.00,-1.00,-1.00,0.00,2.44E-1,1.024E+5,0.00E+0,1.33E-2,-1.00,0.00E+0,1.33E-2,0x0004,0x0000,0x007F,0x0214,0x0000,0x0001,0x0000,0x0000,0x0000,0x0000,0x0000,0x0004,0x0000,0x0000,0x0000,0x0000,0x0000,0x0000,1159
11:59:10 AM,6,0.00,0,0.00,-1.67,0.00,0.00,100.00,-1.00,-1.00,-1.00,0,1,1,100,0,-1,0.18,0.00,0.18,160,160,0,0.00,0.00,0.00,0.00,0.00,0.00,-1.00,-1.00,0.00,-1.00,-1.00,0.00,-1.00,-1.00,0.00,2.46E-1,1.024E+5,0.00E+0,1.33E-2,-1.00,0.00E+0,1.33E-2,0x0004,0x0000,0x007F,0x0214,0x0000,0x0001,0x0000,0x0000,0x0000,0x0000,0x0000,0x0004,0x0000,0x0000,0x0000,0x0000,0x0000,0x0000,1160
11:59:15 AM,6,0.00,0,0.00,-1.67,0.00,0.00,100.00,-1.00,-1.00,-1.00,0,1,1,100,0,-1,0.18,0.00,0.18,160,160,0,0.00,0.00,0.00,0.00,0.00,0.00,-1.00,-1.00,0.00,-1.00,-1.00,0.00,-1.00,-1.00,0.00,2.46E-1,1.024E+5,0.00E+0,1.33E-2,-1.00,0.00E+0,1.33E-2,0x0004,0x0000,0x007F,0x0214,0x0000,0x0001,0x0000,0x0000,0x0000,0x0000,0x0000,0x0004,0x0000,0x0000,0x0000,0x0000,0x0000,0x0000,1161
11:59:20 AM,6,0.00,0,0.00,-1.67,0.00,0.00,100.00,-1.00,-1.00,-1.00,0,1,1,100,0,-1,0.18,0.00,0.18,160,160,0,0.00,0.00,0.00,0.00,0.00,0.00,-1.00,-1.00,0.00,-1.00,-1.00,0.00,-1.00,-1.00,0.00,2.46E-1,1.024E+5,0.00E+0,1.33E-2,-1.00,0.00E+0,1.33E-2,0x0004,0x0000,0x007F,0x0214,0x0000,0x0001,0x0000,0x0000,0x0000,0x0000,0x0000,0x0004,0x0000,0x0000,0x0000,0x0000,0x0000,0x0000,1162
11:59:25 AM,6,0.00,0,0.00,-1.67,0.00,0.00,100.00,-1.00,-1.00,-1.00,0,1,1,100,0,-1,0.18,0.00,0.18,160,160,0,0.00,0.00,0.00,0.00,0.00,0.00,-1.00,-1.00,0.00,-1.00,-1.00,0.00,-1.00,-1.00,0.00,2.42E-1,1.024E+5,0.00E+0,1.33E-2,-1.00,0.00E+0,1.33E-2,0x0004,0x0000,0x007F,0x0214,0x0000,0x0001,0x0000,0x0000,0x0000,0x0000,0x0000,0x0004,0x0000,0x0000,0x0000,0x0000,0x0000,0x0000,1163
11:59:30 AM,6,0.00,0,0.00,-1.67,0.00,0.00,100.00,-1.00,-1.00,-1.00,0,1,1,100,0,-1,0.18,0.00,0.18,160,160,0,0.00,0.00,0.00,0.00,0.00,0.00,-1.00,-1.00,0.00,-1.00,-1.00,0.00,-1.00,-1.00,0.00,2.42E-1,1.024E+5,0.00E+0,1.33E-2,-1.00,0.00E+0,1.33E-2,0x0004,0x0000,0x007F,0x0214,0x0000,0x0001,0x0000,0x0000,0x0000,0x0000,0x0000,0x0004,0x0000,0x0000,0x0000,0x0000,0x0000,0x0000,1164
11:59:35 AM,6,0.00,0,0.00,-1.67,0.00,0.00,100.00,-1.00,-1.00,-1.00,0,1,1,100,0,-1,0.18,0.00,0.18,160,160,0,0.00,0.00,0.00,0.00,0.00,0.00,-1.00,-1.00,0.00,-1.00,-1.00,0.00,-1.00,-1.00,0.00,2.42E-1,1.024E+5,0.00E+0,1.33E-2,-1.00,0.00E+0,1.33E-2,0x0004,0x0000,0x007F,0x0214,0x0000,0x0001,0x0000,0x0000,0x0000,0x0000,0x0000,0x0004,0x0000,0x0000,0x0000,0x0000,0x0000,0x0000,1165
11:59:39 AM,6,0.00,0,0.00,-1.67,0.00,0.00,100.00,-1.00,-1.00,-1.00,0,1,1,100,0,-1,0.18,0.00,0.18,160,160,0,0.00,0.00,0.00,0.00,0.00,0.00,-1.00,-1.00,0.00,-1.00,-1.00,0.00,-1.00,-1.00,0.00,2.46E-1,1.024E+5,0.00E+0,1.33E-2,-1.00,0.00E+0,1.33E-2,0x0004,0x0000,0x007F,0x0214,0x0000,0x0001,0x0000,0x0000,0x0000,0x0000,0x0000,0x0004,0x0000,0x0000,0x0000,0x0000,0x0000,0x0000,1166
11:59:44 AM,6,0.00,0,0.00,-1.67,0.00,0.00,100.00,-1.00,-1.00,-1.00,0,1,1,100,0,-1,0.18,0.00,0.18,160,160,0,0.00,0.00,0.00,0.00,0.00,0.00,-1.00,-1.00,0.00,-1.00,-1.00,0.00,-1.00,-1.00,0.00,2.46E-1,1.024E+5,0.00E+0,1.33E-2,-1.00,0.00E+0,1.33E-2,0x0004,0x0000,0x007F,0x0214,0x0000,0x0001,0x0000,0x0000,0x0000,0x0000,0x0000,0x0004,0x0000,0x0000,0x0000,0x0000,0x0000,0x0000,1167
11:59:49 AM,6,0.00,0,0.00,-1.67,0.00,0.00,100.00,-1.00,-1.00,-1.00,0,1,1,100,0,-1,0.18,0.00,0.18,160,160,0,0.00,0.00,0.00,0.00,0.00,0.00,-1.00,-1.00,0.00,-1.00,-1.00,0.00,-1.00,-1.00,0.00,2.42E-1,1.024E+5,0.00E+0,1.33E-2,-1.00,0.00E+0,1.33E-2,0x0004,0x0000,0x007F,0x0214,0x0000,0x0001,0x0000,0x0000,0x0000,0x0000,0x0000,0x0004,0x0000,0x0000,0x0000,0x0000,0x0000,0x0000,1168
11:59:54 AM,6,0.00,0,0.00,-1.67,0.00,0.00,100.00,-1.00,-1.00,-1.00,0,1,1,100,0,-1,0.18,0.00,0.18,160,160,0,0.00,0.00,0.00,0.00,0.00,0.00,-1.00,-1.00,0.00,-1.00,-1.00,0.00,-1.00,-1.00,0.00,2.42E-1,1.024E+5,0.00E+0,1.33E-2,-1.00,0.00E+0,1.33E-2,0x0004,0x0000,0x007F,0x0214,0x0000,0x0001,0x0000,0x0000,0x0000,0x0000,0x0000,0x0004,0x0000,0x0000,0x0000,0x0000,0x0000,0x0000,1169
11:59:59 AM,6,0.00,0,0.00,-1.67,0.00,0.00,100.00,-1.00,-1.00,-1.00,0,1,1,100,0,-1,0.18,0.00,0.18,160,160,0,0.00,0.00,0.00,0.00,0.00,0.00,-1.00,-1.00,0.00,-1.00,-1.00,0.00,-1.00,-1.00,0.00,2.48E-1,1.024E+5,0.00E+0,1.33E-2,-1.00,0.00E+0,1.33E-2,0x0004,0x0000,0x007F,0x0214,0x0000,0x0001,0x0000,0x0000,0x0000,0x0000,0x0000,0x0004,0x0000,0x0000,0x0000,0x0000,0x0000,0x0000,1170
12:00:04 PM,6,0.00,0,0.00,-1.67,0.00,0.00,100.00,-1.00,-1.00,-1.00,0,1,1,100,0,-1,0.18,0.00,0.18,160,160,0,0.00,0.00,0.00,0.00,0.00,0.00,-1.00,-1.00,0.00,-1.00,-1.00,0.00,-1.00,-1.00,0.00,2.42E-1,1.024E+5,0.00E+0,1.33E-2,-1.00,0.00E+0,1.33E-2,0x0004,0x0000,0x007F,0x0214,0x0000,0x0001,0x0000,0x0000,0x0000,0x0000,0x0000,0x0004,0x0000,0x0000,0x0000,0x0000,0x0000,0x0000,1171
12:00:09 PM,6,0.00,0,0.00,-1.67,0.00,0.00,100.00,-1.00,-1.00,-1.00,0,1,1,100,0,-1,0.18,0.00,0.18,160,160,0,0.00,0.00,0.00,0.00,0.00,0.00,-1.00,-1.00,0.00,-1.00,-1.00,0.00,-1.00,-1.00,0.00,2.46E-1,1.024E+5,0.00E+0,1.33E-2,-1.00,0.00E+0,1.33E-2,0x0004,0x0000,0x007F,0x0214,0x0000,0x0001,0x0000,0x0000,0x0000,0x0000,0x0000,0x0004,0x0000,0x0000,0x0000,0x0000,0x0000,0x0000,1172
12:00:14 PM,6,0.00,0,0.00,-1.67,0.00,0.00,100.00,-1.00,-1.00,-1.00,0,1,1,100,0,-1,0.18,0.00,0.18,160,160,0,0.00,0.00,0.00,0.00,0.00,0.00,-1.00,-1.00,0.00,-1.00,-1.00,0.00,-1.00,-1.00,0.00,2.42E-1,1.024E+5,0.00E+0,1.33E-2,-1.00,0.00E+0,1.33E-2,0x0004,0x0000,0x007F,0x0214,0x0000,0x0001,0x0000,0x0000,0x0000,0x0000,0x0000,0x0004,0x0000,0x0000,0x0000,0x0000,0x0000,0x0000,1173
12:00:19 PM,6,0.00,0,0.00,-1.67,0.00,0.00,100.00,-1.00,-1.00,-1.00,0,1,1,100,0,-1,0.18,0.00,0.18,160,160,0,0.00,0.00,0.00,0.00,0.00,0.00,-1.00,-1.00,0.00,-1.00,-1.00,0.00,-1.00,-1.00,0.00,2.44E-1,1.024E+5,0.00E+0,1.33E-2,-1.00,0.00E+0,1.33E-2,0x0004,0x0000,0x007F,0x0214,0x0000,0x0001,0x0000,0x0000,0x0000,0x0000,0x0000,0x0004,0x0000,0x0000,0x0000,0x0000,0x0000,0x0000,1174
12:00:24 PM,6,0.00,0,0.00,-1.67,0.00,0.00,100.00,-1.00,-1.00,-1.00,0,1,1,100,0,-1,0.18,0.00,0.18,160,160,0,0.00,0.00,0.00,0.00,0.00,0.00,-1.00,-1.00,0.00,-1.00,-1.00,0.00,-1.00,-1.00,0.00,2.46E-1,1.024E+5,0.00E+0,1.33E-2,-1.00,0.00E+0,1.33E-2,0x0004,0x0000,0x007F,0x0214,0x0000,0x0001,0x0000,0x0000,0x0000,0x0000,0x0000,0x0004,0x0000,0x0000,0x0000,0x0000,0x0000,0x0000,1175
12:00:29 PM,6,0.00,0,0.00,-1.67,0.00,0.00,100.00,-1.00,-1.00,-1.00,0,1,1,100,0,-1,0.18,0.00,0.18,160,160,0,0.00,0.00,0.00,0.00,0.00,0.00,-1.00,-1.00,0.00,-1.00,-1.00,0.00,-1.00,-1.00,0.00,2.51E-1,1.024E+5,0.00E+0,1.33E-2,-1.00,0.00E+0,1.33E-2,0x0004,0x0000,0x007F,0x0214,0x0000,0x0001,0x0000,0x0000,0x0000,0x0000,0x0000,0x0004,0x0000,0x0000,0x0000,0x0000,0x0000,0x0000,1176
12:00:34 PM,6,0.00,0,0.00,-1.67,0.00,0.00,100.00,-1.00,-1.00,-1.00,0,1,1,100,0,-1,0.18,0.00,0.18,160,160,0,0.00,0.00,0.00,0.00,0.00,0.00,-1.00,-1.00,0.00,-1.00,-1.00,0.00,-1.00,-1.00,0.00,2.46E-1,1.024E+5,0.00E+0,1.33E-2,-1.00,0.00E+0,1.33E-2,0x0004,0x0000,0x007F,0x0214,0x0000,0x0001,0x0000,0x0000,0x0000,0x0000,0x0000,0x0004,0x0000,0x0000,0x0000,0x0000,0x0000,0x0000,1177
12:00:39 PM,6,0.00,0,0.00,-1.67,0.00,0.00,100.00,-1.00,-1.00,-1.00,0,1,1,100,0,-1,0.18,0.00,0.18,160,160,0,0.00,0.00,0.00,0.00,0.00,0.00,-1.00,-1.00,0.00,-1.00,-1.00,0.00,-1.00,-1.00,0.00,2.46E-1,1.024E+5,0.00E+0,1.33E-2,-1.00,0.00E+0,1.33E-2,0x0004,0x0000,0x007F,0x0214,0x0000,0x0001,0x0000,0x0000,0x0000,0x0000,0x0000,0x0004,0x0000,0x0000,0x0000,0x0000,0x0000,0x0000,1178
12:00:44 PM,6,0.00,0,0.00,-1.67,0.00,0.00,100.00,-1.00,-1.00,-1.00,0,1,1,100,0,-1,0.18,0.00,0.18,160,160,0,0.00,0.00,0.00,0.00,0.00,0.00,-1.00,-1.00,0.00,-1.00,-1.00,0.00,-1.00,-1.00,0.00,2.46E-1,1.024E+5,0.00E+0,1.33E-2,-1.00,0.00E+0,1.33E-2,0x0004,0x0000,0x007F,0x0214,0x0000,0x0001,0x0000,0x0000,0x0000,0x0000,0x0000,0x0004,0x0000,0x0000,0x0000,0x0000,0x0000,0x0000,1179
12:00:49 PM,6,0.00,0,0.00,-1.67,0.00,0.00,100.00,-1.00,-1.00,-1.00,0,1,1,100,0,-1,0.18,0.00,0.18,160,160,0,0.00,0.00,0.00,0.00,0.00,0.00,-1.00,-1.00,0.00,-1.00,-1.00,0.00,-1.00,-1.00,0.00,2.42E-1,1.024E+5,0.00E+0,1.33E-2,-1.00,0.00E+0,1.33E-2,0x0004,0x0000,0x007F,0x0214,0x0000,0x0001,0x0000,0x0000,0x0000,0x0000,0x0000,0x0004,0x0000,0x0000,0x0000,0x0000,0x0000,0x0000,1180
12:00:54 PM,6,0.00,0,0.00,-1.67,0.00,0.00,100.00,-1.00,-1.00,-1.00,0,1,1,100,0,-1,0.18,0.00,0.18,160,160,0,0.00,0.00,0.00,0.00,0.00,0.00,-1.00,-1.00,0.00,-1.00,-1.00,0.00,-1.00,-1.00,0.00,2.46E-1,1.024E+5,0.00E+0,1.33E-2,-1.00,0.00E+0,1.33E-2,0x0004,0x0000,0x007F,0x0214,0x0000,0x0001,0x0000,0x0000,0x0000,0x0000,0x0000,0x0004,0x0000,0x0000,0x0000,0x0000,0x0000,0x0000,1181
12:00:59 PM,6,0.00,0,0.00,-1.67,0.00,0.00,100.00,-1.00,-1.00,-1.00,0,1,1,100,0,-1,0.18,0.00,0.18,160,160,0,0.00,0.00,0.00,0.00,0.00,0.00,-1.00,-1.00,0.00,-1.00,-1.00,0.00,-1.00,-1.00,0.00,2.44E-1,1.024E+5,0.00E+0,1.33E-2,-1.00,0.00E+0,1.33E-2,0x0004,0x0000,0x007F,0x0214,0x0000,0x0001,0x0000,0x0000,0x0000,0x0000,0x0000,0x0004,0x0000,0x0000,0x0000,0x0000,0x0000,0x0000,1182
12:01:04 PM,6,0.00,0,0.00,-1.67,0.00,0.00,100.00,-1.00,-1.00,-1.00,0,1,1,100,0,-1,0.18,0.00,0.18,160,160,0,0.00,0.00,0.00,0.00,0.00,0.00,-1.00,-1.00,0.00,-1.00,-1.00,0.00,-1.00,-1.00,0.00,2.46E-1,1.024E+5,0.00E+0,1.33E-2,-1.00,0.00E+0,1.33E-2,0x0004,0x0000,0x007F,0x0214,0x0000,0x0001,0x0000,0x0000,0x0000,0x0000,0x0000,0x0004,0x0000,0x0000,0x0000,0x0000,0x0000,0x0000,1183
11:58:05 AM,6,0.00,0,0.00,-1.67,0.00,0.00,100.00,-1.00,-1.00,-1.00,0,1,1,100,0,-1,0.18,0.00,0.18,160,160,0,0.00,0.00,0.00,0.00,0.00,0.00,-1.00,-1.00,0.00,-1.00,-1.00,0.00,-1.00,-1.00,0.00,2.44E-1,1.024E+5,0.00E+0,1.33E-2,-1.00,0.00E+0,1.33E-2,0x0004,0x0000,0x007F,0x0214,0x0000,0x0001,0x0000,0x0000,0x0000,0x0000,0x0000,0x0004,0x0000,0x0000,0x0000,0x0000,0x0000,0x0000,1184
11:58:10 AM,6,0.00,0,0.00,-1.67,0.00,0.00,100.00,-1.00,-1.00,-1.00,0,1,1,100,0,-1,0.18,0.00,0.18,160,160,0,0.00,0.00,0.00,0.00,0.00,0.00,-1.00,-1.00,0.00,-1.00,-1.00,0.00,-1.00,-1.00,0.00,2.42E-1,1.024E+5,0.00E+0,1.33E-2,-1.00,0.00E+0,1.33E-2,0x0004,0x0000,0x007F,0x0214,0x0000,0x0001,0x0000,0x0000,0x0000,0x0000,0x0000,0x0004,0x0000,0x0000,0x0000,0x0000,0x0000,0x0000,1185
11:58:15 AM,6,0.00,0,0.00,-1.67,0.00,0.00,100.00,-1.00,-1.00,-1.00,0,1,1,100,0,-1,0.18,0.00,0.18,160,160,0,0.00,0.00,0.00,0.00,0.00,0.00,-1.00,-1.00,0.00,-1.00,-1.00,0.00,-1.00,-1.00,0.00,2.42E-1,1.024E+5,0.00E+0,1.33E-2,-1.00,0.00E+0,1.33E-2,0x0004,0x0000,0x007F,0x0214,0x0000,0x0001,0x0000,0x0000,0x0000,0x0000,0x0000,0x0004,0x0000,0x0000,0x0000,0x0000,0x0000,0x0000,1186
11:58:20 AM,6,0.00,0,0.00,-1.67,0.00,0.00,100.00,-1.00,-1.00,-1.00,0,1,1,100,0,-1,0.18,0.00,0.18,160,160,0,0.00,0.00,0.00,0.00,0.00,0.00,-1.00,-1.00,0.00,-1.00,-1.00,0.00,-1.00,-1.00,0.00,2.46E-1,1.024E+5,0.00E+0,1.33E-2,-1.00,0.00E+0,1.33E-2,0x0004,0x0000,0x007F,0x0214,0x0000,0x0001,0x0000,0x0000,0x0000,0x0000,0x0000,0x0004,0x0000,0x0000,0x0000,0x0000,0x0000,0x0000,1187
11:58:25 AM,6,0.00,0,0.00,-1.67,0.00,0.00,100.00,-1.00,-1.00,-1.00,0,1,1,100,0,-1,0.18,0.00,0.18,160,160,0,0.00,0.00,0.00,0.00,0.00,0.00,-1.00,-1.00,0.00,-1.00,-1.00,0.00,-1.00,-1.00,0.00,2.46E-1,1.024E+5,0.00E+0,1.33E-2,-1.00,0.00E+0,1.33E-2,0x0004,0x0000,0x007F,0x0214,0x0000,0x0001,0x0000,0x0000,0x0000,0x0000,0x0000,0x0004,0x0000,0x0000,0x0000,0x0000,0x0000,0x0000,1188
11:58:30 AM,6,0.00,0,0.00,-1.67,0.00,0.00,100.00,-1.00,-1.00,-1.00,0,1,1,100,0,-1,0.18,0.00,0.18,160,160,0,0.00,0.00,0.00,0.00,0.00,0.00,-1.00,-1.00,0.00,-1.00,-1.00,0.00,-1.00,-1.00,0.00,2.46E-1,1.024E+5,0.00E+0,1.33E-2,-1.00,0.00E+0,1.33E-2,0x0004,0x0000,0x007F,0x0214,0x0000,0x0001,0x0000,0x0000,0x0000,0x0000,0x0000,0x0004,0x0000,0x0000,0x0000,0x0000,0x0000,0x0000,1189
11:58:35 AM,6,0.00,0,0.00,-1.67,0.00,0.00,100.00,-1.00,-1.00,-1.00,0,1,1,100,0,-1,0.18,0.00,0.18,160,160,0,0.00,0.00,0.00,0.00,0.00,0.00,-1.00,-1.00,0.00,-1.00,-1.00,0.00,-1.00,-1.00,0.00,2.44E-1,1.024E+5,0.00E+0,1.33E-2,-1.00,0.00E+0,1.33E-2,0x0004,0x0000,0x007F,0x0214,0x0000,0x0001,0x0000,0x0000,0x0000,0x0000,0x0000,0x0004,0x0000,0x0000,0x0000,0x0000,0x0000,0x0000,1190
11:58:40 AM,6,0.00,0,0.00,-1.67,0.00,0.00,100.00,-1.00,-1.00,-1.00,0,1,1,100,0,-1,0.18,0.00,0.18,160,160,0,0.00,0.00,0.00,0.00,0.00,0.00,-1.00,-1.00,0.00,-1.00,-1.00,0.00,-1.00,-1.00,0.00,2.42E-1,1.024E+5,0.00E+0,1.33E-2,-1.00,0.00E+0,1.33E-2,0x0004,0x0000,0x007F,0x0214,0x0000,0x0001,0x0000,0x0000,0x0000,0x0000,0x0000,0x0004,0x0000,0x0000,0x0000,0x0000,0x0000,0x0000,1191
11:58:45 AM,6,0.00,0,0.00,-1.67,0.00,0.00,100.00,-1.00,-1.00,-1.00,0,1,1,100,0,-1,0.18,0.00,0.18,160,160,0,0.00,0.00,0.00,0.00,0.00,0.00,-1.00,-1.00,0.00,-1.00,-1.00,0.00,-1.00,-1.00,0.00,2.40E-1,1.024E+5,0.00E+0,1.33E-2,-1.00,0.00E+0,1.33E-2,0x0004,0x0000,0x007F,0x0214,0x0000,0x0001,0x0000,0x0000,0x0000,0x0000,0x0000,0x0004,0x0000,0x0000,0x0000,0x0000,0x0000,0x0000,1192
11:58:50 AM,6,0.00,0,0.00,-1.67,0.00,0.00,100.00,-1.00,-1.00,-1.00,0,1,1,100,0,-1,0.18,0.00,0.18,160,160,0,0.00,0.00,0.00,0.00,0.00,0.00,-1.00,-1.00,0.00,-1.00,-1.00,0.00,-1.00,-1.00,0.00,2.42E-1,1.024E+5,0.00E+0,1.33E-2,-1.00,0.00E+0,1.33E-2,0x0004,0x0000,0x007F,0x0214,0x0000,0x0001,0x0000,0x0000,0x0000,0x0000,0x0000,0x0004,0x0000,0x0000,0x0000,0x0000,0x0000,0x0000,1193
11:58:55 AM,6,0.00,0,0.00,-1.67,0.00,0.00,100.00,-1.00,-1.00,-1.00,0,1,1,100,0,-1,0.18,0.00,0.18,160,160,0,0.00,0.00,0.00,0.00,0.00,0.00,-1.00,-1.00,0.00,-1.00,-1.00,0.00,-1.00,-1.00,0.00,2.44E-1,1.024E+5,0.00E+0,1.33E-2,-1.00,0.00E+0,1.33E-2,0x0004,0x0000,0x007F,0x0214,0x0000,0x0001,0x0000,0x0000,0x0000,0x0000,0x0000,0x0004,0x0000,0x0000,0x0000,0x0000,0x0000,0x0000,1194
11:59:00 AM,6,0.00,0,0.00,-1.67,0.00,0.00,100.00,-1.00,-1.00,-1.00,0,1,1,100,0,-1,0.18,0.00,0.18,160,160,0,0.00,0.00,0.00,0.00,0.00,0.00,-1.00,-1.00,0.00,-1.00,-1.00,0.00,-1.00,-1.00,0.00,2.37E-1,1.024E+5,0.00E+0,1.33E-2,-1.00,0.00E+0,1.33E-2,0x0004,0x0000,0x007F,0x0214,0x0000,0x0001,0x0000,0x0000,0x0000,0x0000,0x0000,0x0004,0x0000,0x0000,0x0000,0x0000,0x0000,0x0000,1195
11:59:05 AM,6,0.00,0,0.00,-1.67,0.00,0.00,100.00,-1.00,-1.00,-1.00,0,1,1,100,0,-1,0.18,0.00,0.18,160,160,0,0.00,0.00,0.00,0.00,0.00,0.00,-1.00,-1.00,0.00,-1.00,-1.00,0.00,-1.00,-1.00,0.00,2.44E-1,1.024E+5,0.00E+0,1.33E-2,-1.00,0.00E+0,1.33E-2,0x0004,0x0000,0x007F,0x0214,0x0000,0x0001,0x0000,0x0000,0x0000,0x0000,0x0000,0x0004,0x0000,0x0000,0x0000,0x0000,0x0000,0x0000,1196
11:59:10 AM,6,0.00,0,0.00,-1.67,0.00,0.00,100.00,-1.00,-1.00,-1.00,0,1,1,100,0,-1,0.18,0.00,0.18,160,160,0,0.00,0.00,0.00,0.00,0.00,0.00,-1.00,-1.00,0.00,-1.00,-1.00,0.00,-1.00,-1.00,0.00,2.46E-1,1.024E+5,0.00E+0,1.33E-2,-1.00,0.00E+0,1.33E-2,0x0004,0x0000,0x007F,0x0214,0x0000,0x0001,0x0000,0x0000,0x0000,0x0000,0x0000,0x0004,0x0000,0x0000,0x0000,0x0000,0x0000,0x0000,1197
11:59:15 AM,6,0.00,0,0.00,-1.67,0.00,0.00,100.00,-1.00,-1.00,-1.00,0,1,1,100,0,-1,0.18,0.00,0.18,160,160,0,0.00,0.00,0.00,0.00,0.00,0.00,-1.00,-1.00,0.00,-1.00,-1.00,0.00,-1.00,-1.00,0.00,2.46E-1,1.024E+5,0.00E+0,1.33E-2,-1.00,0.00E+0,1.33E-2,0x0004,0x0000,0x007F,0x0214,0x0000,0x0001,0x0000,0x0000,0x0000,0x0000,0x0000,0x0004,0x0000,0x0000,0x0000,0x0000,0x0000,0x0000,1198
11:59:20 AM,6,0.00,0,0.00,-1.67,0.00,0.00,100.00,-1.00,-1.00,-1.00,0,1,1,100,0,-1,0.18,0.00,0.18,160,160,0,0.00,0.00,0.00,0.00,0.00,0.00,-1.00,-1.00,0.00,-1.00,-1.00,0.00,-1.00,-1.00,0.00,2.46E-1,1.024E+5,0.00E+0,1.33E-2,-1.00,0.00E+0,1.33E-2,0x0004,0x0000,0x007F,0x0214,0x0000,0x0001,0x0000,0x0000,0x0000,0x0000,0x0000,0x0004,0x0000,0x0000,0x0000,0x0000,0x0000,0x0000,1199
11:59:25 AM,6,0.00,0,0.00,-1.67,0.00,0.00,100.00,-1.00,-1.00,-1.00,0,1,1,100,0,-1,0.18,0.00,0.18,160,160,0,0.00,0.00,0.00,0.00,0.00,0.00,-1.00,-1.00,0.00,-1.00,-1.00,0.00,-1.00,-1.00,0.00,2.42E-1,1.024E+5,0.00E+0,1.33E-2,-1.00,0.00E+0,1.33E-2,0x0004,0x0000,0x007F,0x0214,0x0000,0x0001,0x0000,0x0000,0x0000,0x0000,0x0000,0x0004,0x0000,0x0000,0x0000,0x0000,0x0000,0x0000,1200
11:59:30 AM,6,0.00,0,0.00,-1.67,0.00,0.00,100.00,-1.00,-1.00,-1.00,0,1,1,100,0,-1,0.18,0.00,0.18,160,160,0,0.00,0.00,0.00,0.00,0.00,0.00,-1.00,-1.00,0.00,-1.00,-1.00,0.00,-1.00,-1.00,0.00,2.42E-1,1.024E+5,0.00E+0,1.33E-2,-1.00,0.00E+0,1.33E-2,0x0004,0x0000,0x007F,0x0214,0x0000,0x0001,0x0000,0x0000,0x0000,0x0000,0x0000,0x0004,0x0000,0x0000,0x0000,0x0000,0x0000,0x0000,1201
11:59:35 AM,6,0.00,0,0.00,-1.67,0.00,0.00,100.00,-1.00,-1.00,-1.00,0,1,1,100,0,-1,0.18,0.00,0.18,160,160,0,0.00,0.00,0.00,0.00,0.00,0.00,-1.00,-1.00,0.00,-1.00,-1.00,0.00,-1.00,-1.00,0.00,2.42E-1,1.024E+5,0.00E+0,1.33E-2,-1.00,0.00E+0,1.33E-2,0x0004,0x0000,0x007F,0x0214,0x0000,0x0001,0x0000,0x0000,0x0000,0x0000,0x0000,0x0004,0x0000,0x0000,0x0000,0x0000,0x0000,0x0000,1202
11:59:39 AM,6,0.00,0,0.00,-1.67,0.00,0.00,100.00,-1.00,-1.00,-1.00,0,1,1,100,0,-1,0.18,0.00,0.18,160,160,0,0.00,0.00,0.00,0.00,0.00,0.00,-1.00,-1.00,0.00,-1.00,-1.00,0.00,-1.00,-1.00,0.00,2.46E-1,1.024E+5,0.00E+0,1.33E-2,-1.00,0.00E+0,1.33E-2,0x0004,0x0000,0x007F,0x0214,0x0000,0x0001,0x0000,0x0000,0x0000,0x0000,0x0000,0x0004,0x0000,0x0000,0x0000,0x0000,0x0000,0x0000,1203
11:59:44 AM,6,0.00,0,0.00,-1.67,0.00,0.00,100.00,-1.00,-1.00,-1.00,0,1,1,100,0,-1,0.18,0.00,0.18,160,160,0,0.00,0.00,0.00,0.00,0.00,0.00,-1.00,-1.00,0.00,-1.00,-1.00,0.00,-1.00,-1.00,0.00,2.46E-1,1.024E+5,0.00E+0,1.33E-2,-1.00,0.00E+0,1.33E-2,0x0004,0x0000,0x007F,0x0214,0x0000,0x0001,0x0000,0x0000,0x0000,0x0000,0x0000,0x0004,0x0000,0x0000,0x0000,0x0000,0x0000,0x0000,1204
11:59:49 AM,6,0.00,0,0.00,-1.67,0.00,0.00,100.00,-1.00,-1.00,-1.00,0,1,1,100,0,-1,0.18,0.00,0.18,160,160,0,0.00,0.00,0.00,0.00,0.00,0.00,-1.00,-1.00,0.00,-1.00,-1.00,0.00,-1.00,-1.00,0.00,2.42E-1,1.024E+5,0.00E+0,1.33E-2,-1.00,0.00E+0,1.33E-2,0x0004,0x0000,0x007F,0x0214,0x0000,0x0001,0x0000,0x0000,0x0000,0x0000,0x0000,0x0004,0x0000,0x0000,0x0000,0x0000,0x0000,0x0000,1205
11:59:54 AM,6,0.00,0,0.00,-1.67,0.00,0.00,100.00,-1.00,-1.00,-1.00,0,1,1,100,0,-1,0.18,0.00,0.18,160,160,0,0.00,0.00,0.00,0.00,0.00,0.00,-1.00,-1.00,0.00,-1.00,-1.00,0.00,-1.00,-1.00,0.00,2.42E-1,1.024E+5,0.00E+0,1.33E-2,-1.00,0.00E+0,1.33E-2,0x0004,0x0000,0x007F,0x0214,0x0000,0x0001,0x0000,0x0000,0x0000,0x0000,0x0000,0x0004,0x0000,0x0000,0x0000,0x0000,0x0000,0x0000,1206
11:59:59 AM,6,0.00,0,0.00,-1.67,0.00,0.00,100.00,-1.00,-1.00,-1.00,0,1,1,100,0,-1,0.18,0.00,0.18,160,160,0,0.00,0.00,0.00,0.00,0.00,0.00,-1.00,-1.00,0.00,-1.00,-1.00,0.00,-1.00,-1.00,0.00,2.48E-1,1.024E+5,0.00E+0,1.33E-2,-1.00,0.00E+0,1.33E-2,0x0004,0x0000,0x007F,0x0214,0x0000,0x0001,0x0000,0x0000,0x0000,0x0000,0x0000,0x0004,0x0000,0x0000,0x0000,0x0000,0x0000,0x0000,1207
12:00:04 PM,6,0.00,0,0.00,-1.67,0.00,0.00,100.00,-1.00,-1.00,-1.00,0,1,1,100,0,-1,0.18,0.00,0.18,160,160,0,0.00,0.00,0.00,0.00,0.00,0.00,-1.00,-1.00,0.00,-1.00,-1.00,0.00,-1.00,-1.00,0.00,2.42E-1,1.024E+5,0.00E+0,1.33E-2,-1.00,0.00E+0,1.33E-2,0x0004,0x0000,0x007F,0x0214,0x0000,0x0001,0x0000,0x0000,0x0000,0x0000,0x0000,0x0004,0x0000,0x0000,0x0000,0x0000,0x0000,0x0000,1208
12:00:09 PM,6,0.00,0,0.00,-1.67,0.00,0.00,100.00,-1.00,-1.00,-1.00,0,1,1,100,0,-1,0.18,0.00,0.18,160,160,0,0.00,0.00,0.00,0.00,0.00,0.00,-1.00,-1.00,0.00,-1.00,-1.00,0.00,-1.00,-1.00,0.00,2.46E-1,1.024E+5,0.00E+0,1.33E-2,-1.00,0.00E+0,1.33E-2,0x0004,0x0000,0x007F,0x0214,0x0000,0x0001,0x0000,0x0000,0x0000,0x0000,0x0000,0x0004,0x0000,0x0000,0x0000,0x0000,0x0000,0x0000,1209
12:00:14 PM,6,0.00,0,0.00,-1.67,0.00,0.00,100.00,-1.00,-1.00,-1.00,0,1,1,100,0,-1,0.18,0.00,0.18,160,160,0,0.00,0.00,0.00,0.00,0.00,0.00,-1.00,-1.00,0.00,-1.00,-1.00,0.00,-1.00,-1.00,0.00,2.42E-1,1.024E+5,0.00E+0,1.33E-2,-1.00,0.00E+0,1.33E-2,0x0004,0x0000,0x007F,0x0214,0x0000,0x0001,0x0000,0x0000,0x0000,0x0000,0x0000,0x0004,0x0000,0x0000,0x0000,0x0000,0x0000,0x0000,1210
12:00:19 PM,6,0.00,0,0.00,-1.67,0.00,0.00,100.00,-1.00,-1.00,-1.00,0,1,1,100,0,-1,0.18,0.00,0.18,160,160,0,0.00,0.00,0.00,0.00,0.00,0.00,-1.00,-1.00,0.00,-1.00,-1.00,0.00,-1.00,-1.00,0.00,2.44E-1,1.024E+5,0.00E+0,1.33E-2,-1.00,0.00E+0,1.33E-2,0x0004,0x0000,0x007F,0x0214,0x0000,0x0001,0x0000,0x0000,0x0000,0x0000,0x0000,0x0004,0x0000,0x0000,0x0000,0x0000,0x0000,0x0000,1211
12:00:24 PM,6,0.00,0,0.00,-1.67,0.00,0.00,100.00,-1.00,-1.00,-1.00,0,1,1,100,0,-1,0.18,0.00,0.18,160,160,0,0.00,0.00,0.00,0.00,0.00,0.00,-1.00,-1.00,0.00,-1.00,-1.00,0.00,-1.00,-1.00,0.00,2.46E-1,1.024E+5,0.00E+0,1.33E-2,-1.00,0.00E+0,1.33E-2,0x0004,0x0000,0x007F,0x0214,0x0000,0x0001,0x0000,0x0000,0x0000,0x0000,0x0000,0x0004,0x0000,0x0000,0x0000,0x0000,0x0000,0x0000,1212
12:00:29 PM,6,0.00,0,0.00,-1.67,0.00,0.00,100.00,-1.00,-1.00,-1.00,0,1,1,100,0,-1,0.18,0.00,0.18,160,160,0,0.00,0.00,0.00,0.00,0.00,0.00,-1.00,-1.00,0.00,-1.00,-1.00,0.00,-1.00,-1.00,0.00,2.51E-1,1.024E+5,0.00E+0,1.33E-2,-1.00,0.00E+0,1.33E-2,0x0004,0x0000,0x007F,0x0214,0x0000,0x0001,0x0000,0x0000,0x0000,0x0000,0x0000,0x0004,0x0000,0x0000,0x0000,0x0000,0x0000,0x0000,1213
12:00:34 PM,6,0.00,0,0.00,-1.67,0.00,0.00,100.00,-1.00,-1.00,-1.00,0,1,1,100,0,-1,0.18,0.00,0.18,160,160,0,0.00,0.00,0.00,0.00,0.00,0.00,-1.00,-1.00,0.00,-1.00,-1.00,0.00,-1.00,-1.00,0.00,2.46E-1,1.024E+5,0.00E+0,1.33E-2,-1.00,0.00E+0,1.33E-2,0x0004,0x0000,0x007F,0x0214,0x0000,0x0001,0x0000,0x0000,0x0000,0x0000,0x0000,0x0004,0x0000,0x0000,0x0000,0x0000,0x0000,0x0000,1214
12:00:39 PM,6,0.00,0,0.00,-1.67,0.00,0.00,100.00,-1.00,-1.00,-1.00,0,1,1,100,0,-1,0.18,0.00,0.18,160,160,0,0.00,0.00,0.00,0.00,0.00,0.00,-1.00,-1.00,0.00,-1.00,-1.00,0.00,-1.00,-1.00,0.00,2.46E-1,1.024E+5,0.00E+0,1.33E-2,-1.00,0.00E+0,1.33E-2,0x0004,0x0000,0x007F,0x0214,0x0000,0x0001,0x0000,0x0000,0x0000,0x0000,0x0000,0x0004,0x0000,0x0000,0x0000,0x0000,0x0000,0x0000,1215
12:00:44 PM,6,0.00,0,0.00,-1.67,0.00,0.00,100.00,-1.00,-1.00,-1.00,0,1,1,100,0,-1,0.18,0.00,0.18,160,160,0,0.00,0.00,0.00,0.00,0.00,0.00,-1.00,-1.00,0.00,-1.00,-1.00,0.00,-1.00,-1.00,0.00,2.46E-1,1.024E+5,0.00E+0,1.33E-2,-1.00,0.00E+0,1.33E-2,0x0004,0x0000,0x007F,0x0214,0x0000,0x0001,0x0000,0x0000,0x0000,0x0000,0x0000,0x0004,0x0000,0x0000,0x0000,0x0000,0x0000,0x0000,1216
12:00:49 PM,6,0.00,0,0.00,-1.67,0.00,0.00,100.00,-1.00,-1.00,-1.00,0,1,1,100,0,-1,0.18,0.00,0.18,160,160,0,0.00,0.00,0.00,0.00,0.00,0.00,-1.00,-1.00,0.00,-1.00,-1.00,0.00,-1.00,-1.00,0.00,2.42E-1,1.024E+5,0.00E+0,1.33E-2,-1.00,0.00E+0,1.33E-2,0x0004,0x0000,0x007F,0x0214,0x0000,0x0001,0x0000,0x0000,0x0000,0x0000,0x0000,0x0004,0x0000,0x0000,0x0000,0x0000,0x0000,0x0000,1217
12:00:54 PM,6,0.00,0,0.00,-1.67,0.00,0.00,100.00,-1.00,-1.00,-1.00,0,1,1,100,0,-1,0.18,0.00,0.18,160,160,0,0.00,0.00,0.00,0.00,0.00,0.00,-1.00,-1.00,0.00,-1.00,-1.00,0.00,-1.00,-1.00,0.00,2.46E-1,1.024E+5,0.00E+0,1.33E-2,-1.00,0.00E+0,1.33E-2,0x0004,0x0000,0x007F,0x0214,0x0000,0x0001,0x0000,0x0000,0x0000,0x0000,0x0000,0x0004,0x0000,0x0000,0x0000,0x0000,0x0000,0x0000,1218
12:00:59 PM,6,0.00,0,0.00,-1.67,0.00,0.00,100.00,-1.00,-1.00,-1.00,0,1,1,100,0,-1,0.18,0.00,0.18,160,160,0,0.00,0.00,0.00,0.00,0.00,0.00,-1.00,-1.00,0.00,-1.00,-1.00,0.00,-1.00,-1.00,0.00,2.44E-1,1.024E+5,0.00E+0,1.33E-2,-1.00,0.00E+0,1.33E-2,0x0004,0x0000,0x007F,0x0214,0x0000,0x0001,0x0000,0x0000,0x0000,0x0000,0x0000,0x0004,0x0000,0x0000,0x0000,0x0000,0x0000,0x0000,1219
12:01:04 PM,6,0.00,0,0.00,-1.67,0.00,0.00,100.00,-1.00,-1.00,-1.00,0,1,1,100,0,-1,0.18,0.00,0.18,160,160,0,0.00,0.00,0.00,0.00,0.00,0.00,-1.00,-1.00,0.00,-1.00,-1.00,0.00,-1.00,-1.00,0.00,2.46E-1,1.024E+5,0.00E+0,1.33E-2,-1.00,0.00E+0,1.33E-2,0x0004,0x0000,0x007F,0x0214,0x0000,0x0001,0x0000,0x0000,0x0000,0x0000,0x0000,0x0004,0x0000,0x0000,0x0000,0x0000,0x0000,0x0000,1220
11:58:05 AM,6,0.00,0,0.00,-1.67,0.00,0.00,100.00,-1.00,-1.00,-1.00,0,1,1,100,0,-1,0.18,0.00,0.18,160,160,0,0.00,0.00,0.00,0.00,0.00,0.00,-1.00,-1.00,0.00,-1.00,-1.00,0.00,-1.00,-1.00,0.00,2.44E-1,1.024E+5,0.00E+0,1.33E-2,-1.00,0.00E+0,1.33E-2,0x0004,0x0000,0x007F,0x0214,0x0000,0x0001,0x0000,0x0000,0x0000,0x0000,0x0000,0x0004,0x0000,0x0000,0x0000,0x0000,0x0000,0x0000,1221
11:58:10 AM,6,0.00,0,0.00,-1.67,0.00,0.00,100.00,-1.00,-1.00,-1.00,0,1,1,100,0,-1,0.18,0.00,0.18,160,160,0,0.00,0.00,0.00,0.00,0.00,0.00,-1.00,-1.00,0.00,-1.00,-1.00,0.00,-1.00,-1.00,0.00,2.42E-1,1.024E+5,0.00E+0,1.33E-2,-1.00,0.00E+0,1.33E-2,0x0004,0x0000,0x007F,0x0214,0x0000,0x0001,0x0000,0x0000,0x0000,0x0000,0x0000,0x0004,0x0000,0x0000,0x0000,0x0000,0x0000,0x0000,1222
11:58:15 AM,6,0.00,0,0.00,-1.67,0.00,0.00,100.00,-1.00,-1.00,-1.00,0,1,1,100,0,-1,0.18,0.00,0.18,160,160,0,0.00,0.00,0.00,0.00,0.00,0.00,-1.00,-1.00,0.00,-1.00,-1.00,0.00,-1.00,-1.00,0.00,2.42E-1,1.024E+5,0.00E+0,1.33E-2,-1.00,0.00E+0,1.33E-2,0x0004,0x0000,0x007F,0x0214,0x0000,0x0001,0x0000,0x0000,0x0000,0x0000,0x0000,0x0004,0x0000,0x0000,0x0000,0x0000,0x0000,0x0000,1223
11:58:20 AM,6,0.00,0,0.00,-1.67,0.00,0.00,100.00,-1.00,-1.00,-1.00,0,1,1,100,0,-1,0.18,0.00,0.18,160,160,0,0.00,0.00,0.00,0.00,0.00,0.00,-1.00,-1.00,0.00,-1.00,-1.00,0.00,-1.00,-1.00,0.00,2.46E-1,1.024E+5,0.00E+0,1.33E-2,-1.00,0.00E+0,1.33E-2,0x0004,0x0000,0x007F,0x0214,0x0000,0x0001,0x0000,0x0000,0x0000,0x0000,0x0000,0x0004,0x0000,0x0000,0x0000,0x0000,0x0000,0x0000,1224
11:58:25 AM,6,0.00,0,0.00,-1.67,0.00,0.00,100.00,-1.00,-1.00,-1.00,0,1,1,100,0,-1,0.18,0.00,0.18,160,160,0,0.00,0.00,0.00,0.00,0.00,0.00,-1.00,-1.00,0.00,-1.00,-1.00,0.00,-1.00,-1.00,0.00,2.46E-1,1.024E+5,0.00E+0,1.33E-2,-1.00,0.00E+0,1.33E-2,0x0004,0x0000,0x007F,0x0214,0x0000,0x0001,0x0000,0x0000,0x0000,0x0000,0x0000,0x0004,0x0000,0x0000,0x0000,0x0000,0x0000,0x0000,1225
11:58:30 AM,6,0.00,0,0.00,-1.67,0.00,0.00,100.00,-1.00,-1.00,-1.00,0,1,1,100,0,-1,0.18,0.00,0.18,160,160,0,0.00,0.00,0.00,0.00,0.00,0.00,-1.00,-1.00,0.00,-1.00,-1.00,0.00,-1.00,-1.00,0.00,2.46E-1,1.024E+5,0.00E+0,1.33E-2,-1.00,0.00E+0,1.33E-2,0x0004,0x0000,0x007F,0x0214,0x0000,0x0001,0x0000,0x0000,0x0000,0x0000,0x0000,0x0004,0x0000,0x0000,0x0000,0x0000,0x0000,0x0000,1226
11:58:35 AM,6,0.00,0,0.00,-1.67,0.00,0.00,100.00,-1.00,-1.00,-1.00,0,1,1,100,0,-1,0.18,0.00,0.18,160,160,0,0.00,0.00,0.00,0.00,0.00,0.00,-1.00,-1.00,0.00,-1.00,-1.00,0.00,-1.00,-1.00,0.00,2.44E-1,1.024E+5,0.00E+0,1.33E-2,-1.00,0.00E+0,1.33E-2,0x0004,0x0000,0x007F,0x0214,0x0000,0x0001,0x0000,0x0000,0x0000,0x0000,0x0000,0x0004,0x0000,0x0000,0x0000,0x0000,0x0000,0x0000,1227
11:58:40 AM,6,0.00,0,0.00,-1.67,0.00,0.00,100.00,-1.00,-1.00,-1.00,0,1,1,100,0,-1,0.18,0.00,0.18,160,160,0,0.00,0.00,0.00,0.00,0.00,0.00,-1.00,-1.00,0.00,-1.00,-1.00,0.00,-1.00,-1.00,0.00,2.42E-1,1.024E+5,0.00E+0,1.33E-2,-1.00,0.00E+0,1.33E-2,0x0004,0x0000,0x007F,0x0214,0x0000,0x0001,0x0000,0x0000,0x0000,0x0000,0x0000,0x0004,0x0000,0x0000,0x0000,0x0000,0x0000,0x0000,1228
11:58:45 AM,6,0.00,0,0.00,-1.67,0.00,0.00,100.00,-1.00,-1.00,-1.00,0,1,1,100,0,-1,0.18,0.00,0.18,160,160,0,0.00,0.00,0.00,0.00,0.00,0.00,-1.00,-1.00,0.00,-1.00,-1.00,0.00,-1.00,-1.00,0.00,2.40E-1,1.024E+5,0.00E+0,1.33E-2,-1.00,0.00E+0,1.33E-2,0x0004,0x0000,0x007F,0x0214,0x0000,0x0001,0x0000,0x0000,0x0000,0x0000,0x0000,0x0004,0x0000,0x0000,0x0000,0x0000,0x0000,0x0000,1229
11:58:50 AM,6,0.00,0,0.00,-1.67,0.00,0.00,100.00,-1.00,-1.00,-1.00,0,1,1,100,0,-1,0.18,0.00,0.18,160,160,0,0.00,0.00,0.00,0.00,0.00,0.00,-1.00,-1.00,0.00,-1.00,-1.00,0.00,-1.00,-1.00,0.00,2.42E-1,1.024E+5,0.00E+0,1.33E-2,-1.00,0.00E+0,1.33E-2,0x0004,0x0000,0x007F,0x0214,0x0000,0x0001,0x0000,0x0000,0x0000,0x0000,0x0000,0x0004,0x0000,0x0000,0x0000,0x0000,0x0000,0x0000,1230
11:58:55 AM,6,0.00,0,0.00,-1.67,0.00,0.00,100.00,-1.00,-1.00,-1.00,0,1,1,100,0,-1,0.18,0.00,0.18,160,160,0,0.00,0.00,0.00,0.00,0.00,0.00,-1.00,-1.00,0.00,-1.00,-1.00,0.00,-1.00,-1.00,0.00,2.44E-1,1.024E+5,0.00E+0,1.33E-2,-1.00,0.00E+0,1.33E-2,0x0004,0x0000,0x007F,0x0214,0x0000,0x0001,0x0000,0x0000,0x0000,0x0000,0x0000,0x0004,0x0000,0x0000,0x0000,0x0000,0x0000,0x0000,1231
11:59:00 AM,6,0.00,0,0.00,-1.67,0.00,0.00,100.00,-1.00,-1.00,-1.00,0,1,1,100,0,-1,0.18,0.00,0.18,160,160,0,0.00,0.00,0.00,0.00,0.00,0.00,-1.00,-1.00,0.00,-1.00,-1.00,0.00,-1.00,-1.00,0.00,2.37E-1,1.024E+5,0.00E+0,1.33E-2,-1.00,0.00E+0,1.33E-2,0x0004,0x0000,0x007F,0x0214,0x0000,0x0001,0x0000,0x0000,0x0000,0x0000,0x0000,0x0004,0x0000,0x0000,0x0000,0x0000,0x0000,0x0000,1232
11:59:05 AM,6,0.00,0,0.00,-1.67,0.00,0.00,100.00,-1.00,-1.00,-1.00,0,1,1,100,0,-1,0.18,0.00,0.18,160,160,0,0.00,0.00,0.00,0.00,0.00,0.00,-1.00,-1.00,0.00,-1.00,-1.00,0.00,-1.00,-1.00,0.00,2.44E-1,1.024E+5,0.00E+0,1.33E-2,-1.00,0.00E+0,1.33E-2,0x0004,0x0000,0x007F,0x0214,0x0000,0x0001,0x0000,0x0000,0x0000,0x0000,0x0000,0x0004,0x0000,0x0000,0x0000,0x0000,0x0000,0x0000,1233
11:59:10 AM,6,0.00,0,0.00,-1.67,0.00,0.00,100.00,-1.00,-1.00,-1.00,0,1,1,100,0,-1,0.18,0.00,0.18,160,160,0,0.00,0.00,0.00,0.00,0.00,0.00,-1.00,-1.00,0.00,-1.00,-1.00,0.00,-1.00,-1.00,0.00,2.46E-1,1.024E+5,0.00E+0,1.33E-2,-1.00,0.00E+0,1.33E-2,0x0004,0x0000,0x007F,0x0214,0x0000,0x0001,0x0000,0x0000,0x0000,0x0000,0x0000,0x0004,0x0000,0x0000,0x0000,0x0000,0x0000,0x0000,1234
11:59:15 AM,6,0.00,0,0.00,-1.67,0.00,0.00,100.00,-1.00,-1.00,-1.00,0,1,1,100,0,-1,0.18,0.00,0.18,160,160,0,0.00,0.00,0.00,0.00,0.00,0.00,-1.00,-1.00,0.00,-1.00,-1.00,0.00,-1.00,-1.00,0.00,2.46E-1,1.024E+5,0.00E+0,1.33E-2,-1.00,0.00E+0,1.33E-2,0x0004,0x0000,0x007F,0x0214,0x0000,0x0001,0x0000,0x0000,0x0000,0x0000,0x0000,0x0004,0x0000,0x0000,0x0000,0x0000,0x0000,0x0000,1235
11:59:20 AM,6,0.00,0,0.00,-1.67,0.00,0.00,100.00,-1.00,-1.00,-1.00,0,1,1,100,0,-1,0.18,0.00,0.18,160,160,0,0.00,0.00,0.00,0.00,0.00,0.00,-1.00,-1.00,0.00,-1.00,-1.00,0.00,-1.00,-1.00,0.00,2.46E-1,1.024E+5,0.00E+0,1.33E-2,-1.00,0.00E+0,1.33E-2,0x0004,0x0000,0x007F,0x0214,0x0000,0x0001,0x0000,0x0000,0x0000,0x0000,0x0000,0x0004,0x0000,0x0000,0x0000,0x0000,0x0000,0x0000,1236
11:59:25 AM,6,0.00,0,0.00,-1.67,0.00,0.00,100.00,-1.00,-1.00,-1.00,0,1,1,100,0,-1,0.18,0.00,0.18,160,160,0,0.00,0.00,0.00,0.00,0.00,0.00,-1.00,-1.00,0.00,-1.00,-1.00,0.00,-1.00,-1.00,0.00,2.42E-1,1.024E+5,0.00E+0,1.33E-2,-1.00,0.00E+0,1.33E-2,0x0004,0x0000,0x007F,0x0214,0x0000,0x0001,0x0000,0x0000,0x0000,0x0000,0x0000,0x0004,0x0000,0x0000,0x0000,0x0000,0x0000,0x0000,1237
11:59:30 AM,6,0.00,0,0.00,-1.67,0.00,0.00,100.00,-1.00,-1.00,-1.00,0,1,1,100,0,-1,0.18,0.00,0.18,160,160,0,0.00,0.00,0.00,0.00,0.00,0.00,-1.00,-1.00,0.00,-1.00,-1.00,0.00,-1.00,-1.00,0.00,2.42E-1,1.024E+5,0.00E+0,1.33E-2,-1.00,0.00E+0,1.33E-2,0x0004,0x0000,0x007F,0x0214,0x0000,0x0001,0x0000,0x0000,0x0000,0x0000,0x0000,0x0004,0x0000,0x0000,0x0000,0x0000,0x0000,0x0000,1238
11:59:35 AM,6,0.00,0,0.00,-1.67,0.00,0.00,100.00,-1.00,-1.00,-1.00,0,1,1,100,0,-1,0.18,0.00,0.18,160,160,0,0.00,0.00,0.00,0.00,0.00,0.00,-1.00,-1.00,0.00,-1.00,-1.00,0.00,-1.00,-1.00,0.00,2.42E-1,1.024E+5,0.00E+0,1.33E-2,-1.00,0.00E+0,1.33E-2,0x0004,0x0000,0x007F,0x0214,0x0000,0x0001,0x0000,0x0000,0x0000,0x0000,0x0000,0x0004,0x0000,0x0000,0x0000,0x0000,0x0000,0x0000,1239
11:59:39 AM,6,0.00,0,0.00,-1.67,0.00,0.00,100.00,-1.00,-1.00,-1.00,0,1,1,100,0,-1,0.18,0.00,0.18,160,160,0,0.00,0.00,0.00,0.00,0.00,0.00,-1.00,-1.00,0.00,-1.00,-1.00,0.00,-1.00,-1.00,0.00,2.46E-1,1.024E+5,0.00E+0,1.33E-2,-1.00,0.00E+0,1.33E-2,0x0004,0x0000,0x007F,0x0214,0x0000,0x0001,0x0000,0x0000,0x0000,0x0000,0x0000,0x0004,0x0000,0x0000,0x0000,0x0000,0x0000,0x0000,1240
11:59:44 AM,6,0.00,0,0.00,-1.67,0.00,0.00,100.00,-1.00,-1.00,-1.00,0,1,1,100,0,-1,0.18,0.00,0.18,160,160,0,0.00,0.00,0.00,0.00,0.00,0.00,-1.00,-1.00,0.00,-1.00,-1.00,0.00,-1.00,-1.00,0.00,2.46E-1,1.024E+5,0.00E+0,1.33E-2,-1.00,0.00E+0,1.33E-2,0x0004,0x0000,0x007F,0x0214,0x0000,0x0001,0x0000,0x0000,0x0000,0x0000,0x0000,0x0004,0x0000,0x0000,0x0000,0x0000,0x0000,0x0000,1241
11:59:49 AM,6,0.00,0,0.00,-1.67,0.00,0.00,100.00,-1.00,-1.00,-1.00,0,1,1,100,0,-1,0.18,0.00,0.18,160,160,0,0.00,0.00,0.00,0.00,0.00,0.00,-1.00,-1.00,0.00,-1.00,-1.00,0.00,-1.00,-1.00,0.00,2.42E-1,1.024E+5,0.00E+0,1.33E-2,-1.00,0.00E+0,1.33E-2,0x0004,0x0000,0x007F,0x0214,0x0000,0x0001,0x0000,0x0000,0x0000,0x0000,0x0000,0x0004,0x0000,0x0000,0x0000,0x0000,0x0000,0x0000,1242
11:59:54 AM,6,0.00,0,0.00,-1.67,0.00,0.00,100.00,-1.00,-1.00,-1.00,0,1,1,100,0,-1,0.18,0.00,0.18,160,160,0,0.00,0.00,0.00,0.00,0.00,0.00,-1.00,-1.00,0.00,-1.00,-1.00,0.00,-1.00,-1.00,0.00,2.42E-1,1.024E+5,0.00E+0,1.33E-2,-1.00,0.00E+0,1.33E-2,0x0004,0x0000,0x007F,0x0214,0x0000,0x0001,0x0000,0x0000,0x0000,0x0000,0x0000,0x0004,0x0000,0x0000,0x0000,0x0000,0x0000,0x0000,1243
11:59:59 AM,6,0.00,0,0.00,-1.67,0.00,0.00,100.00,-1.00,-1.00,-1.00,0,1,1,100,0,-1,0.18,0.00,0.18,160,160,0,0.00,0.00,0.00,0.00,0.00,0.00,-1.00,-1.00,0.00,-1.00,-1.00,0.00,-1.00,-1.00,0.00,2.48E-1,1.024E+5,0.00E+0,1.33E-2,-1.00,0.00E+0,1.33E-2,0x0004,0x0000,0x007F,0x0214,0x0000,0x0001,0x0000,0x0000,0x0000,0x0000,0x0000,0x0004,0x0000,0x0000,0x0000,0x0000,0x0000,0x0000,1244
12:00:04 PM,6,0.00,0,0.00,-1.67,0.00,0.00,100.00,-1.00,-1.00,-1.00,0,1,1,100,0,-1,0.18,0.00,0.18,160,160,0,0.00,0.00,0.00,0.00,0.00,0.00,-1.00,-1.00,0.00,-1.00,-1.00,0.00,-1.00,-1.00,0.00,2.42E-1,1.024E+5,0.00E+0,1.33E-2,-1.00,0.00E+0,1.33E-2,0x0004,0x0000,0x007F,0x0214,0x0000,0x0001,0x0000,0x0000,0x0000,0x0000,0x0000,0x0004,0x0000,0x0000,0x0000,0x0000,0x0000,0x0000,1245
12:00:09 PM,6,0.00,0,0.00,-1.67,0.00,0.00,100.00,-1.00,-1.00,-1.00,0,1,1,100,0,-1,0.18,0.00,0.18,160,160,0,0.00,0.00,0.00,0.00,0.00,0.00,-1.00,-1.00,0.00,-1.00,-1.00,0.00,-1.00,-1.00,0.00,2.46E-1,1.024E+5,0.00E+0,1.33E-2,-1.00,0.00E+0,1.33E-2,0x0004,0x0000,0x007F,0x0214,0x0000,0x0001,0x0000,0x0000,0x0000,0x0000,0x0000,0x0004,0x0000,0x0000,0x0000,0x0000,0x0000,0x0000,1246
12:00:14 PM,6,0.00,0,0.00,-1.67,0.00,0.00,100.00,-1.00,-1.00,-1.00,0,1,1,100,0,-1,0.18,0.00,0.18,160,160,0,0.00,0.00,0.00,0.00,0.00,0.00,-1.00,-1.00,0.00,-1.00,-1.00,0.00,-1.00,-1.00,0.00,2.42E-1,1.024E+5,0.00E+0,1.33E-2,-1.00,0.00E+0,1.33E-2,0x0004,0x0000,0x007F,0x0214,0x0000,0x0001,0x0000,0x0000,0x0000,0x0000,0x0000,0x0004,0x0000,0x0000,0x0000,0x0000,0x0000,0x0000,1247
12:00:19 PM,6,0.00,0,0.00,-1.67,0.00,0.00,100.00,-1.00,-1.00,-1.00,0,1,1,100,0,-1,0.18,0.00,0.18,160,160,0,0.00,0.00,0.00,0.00,0.00,0.00,-1.00,-1.00,0.00,-1.00,-1.00,0.00,-1.00,-1.00,0.00,2.44E-1,1.024E+5,0.00E+0,1.33E-2,-1.00,0.00E+0,1.33E-2,0x0004,0x0000,0x007F,0x0214,0x0000,0x0001,0x0000,0x0000,0x0000,0x0000,0x0000,0x0004,0x0000,0x0000,0x0000,0x0000,0x0000,0x0000,1248
12:00:24 PM,6,0.00,0,0.00,-1.67,0.00,0.00,100.00,-1.00,-1.00,-1.00,0,1,1,100,0,-1,0.18,0.00,0.18,160,160,0,0.00,0.00,0.00,0.00,0.00,0.00,-1.00,-1.00,0.00,-1.00,-1.00,0.00,-1.00,-1.00,0.00,2.46E-1,1.024E+5,0.00E+0,1.33E-2,-1.00,0.00E+0,1.33E-2,0x0004,0x0000,0x007F,0x0214,0x0000,0x0001,0x0000,0x0000,0x0000,0x0000,0x0000,0x0004,0x0000,0x0000,0x0000,0x0000,0x0000,0x0000,1249
12:00:29 PM,6,0.00,0,0.00,-1.67,0.00,0.00,100.00,-1.00,-1.00,-1.00,0,1,1,100,0,-1,0.18,0.00,0.18,160,160,0,0.00,0.00,0.00,0.00,0.00,0.00,-1.00,-1.00,0.00,-1.00,-1.00,0.00,-1.00,-1.00,0.00,2.51E-1,1.024E+5,0.00E+0,1.33E-2,-1.00,0.00E+0,1.33E-2,0x0004,0x0000,0x007F,0x0214,0x0000,0x0001,0x0000,0x0000,0x0000,0x0000,0x0000,0x0004,0x0000,0x0000,0x0000,0x0000,0x0000,0x0000,1250
12:00:34 PM,6,0.00,0,0.00,-1.67,0.00,0.00,100.00,-1.00,-1.00,-1.00,0,1,1,100,0,-1,0.18,0.00,0.18,160,160,0,0.00,0.00,0.00,0.00,0.00,0.00,-1.00,-1.00,0.00,-1.00,-1.00,0.00,-1.00,-1.00,0.00,2.46E-1,1.024E+5,0.00E+0,1.33E-2,-1.00,0.00E+0,1.33E-2,0x0004,0x0000,0x007F,0x0214,0x0000,0x0001,0x0000,0x0000,0x0000,0x0000,0x0000,0x0004,0x0000,0x0000,0x0000,0x0000,0x0000,0x0000,1251
12:00:39 PM,6,0.00,0,0.00,-1.67,0.00,0.00,100.00,-1.00,-1.00,-1.00,0,1,1,100,0,-1,0.18,0.00,0.18,160,160,0,0.00,0.00,0.00,0.00,0.00,0.00,-1.00,-1.00,0.00,-1.00,-1.00,0.00,-1.00,-1.00,0.00,2.46E-1,1.024E+5,0.00E+0,1.33E-2,-1.00,0.00E+0,1.33E-2,0x0004,0x0000,0x007F,0x0214,0x0000,0x0001,0x0000,0x0000,0x0000,0x0000,0x0000,0x0004,0x0000,0x0000,0x0000,0x0000,0x0000,0x0000,1252
12:00:44 PM,6,0.00,0,0.00,-1.67,0.00,0.00,100.00,-1.00,-1.00,-1.00,0,1,1,100,0,-1,0.18,0.00,0.18,160,160,0,0.00,0.00,0.00,0.00,0.00,0.00,-1.00,-1.00,0.00,-1.00,-1.00,0.00,-1.00,-1.00,0.00,2.46E-1,1.024E+5,0.00E+0,1.33E-2,-1.00,0.00E+0,1.33E-2,0x0004,0x0000,0x007F,0x0214,0x0000,0x0001,0x0000,0x0000,0x0000,0x0000,0x0000,0x0004,0x0000,0x0000,0x0000,0x0000,0x0000,0x0000,1253
12:00:49 PM,6,0.00,0,0.00,-1.67,0.00,0.00,100.00,-1.00,-1.00,-1.00,0,1,1,100,0,-1,0.18,0.00,0.18,160,160,0,0.00,0.00,0.00,0.00,0.00,0.00,-1.00,-1.00,0.00,-1.00,-1.00,0.00,-1.00,-1.00,0.00,2.42E-1,1.024E+5,0.00E+0,1.33E-2,-1.00,0.00E+0,1.33E-2,0x0004,0x0000,0x007F,0x0214,0x0000,0x0001,0x0000,0x0000,0x0000,0x0000,0x0000,0x0004,0x0000,0x0000,0x0000,0x0000,0x0000,0x0000,1254
12:00:54 PM,6,0.00,0,0.00,-1.67,0.00,0.00,100.00,-1.00,-1.00,-1.00,0,1,1,100,0,-1,0.18,0.00,0.18,160,160,0,0.00,0.00,0.00,0.00,0.00,0.00,-1.00,-1.00,0.00,-1.00,-1.00,0.00,-1.00,-1.00,0.00,2.46E-1,1.024E+5,0.00E+0,1.33E-2,-1.00,0.00E+0,1.33E-2,0x0004,0x0000,0x007F,0x0214,0x0000,0x0001,0x0000,0x0000,0x0000,0x0000,0x0000,0x0004,0x0000,0x0000,0x0000,0x0000,0x0000,0x0000,1255
12:00:59 PM,6,0.00,0,0.00,-1.67,0.00,0.00,100.00,-1.00,-1.00,-1.00,0,1,1,100,0,-1,0.18,0.00,0.18,160,160,0,0.00,0.00,0.00,0.00,0.00,0.00,-1.00,-1.00,0.00,-1.00,-1.00,0.00,-1.00,-1.00,0.00,2.44E-1,1.024E+5,0.00E+0,1.33E-2,-1.00,0.00E+0,1.33E-2,0x0004,0x0000,0x007F,0x0214,0x0000,0x0001,0x0000,0x0000,0x0000,0x0000,0x0000,0x0004,0x0000,0x0000,0x0000,0x0000,0x0000,0x0000,1256
12:01:04 PM,6,0.00,0,0.00,-1.67,0.00,0.00,100.00,-1.00,-1.00,-1.00,0,1,1,100,0,-1,0.18,0.00,0.18,160,160,0,0.00,0.00,0.00,0.00,0.00,0.00,-1.00,-1.00,0.00,-1.00,-1.00,0.00,-1.00,-1.00,0.00,2.46E-1,1.024E+5,0.00E+0,1.33E-2,-1.00,0.00E+0,1.33E-2,0x0004,0x0000,0x007F,0x0214,0x0000,0x0001,0x0000,0x0000,0x0000,0x0000,0x0000,0x0004,0x0000,0x0000,0x0000,0x0000,0x0000,0x0000,1257
11:58:05 AM,6,0.00,0,0.00,-1.67,0.00,0.00,100.00,-1.00,-1.00,-1.00,0,1,1,100,0,-1,0.18,0.00,0.18,160,160,0,0.00,0.00,0.00,0.00,0.00,0.00,-1.00,-1.00,0.00,-1.00,-1.00,0.00,-1.00,-1.00,0.00,2.44E-1,1.024E+5,0.00E+0,1.33E-2,-1.00,0.00E+0,1.33E-2,0x0004,0x0000,0x007F,0x0214,0x0000,0x0001,0x0000,0x0000,0x0000,0x0000,0x0000,0x0004,0x0000,0x0000,0x0000,0x0000,0x0000,0x0000,1258
11:58:10 AM,6,0.00,0,0.00,-1.67,0.00,0.00,100.00,-1.00,-1.00,-1.00,0,1,1,100,0,-1,0.18,0.00,0.18,160,160,0,0.00,0.00,0.00,0.00,0.00,0.00,-1.00,-1.00,0.00,-1.00,-1.00,0.00,-1.00,-1.00,0.00,2.42E-1,1.024E+5,0.00E+0,1.33E-2,-1.00,0.00E+0,1.33E-2,0x0004,0x0000,0x007F,0x0214,0x0000,0x0001,0x0000,0x0000,0x0000,0x0000,0x0000,0x0004,0x0000,0x0000,0x0000,0x0000,0x0000,0x0000,1259
11:58:15 AM,6,0.00,0,0.00,-1.67,0.00,0.00,100.00,-1.00,-1.00,-1.00,0,1,1,100,0,-1,0.18,0.00,0.18,160,160,0,0.00,0.00,0.00,0.00,0.00,0.00,-1.00,-1.00,0.00,-1.00,-1.00,0.00,-1.00,-1.00,0.00,2.42E-1,1.024E+5,0.00E+0,1.33E-2,-1.00,0.00E+0,1.33E-2,0x0004,0x0000,0x007F,0x0214,0x0000,0x0001,0x0000,0x0000,0x0000,0x0000,0x0000,0x0004,0x0000,0x0000,0x0000,0x0000,0x0000,0x0000,1260
11:58:20 AM,6,0.00,0,0.00,-1.67,0.00,0.00,100.00,-1.00,-1.00,-1.00,0,1,1,100,0,-1,0.18,0.00,0.18,160,160,0,0.00,0.00,0.00,0.00,0.00,0.00,-1.00,-1.00,0.00,-1.00,-1.00,0.00,-1.00,-1.00,0.00,2.46E-1,1.024E+5,0.00E+0,1.33E-2,-1.00,0.00E+0,1.33E-2,0x0004,0x0000,0x007F,0x0214,0x0000,0x0001,0x0000,0x0000,0x0000,0x0000,0x0000,0x0004,0x0000,0x0000,0x0000,0x0000,0x0000,0x0000,1261
11:58:25 AM,6,0.00,0,0.00,-1.67,0.00,0.00,100.00,-1.00,-1.00,-1.00,0,1,1,100,0,-1,0.18,0.00,0.18,160,160,0,0.00,0.00,0.00,0.00,0.00,0.00,-1.00,-1.00,0.00,-1.00,-1.00,0.00,-1.00,-1.00,0.00,2.46E-1,1.024E+5,0.00E+0,1.33E-2,-1.00,0.00E+0,1.33E-2,0x0004,0x0000,0x007F,0x0214,0x0000,0x0001,0x0000,0x0000,0x0000,0x0000,0x0000,0x0004,0x0000,0x0000,0x0000,0x0000,0x0000,0x0000,1262
11:58:30 AM,6,0.00,0,0.00,-1.67,0.00,0.00,100.00,-1.00,-1.00,-1.00,0,1,1,100,0,-1,0.18,0.00,0.18,160,160,0,0.00,0.00,0.00,0.00,0.00,0.00,-1.00,-1.00,0.00,-1.00,-1.00,0.00,-1.00,-1.00,0.00,2.46E-1,1.024E+5,0.00E+0,1.33E-2,-1.00,0.00E+0,1.33E-2,0x0004,0x0000,0x007F,0x0214,0x0000,0x0001,0x0000,0x0000,0x0000,0x0000,0x0000,0x0004,0x0000,0x0000,0x0000,0x0000,0x0000,0x0000,1263
11:58:35 AM,6,0.00,0,0.00,-1.67,0.00,0.00,100.00,-1.00,-1.00,-1.00,0,1,1,100,0,-1,0.18,0.00,0.18,160,160,0,0.00,0.00,0.00,0.00,0.00,0.00,-1.00,-1.00,0.00,-1.00,-1.00,0.00,-1.00,-1.00,0.00,2.44E-1,1.024E+5,0.00E+0,1.33E-2,-1.00,0.00E+0,1.33E-2,0x0004,0x0000,0x007F,0x0214,0x0000,0x0001,0x0000,0x0000,0x0000,0x0000,0x0000,0x0004,0x0000,0x0000,0x0000,0x0000,0x0000,0x0000,1264
11:58:40 AM,6,0.00,0,0.00,-1.67,0.00,0.00,100.00,-1.00,-1.00,-1.00,0,1,1,100,0,-1,0.18,0.00,0.18,160,160,0,0.00,0.00,0.00,0.00,0.00,0.00,-1.00,-1.00,0.00,-1.00,-1.00,0.00,-1.00,-1.00,0.00,2.42E-1,1.024E+5,0.00E+0,1.33E-2,-1.00,0.00E+0,1.33E-2,0x0004,0x0000,0x007F,0x0214,0x0000,0x0001,0x0000,0x0000,0x0000,0x0000,0x0000,0x0004,0x0000,0x0000,0x0000,0x0000,0x0000,0x0000,1265
11:58:45 AM,6,0.00,0,0.00,-1.67,0.00,0.00,100.00,-1.00,-1.00,-1.00,0,1,1,100,0,-1,0.18,0.00,0.18,160,160,0,0.00,0.00,0.00,0.00,0.00,0.00,-1.00,-1.00,0.00,-1.00,-1.00,0.00,-1.00,-1.00,0.00,2.40E-1,1.024E+5,0.00E+0,1.33E-2,-1.00,0.00E+0,1.33E-2,0x0004,0x0000,0x007F,0x0214,0x0000,0x0001,0x0000,0x0000,0x0000,0x0000,0x0000,0x0004,0x0000,0x0000,0x0000,0x0000,0x0000,0x0000,1266
11:58:50 AM,6,0.00,0,0.00,-1.67,0.00,0.00,100.00,-1.00,-1.00,-1.00,0,1,1,100,0,-1,0.18,0.00,0.18,160,160,0,0.00,0.00,0.00,0.00,0.00,0.00,-1.00,-1.00,0.00,-1.00,-1.00,0.00,-1.00,-1.00,0.00,2.42E-1,1.024E+5,0.00E+0,1.33E-2,-1.00,0.00E+0,1.33E-2,0x0004,0x0000,0x007F,0x0214,0x0000,0x0001,0x0000,0x0000,0x0000,0x0000,0x0000,0x0004,0x0000,0x0000,0x0000,0x0000,0x0000,0x0000,1267
11:58:55 AM,6,0.00,0,0.00,-1.67,0.00,0.00,100.00,-1.00,-1.00,-1.00,0,1,1,100,0,-1,0.18,0.00,0.18,160,160,0,0.00,0.00,0.00,0.00,0.00,0.00,-1.00,-1.00,0.00,-1.00,-1.00,0.00,-1.00,-1.00,0.00,2.44E-1,1.024E+5,0.00E+0,1.33E-2,-1.00,0.00E+0,1.33E-2,0x0004,0x0000,0x007F,0x0214,0x0000,0x0001,0x0000,0x0000,0x0000,0x0000,0x0000,0x0004,0x0000,0x0000,0x0000,0x0000,0x0000,0x0000,1268
11:59:00 AM,6,0.00,0,0.00,-1.67,0.00,0.00,100.00,-1.00,-1.00,-1.00,0,1,1,100,0,-1,0.18,0.00,0.18,160,160,0,0.00,0.00,0.00,0.00,0.00,0.00,-1.00,-1.00,0.00,-1.00,-1.00,0.00,-1.00,-1.00,0.00,2.37E-1,1.024E+5,0.00E+0,1.33E-2,-1.00,0.00E+0,1.33E-2,0x0004,0x0000,0x007F,0x0214,0x0000,0x0001,0x0000,0x0000,0x0000,0x0000,0x0000,0x0004,0x0000,0x0000,0x0000,0x0000,0x0000,0x0000,1269
11:59:05 AM,6,0.00,0,0.00,-1.67,0.00,0.00,100.00,-1.00,-1.00,-1.00,0,1,1,100,0,-1,0.18,0.00,0.18,160,160,0,0.00,0.00,0.00,0.00,0.00,0.00,-1.00,-1.00,0.00,-1.00,-1.00,0.00,-1.00,-1.00,0.00,2.44E-1,1.024E+5,0.00E+0,1.33E-2,-1.00,0.00E+0,1.33E-2,0x0004,0x0000,0x007F,0x0214,0x0000,0x0001,0x0000,0x0000,0x0000,0x0000,0x0000,0x0004,0x0000,0x0000,0x0000,0x0000,0x0000,0x0000,1270
11:59:10 AM,6,0.00,0,0.00,-1.67,0.00,0.00,100.00,-1.00,-1.00,-1.00,0,1,1,100,0,-1,0.18,0.00,0.18,160,160,0,0.00,0.00,0.00,0.00,0.00,0.00,-1.00,-1.00,0.00,-1.00,-1.00,0.00,-1.00,-1.00,0.00,2.46E-1,1.024E+5,0.00E+0,1.33E-2,-1.00,0.00E+0,1.33E-2,0x0004,0x0000,0x007F,0x0214,0x0000,0x0001,0x0000,0x0000,0x0000,0x0000,0x0000,0x0004,0x0000,0x0000,0x0000,0x0000,0x0000,0x0000,1271
11:59:15 AM,6,0.00,0,0.00,-1.67,0.00,0.00,100.00,-1.00,-1.00,-1.00,0,1,1,100,0,-1,0.18,0.00,0.18,160,160,0,0.00,0.00,0.00,0.00,0.00,0.00,-1.00,-1.00,0.00,-1.00,-1.00,0.00,-1.00,-1.00,0.00,2.46E-1,1.024E+5,0.00E+0,1.33E-2,-1.00,0.00E+0,1.33E-2,0x0004,0x0000,0x007F,0x0214,0x0000,0x0001,0x0000,0x0000,0x0000,0x0000,0x0000,0x0004,0x0000,0x0000,0x0000,0x0000,0x0000,0x0000,1272
11:59:20 AM,6,0.00,0,0.00,-1.67,0.00,0.00,100.00,-1.00,-1.00,-1.00,0,1,1,100,0,-1,0.18,0.00,0.18,160,160,0,0.00,0.00,0.00,0.00,0.00,0.00,-1.00,-1.00,0.00,-1.00,-1.00,0.00,-1.00,-1.00,0.00,2.46E-1,1.024E+5,0.00E+0,1.33E-2,-1.00,0.00E+0,1.33E-2,0x0004,0x0000,0x007F,0x0214,0x0000,0x0001,0x0000,0x0000,0x0000,0x0000,0x0000,0x0004,0x0000,0x0000,0x0000,0x0000,0x0000,0x0000,1273
11:59:25 AM,6,0.00,0,0.00,-1.67,0.00,0.00,100.00,-1.00,-1.00,-1.00,0,1,1,100,0,-1,0.18,0.00,0.18,160,160,0,0.00,0.00,0.00,0.00,0.00,0.00,-1.00,-1.00,0.00,-1.00,-1.00,0.00,-1.00,-1.00,0.00,2.42E-1,1.024E+5,0.00E+0,1.33E-2,-1.00,0.00E+0,1.33E-2,0x0004,0x0000,0x007F,0x0214,0x0000,0x0001,0x0000,0x0000,0x0000,0x0000,0x0000,0x0004,0x0000,0x0000,0x0000,0x0000,0x0000,0x0000,1274
11:59:30 AM,6,0.00,0,0.00,-1.67,0.00,0.00,100.00,-1.00,-1.00,-1.00,0,1,1,100,0,-1,0.18,0.00,0.18,160,160,0,0.00,0.00,0.00,0.00,0.00,0.00,-1.00,-1.00,0.00,-1.00,-1.00,0.00,-1.00,-1.00,0.00,2.42E-1,1.024E+5,0.00E+0,1.33E-2,-1.00,0.00E+0,1.33E-2,0x0004,0x0000,0x007F,0x0214,0x0000,0x0001,0x0000,0x0000,0x0000,0x0000,0x0000,0x0004,0x0000,0x0000,0x0000,0x0000,0x0000,0x0000,1275
11:59:35 AM,6,0.00,0,0.00,-1.67,0.00,0.00,100.00,-1.00,-1.00,-1.00,0,1,1,100,0,-1,0.18,0.00,0.18,160,160,0,0.00,0.00,0.00,0.00,0.00,0.00,-1.00,-1.00,0.00,-1.00,-1.00,0.00,-1.00,-1.00,0.00,2.42E-1,1.024E+5,0.00E+0,1.33E-2,-1.00,0.00E+0,1.33E-2,0x0004,0x0000,0x007F,0x0214,0x0000,0x0001,0x0000,0x0000,0x0000,0x0000,0x0000,0x0004,0x0000,0x0000,0x0000,0x0000,0x0000,0x0000,1276
11:59:39 AM,6,0.00,0,0.00,-1.67,0.00,0.00,100.00,-1.00,-1.00,-1.00,0,1,1,100,0,-1,0.18,0.00,0.18,160,160,0,0.00,0.00,0.00,0.00,0.00,0.00,-1.00,-1.00,0.00,-1.00,-1.00,0.00,-1.00,-1.00,0.00,2.46E-1,1.024E+5,0.00E+0,1.33E-2,-1.00,0.00E+0,1.33E-2,0x0004,0x0000,0x007F,0x0214,0x0000,0x0001,0x0000,0x0000,0x0000,0x0000,0x0000,0x0004,0x0000,0x0000,0x0000,0x0000,0x0000,0x0000,1277
11:59:44 AM,6,0.00,0,0.00,-1.67,0.00,0.00,100.00,-1.00,-1.00,-1.00,0,1,1,100,0,-1,0.18,0.00,0.18,160,160,0,0.00,0.00,0.00,0.00,0.00,0.00,-1.00,-1.00,0.00,-1.00,-1.00,0.00,-1.00,-1.00,0.00,2.46E-1,1.024E+5,0.00E+0,1.33E-2,-1.00,0.00E+0,1.33E-2,0x0004,0x0000,0x007F,0x0214,0x0000,0x0001,0x0000,0x0000,0x0000,0x0000,0x0000,0x0004,0x0000,0x0000,0x0000,0x0000,0x0000,0x0000,1278
11:59:49 AM,6,0.00,0,0.00,-1.67,0.00,0.00,100.00,-1.00,-1.00,-1.00,0,1,1,100,0,-1,0.18,0.00,0.18,160,160,0,0.00,0.00,0.00,0.00,0.00,0.00,-1.00,-1.00,0.00,-1.00,-1.00,0.00,-1.00,-1.00,0.00,2.42E-1,1.024E+5,0.00E+0,1.33E-2,-1.00,0.00E+0,1.33E-2,0x0004,0x0000,0x007F,0x0214,0x0000,0x0001,0x0000,0x0000,0x0000,0x0000,0x0000,0x0004,0x0000,0x0000,0x0000,0x0000,0x0000,0x0000,1279
11:59:54 AM,6,0.00,0,0.00,-1.67,0.00,0.00,100.00,-1.00,-1.00,-1.00,0,1,1,100,0,-1,0.18,0.00,0.18,160,160,0,0.00,0.00,0.00,0.00,0.00,0.00,-1.00,-1.00,0.00,-1.00,-1.00,0.00,-1.00,-1.00,0.00,2.42E-1,1.024E+5,0.00E+0,1.33E-2,-1.00,0.00E+0,1.33E-2,0x0004,0x0000,0x007F,0x0214,0x0000,0x0001,0x0000,0x0000,0x0000,0x0000,0x0000,0x0004,0x0000,0x0000,0x0000,0x0000,0x0000,0x0000,1280
11:59:59 AM,6,0.00,0,0.00,-1.67,0.00,0.00,100.00,-1.00,-1.00,-1.00,0,1,1,100,0,-1,0.18,0.00,0.18,160,160,0,0.00,0.00,0.00,0.00,0.00,0.00,-1.00,-1.00,0.00,-1.00,-1.00,0.00,-1.00,-1.00,0.00,2.48E-1,1.024E+5,0.00E+0,1.33E-2,-1.00,0.00E+0,1.33E-2,0x0004,0x0000,0x007F,0x0214,0x0000,0x0001,0x0000,0x0000,0x0000,0x0000,0x0000,0x0004,0x0000,0x0000,0x0000,0x0000,0x0000,0x0000,1281
12:00:04 PM,6,0.00,0,0.00,-1.67,0.00,0.00,100.00,-1.00,-1.00,-1.00,0,1,1,100,0,-1,0.18,0.00,0.18,160,160,0,0.00,0.00,0.00,0.00,0.00,0.00,-1.00,-1.00,0.00,-1.00,-1.00,0.00,-1.00,-1.00,0.00,2.42E-1,1.024E+5,0.00E+0,1.33E-2,-1.00,0.00E+0,1.33E-2,0x0004,0x0000,0x007F,0x0214,0x0000,0x0001,0x0000,0x0000,0x0000,0x0000,0x0000,0x0004,0x0000,0x0000,0x0000,0x0000,0x0000,0x0000,1282
12:00:09 PM,6,0.00,0,0.00,-1.67,0.00,0.00,100.00,-1.00,-1.00,-1.00,0,1,1,100,0,-1,0.18,0.00,0.18,160,160,0,0.00,0.00,0.00,0.00,0.00,0.00,-1.00,-1.00,0.00,-1.00,-1.00,0.00,-1.00,-1.00,0.00,2.46E-1,1.024E+5,0.00E+0,1.33E-2,-1.00,0.00E+0,1.33E-2,0x0004,0x0000,0x007F,0x0214,0x0000,0x0001,0x0000,0x0000,0x0000,0x0000,0x0000,0x0004,0x0000,0x0000,0x0000,0x0000,0x0000,0x0000,1283
12:00:14 PM,6,0.00,0,0.00,-1.67,0.00,0.00,100.00,-1.00,-1.00,-1.00,0,1,1,100,0,-1,0.18,0.00,0.18,160,160,0,0.00,0.00,0.00,0.00,0.00,0.00,-1.00,-1.00,0.00,-1.00,-1.00,0.00,-1.00,-1.00,0.00,2.42E-1,1.024E+5,0.00E+0,1.33E-2,-1.00,0.00E+0,1.33E-2,0x0004,0x0000,0x007F,0x0214,0x0000,0x0001,0x0000,0x0000,0x0000,0x0000,0x0000,0x0004,0x0000,0x0000,0x0000,0x0000,0x0000,0x0000,1284
12:00:19 PM,6,0.00,0,0.00,-1.67,0.00,0.00,100.00,-1.00,-1.00,-1.00,0,1,1,100,0,-1,0.18,0.00,0.18,160,160,0,0.00,0.00,0.00,0.00,0.00,0.00,-1.00,-1.00,0.00,-1.00,-1.00,0.00,-1.00,-1.00,0.00,2.44E-1,1.024E+5,0.00E+0,1.33E-2,-1.00,0.00E+0,1.33E-2,0x0004,0x0000,0x007F,0x0214,0x0000,0x0001,0x0000,0x0000,0x0000,0x0000,0x0000,0x0004,0x0000,0x0000,0x0000,0x0000,0x0000,0x0000,1285
12:00:24 PM,6,0.00,0,0.00,-1.67,0.00,0.00,100.00,-1.00,-1.00,-1.00,0,1,1,100,0,-1,0.18,0.00,0.18,160,160,0,0.00,0.00,0.00,0.00,0.00,0.00,-1.00,-1.00,0.00,-1.00,-1.00,0.00,-1.00,-1.00,0.00,2.46E-1,1.024E+5,0.00E+0,1.33E-2,-1.00,0.00E+0,1.33E-2,0x0004,0x0000,0x007F,0x0214,0x0000,0x0001,0x0000,0x0000,0x0000,0x0000,0x0000,0x0004,0x0000,0x0000,0x0000,0x0000,0x0000,0x0000,1286
12:00:29 PM,6,0.00,0,0.00,-1.67,0.00,0.00,100.00,-1.00,-1.00,-1.00,0,1,1,100,0,-1,0.18,0.00,0.18,160,160,0,0.00,0.00,0.00,0.00,0.00,0.00,-1.00,-1.00,0.00,-1.00,-1.00,0.00,-1.00,-1.00,0.00,2.51E-1,1.024E+5,0.00E+0,1.33E-2,-1.00,0.00E+0,1.33E-2,0x0004,0x0000,0x007F,0x0214,0x0000,0x0001,0x0000,0x0000,0x0000,0x0000,0x0000,0x0004,0x0000,0x0000,0x0000,0x0000,0x0000,0x0000,1287
12:00:34 PM,6,0.00,0,0.00,-1.67,0.00,0.00,100.00,-1.00,-1.00,-1.00,0,1,1,100,0,-1,0.18,0.00,0.18,160,160,0,0.00,0.00,0.00,0.00,0.00,0.00,-1.00,-1.00,0.00,-1.00,-1.00,0.00,-1.00,-1.00,0.00,2.46E-1,1.024E+5,0.00E+0,1.33E-2,-1.00,0.00E+0,1.33E-2,0x0004,0x0000,0x007F,0x0214,0x0000,0x0001,0x0000,0x0000,0x0000,0x0000,0x0000,0x0004,0x0000,0x0000,0x0000,0x0000,0x0000,0x0000,1288
12:00:39 PM,6,0.00,0,0.00,-1.67,0.00,0.00,100.00,-1.00,-1.00,-1.00,0,1,1,100,0,-1,0.18,0.00,0.18,160,160,0,0.00,0.00,0.00,0.00,0.00,0.00,-1.00,-1.00,0.00,-1.00,-1.00,0.00,-1.00,-1.00,0.00,2.46E-1,1.024E+5,0.00E+0,1.33E-2,-1.00,0.00E+0,1.33E-2,0x0004,0x0000,0x007F,0x0214,0x0000,0x0001,0x0000,0x0000,0x0000,0x0000,0x0000,0x0004,0x0000,0x0000,0x0000,0x0000,0x0000,0x0000,1289
12:00:44 PM,6,0.00,0,0.00,-1.67,0.00,0.00,100.00,-1.00,-1.00,-1.00,0,1,1,100,0,-1,0.18,0.00,0.18,160,160,0,0.00,0.00,0.00,0.00,0.00,0.00,-1.00,-1.00,0.00,-1.00,-1.00,0.00,-1.00,-1.00,0.00,2.46E-1,1.024E+5,0.00E+0,1.33E-2,-1.00,0.00E+0,1.33E-2,0x0004,0x0000,0x007F,0x0214,0x0000,0x0001,0x0000,0x0000,0x0000,0x0000,0x0000,0x0004,0x0000,0x0000,0x0000,0x0000,0x0000,0x0000,1290
12:00:49 PM,6,0.00,0,0.00,-1.67,0.00,0.00,100.00,-1.00,-1.00,-1.00,0,1,1,100,0,-1,0.18,0.00,0.18,160,160,0,0.00,0.00,0.00,0.00,0.00,0.00,-1.00,-1.00,0.00,-1.00,-1.00,0.00,-1.00,-1.00,0.00,2.42E-1,1.024E+5,0.00E+0,1.33E-2,-1.00,0.00E+0,1.33E-2,0x0004,0x0000,0x007F,0x0214,0x0000,0x0001,0x0000,0x0000,0x0000,0x0000,0x0000,0x0004,0x0000,0x0000,0x0000,0x0000,0x0000,0x0000,1291
12:00:54 PM,6,0.00,0,0.00,-1.67,0.00,0.00,100.00,-1.00,-1.00,-1.00,0,1,1,100,0,-1,0.18,0.00,0.18,160,160,0,0.00,0.00,0.00,0.00,0.00,0.00,-1.00,-1.00,0.00,-1.00,-1.00,0.00,-1.00,-1.00,0.00,2.46E-1,1.024E+5,0.00E+0,1.33E-2,-1.00,0.00E+0,1.33E-2,0x0004,0x0000,0x007F,0x0214,0x0000,0x0001,0x0000,0x0000,0x0000,0x0000,0x0000,0x0004,0x0000,0x0000,0x0000,0x0000,0x0000,0x0000,1292
12:00:59 PM,6,0.00,0,0.00,-1.67,0.00,0.00,100.00,-1.00,-1.00,-1.00,0,1,1,100,0,-1,0.18,0.00,0.18,160,160,0,0.00,0.00,0.00,0.00,0.00,0.00,-1.00,-1.00,0.00,-1.00,-1.00,0.00,-1.00,-1.00,0.00,2.44E-1,1.024E+5,0.00E+0,1.33E-2,-1.00,0.00E+0,1.33E-2,0x0004,0x0000,0x007F,0x0214,0x0000,0x0001,0x0000,0x0000,0x0000,0x0000,0x0000,0x0004,0x0000,0x0000,0x0000,0x0000,0x0000,0x0000,1293
12:01:04 PM,6,0.00,0,0.00,-1.67,0.00,0.00,100.00,-1.00,-1.00,-1.00,0,1,1,100,0,-1,0.18,0.00,0.18,160,160,0,0.00,0.00,0.00,0.00,0.00,0.00,-1.00,-1.00,0.00,-1.00,-1.00,0.00,-1.00,-1.00,0.00,2.46E-1,1.024E+5,0.00E+0,1.33E-2,-1.00,0.00E+0,1.33E-2,0x0004,0x0000,0x007F,0x0214,0x0000,0x0001,0x0000,0x0000,0x0000,0x0000,0x0000,0x0004,0x0000,0x0000,0x0000,0x0000,0x0000,0x0000,1294
11:58:05 AM,6,0.00,0,0.00,-1.67,0.00,0.00,100.00,-1.00,-1.00,-1.00,0,1,1,100,0,-1,0.18,0.00,0.18,160,160,0,0.00,0.00,0.00,0.00,0.00,0.00,-1.00,-1.00,0.00,-1.00,-1.00,0.00,-1.00,-1.00,0.00,2.44E-1,1.024E+5,0.00E+0,1.33E-2,-1.00,0.00E+0,1.33E-2,0x0004,0x0000,0x007F,0x0214,0x0000,0x0001,0x0000,0x0000,0x0000,0x0000,0x0000,0x0004,0x0000,0x0000,0x0000,0x0000,0x0000,0x0000,1295
11:58:10 AM,6,0.00,0,0.00,-1.67,0.00,0.00,100.00,-1.00,-1.00,-1.00,0,1,1,100,0,-1,0.18,0.00,0.18,160,160,0,0.00,0.00,0.00,0.00,0.00,0.00,-1.00,-1.00,0.00,-1.00,-1.00,0.00,-1.00,-1.00,0.00,2.42E-1,1.024E+5,0.00E+0,1.33E-2,-1.00,0.00E+0,1.33E-2,0x0004,0x0000,0x007F,0x0214,0x0000,0x0001,0x0000,0x0000,0x0000,0x0000,0x0000,0x0004,0x0000,0x0000,0x0000,0x0000,0x0000,0x0000,1296
11:58:15 AM,6,0.00,0,0.00,-1.67,0.00,0.00,100.00,-1.00,-1.00,-1.00,0,1,1,100,0,-1,0.18,0.00,0.18,160,160,0,0.00,0.00,0.00,0.00,0.00,0.00,-1.00,-1.00,0.00,-1.00,-1.00,0.00,-1.00,-1.00,0.00,2.42E-1,1.024E+5,0.00E+0,1.33E-2,-1.00,0.00E+0,1.33E-2,0x0004,0x0000,0x007F,0x0214,0x0000,0x0001,0x0000,0x0000,0x0000,0x0000,0x0000,0x0004,0x0000,0x0000,0x0000,0x0000,0x0000,0x0000,1297
11:58:20 AM,6,0.00,0,0.00,-1.67,0.00,0.00,100.00,-1.00,-1.00,-1.00,0,1,1,100,0,-1,0.18,0.00,0.18,160,160,0,0.00,0.00,0.00,0.00,0.00,0.00,-1.00,-1.00,0.00,-1.00,-1.00,0.00,-1.00,-1.00,0.00,2.46E-1,1.024E+5,0.00E+0,1.33E-2,-1.00,0.00E+0,1.33E-2,0x0004,0x0000,0x007F,0x0214,0x0000,0x0001,0x0000,0x0000,0x0000,0x0000,0x0000,0x0004,0x0000,0x0000,0x0000,0x0000,0x0000,0x0000,1298
11:58:25 AM,6,0.00,0,0.00,-1.67,0.00,0.00,100.00,-1.00,-1.00,-1.00,0,1,1,100,0,-1,0.18,0.00,0.18,160,160,0,0.00,0.00,0.00,0.00,0.00,0.00,-1.00,-1.00,0.00,-1.00,-1.00,0.00,-1.00,-1.00,0.00,2.46E-1,1.024E+5,0.00E+0,1.33E-2,-1.00,0.00E+0,1.33E-2,0x0004,0x0000,0x007F,0x0214,0x0000,0x0001,0x0000,0x0000,0x0000,0x0000,0x0000,0x0004,0x0000,0x0000,0x0000,0x0000,0x0000,0x0000,1299
11:58:30 AM,6,0.00,0,0.00,-1.67,0.00,0.00,100.00,-1.00,-1.00,-1.00,0,1,1,100,0,-1,0.18,0.00,0.18,160,160,0,0.00,0.00,0.00,0.00,0.00,0.00,-1.00,-1.00,0.00,-1.00,-1.00,0.00,-1.00,-1.00,0.00,2.46E-1,1.024E+5,0.00E+0,1.33E-2,-1.00,0.00E+0,1.33E-2,0x0004,0x0000,0x007F,0x0214,0x0000,0x0001,0x0000,0x0000,0x0000,0x0000,0x0000,0x0004,0x0000,0x0000,0x0000,0x0000,0x0000,0x0000,1300
11:58:35 AM,6,0.00,0,0.00,-1.67,0.00,0.00,100.00,-1.00,-1.00,-1.00,0,1,1,100,0,-1,0.18,0.00,0.18,160,160,0,0.00,0.00,0.00,0.00,0.00,0.00,-1.00,-1.00,0.00,-1.00,-1.00,0.00,-1.00,-1.00,0.00,2.44E-1,1.024E+5,0.00E+0,1.33E-2,-1.00,0.00E+0,1.33E-2,0x0004,0x0000,0x007F,0x0214,0x0000,0x0001,0x0000,0x0000,0x0000,0x0000,0x0000,0x0004,0x0000,0x0000,0x0000,0x0000,0x0000,0x0000,1301
11:58:40 AM,6,0.00,0,0.00,-1.67,0.00,0.00,100.00,-1.00,-1.00,-1.00,0,1,1,100,0,-1,0.18,0.00,0.18,160,160,0,0.00,0.00,0.00,0.00,0.00,0.00,-1.00,-1.00,0.00,-1.00,-1.00,0.00,-1.00,-1.00,0.00,2.42E-1,1.024E+5,0.00E+0,1.33E-2,-1.00,0.00E+0,1.33E-2,0x0004,0x0000,0x007F,0x0214,0x0000,0x0001,0x0000,0x0000,0x0000,0x0000,0x0000,0x0004,0x0000,0x0000,0x0000,0x0000,0x0000,0x0000,1302
11:58:45 AM,6,0.00,0,0.00,-1.67,0.00,0.00,100.00,-1.00,-1.00,-1.00,0,1,1,100,0,-1,0.18,0.00,0.18,160,160,0,0.00,0.00,0.00,0.00,0.00,0.00,-1.00,-1.00,0.00,-1.00,-1.00,0.00,-1.00,-1.00,0.00,2.40E-1,1.024E+5,0.00E+0,1.33E-2,-1.00,0.00E+0,1.33E-2,0x0004,0x0000,0x007F,0x0214,0x0000,0x0001,0x0000,0x0000,0x0000,0x0000,0x0000,0x0004,0x0000,0x0000,0x0000,0x0000,0x0000,0x0000,1303
11:58:50 AM,6,0.00,0,0.00,-1.67,0.00,0.00,100.00,-1.00,-1.00,-1.00,0,1,1,100,0,-1,0.18,0.00,0.18,160,160,0,0.00,0.00,0.00,0.00,0.00,0.00,-1.00,-1.00,0.00,-1.00,-1.00,0.00,-1.00,-1.00,0.00,2.42E-1,1.024E+5,0.00E+0,1.33E-2,-1.00,0.00E+0,1.33E-2,0x0004,0x0000,0x007F,0x0214,0x0000,0x0001,0x0000,0x0000,0x0000,0x0000,0x0000,0x0004,0x0000,0x0000,0x0000,0x0000,0x0000,0x0000,1304
11:58:55 AM,6,0.00,0,0.00,-1.67,0.00,0.00,100.00,-1.00,-1.00,-1.00,0,1,1,100,0,-1,0.18,0.00,0.18,160,160,0,0.00,0.00,0.00,0.00,0.00,0.00,-1.00,-1.00,0.00,-1.00,-1.00,0.00,-1.00,-1.00,0.00,2.44E-1,1.024E+5,0.00E+0,1.33E-2,-1.00,0.00E+0,1.33E-2,0x0004,0x0000,0x007F,0x0214,0x0000,0x0001,0x0000,0x0000,0x0000,0x0000,0x0000,0x0004,0x0000,0x0000,0x0000,0x0000,0x0000,0x0000,1305
11:59:00 AM,6,0.00,0,0.00,-1.67,0.00,0.00,100.00,-1.00,-1.00,-1.00,0,1,1,100,0,-1,0.18,0.00,0.18,160,160,0,0.00,0.00,0.00,0.00,0.00,0.00,-1.00,-1.00,0.00,-1.00,-1.00,0.00,-1.00,-1.00,0.00,2.37E-1,1.024E+5,0.00E+0,1.33E-2,-1.00,0.00E+0,1.33E-2,0x0004,0x0000,0x007F,0x0214,0x0000,0x0001,0x0000,0x0000,0x0000,0x0000,0x0000,0x0004,0x0000,0x0000,0x0000,0x0000,0x0000,0x0000,1306
11:59:05 AM,6,0.00,0,0.00,-1.67,0.00,0.00,100.00,-1.00,-1.00,-1.00,0,1,1,100,0,-1,0.18,0.00,0.18,160,160,0,0.00,0.00,0.00,0.00,0.00,0.00,-1.00,-1.00,0.00,-1.00,-1.00,0.00,-1.00,-1.00,0.00,2.44E-1,1.024E+5,0.00E+0,1.33E-2,-1.00,0.00E+0,1.33E-2,0x0004,0x0000,0x007F,0x0214,0x0000,0x0001,0x0000,0x0000,0x0000,0x0000,0x0000,0x0004,0x0000,0x0000,0x0000,0x0000,0x0000,0x0000,1307
11:59:10 AM,6,0.00,0,0.00,-1.67,0.00,0.00,100.00,-1.00,-1.00,-1.00,0,1,1,100,0,-1,0.18,0.00,0.18,160,160,0,0.00,0.00,0.00,0.00,0.00,0.00,-1.00,-1.00,0.00,-1.00,-1.00,0.00,-1.00,-1.00,0.00,2.46E-1,1.024E+5,0.00E+0,1.33E-2,-1.00,0.00E+0,1.33E-2,0x0004,0x0000,0x007F,0x0214,0x0000,0x0001,0x0000,0x0000,0x0000,0x0000,0x0000,0x0004,0x0000,0x0000,0x0000,0x0000,0x0000,0x0000,1308
11:59:15 AM,6,0.00,0,0.00,-1.67,0.00,0.00,100.00,-1.00,-1.00,-1.00,0,1,1,100,0,-1,0.18,0.00,0.18,160,160,0,0.00,0.00,0.00,0.00,0.00,0.00,-1.00,-1.00,0.00,-1.00,-1.00,0.00,-1.00,-1.00,0.00,2.46E-1,1.024E+5,0.00E+0,1.33E-2,-1.00,0.00E+0,1.33E-2,0x0004,0x0000,0x007F,0x0214,0x0000,0x0001,0x0000,0x0000,0x0000,0x0000,0x0000,0x0004,0x0000,0x0000,0x0000,0x0000,0x0000,0x0000,1309
11:59:20 AM,6,0.00,0,0.00,-1.67,0.00,0.00,100.00,-1.00,-1.00,-1.00,0,1,1,100,0,-1,0.18,0.00,0.18,160,160,0,0.00,0.00,0.00,0.00,0.00,0.00,-1.00,-1.00,0.00,-1.00,-1.00,0.00,-1.00,-1.00,0.00,2.46E-1,1.024E+5,0.00E+0,1.33E-2,-1.00,0.00E+0,1.33E-2,0x0004,0x0000,0x007F,0x0214,0x0000,0x0001,0x0000,0x0000,0x0000,0x0000,0x0000,0x0004,0x0000,0x0000,0x0000,0x0000,0x0000,0x0000,1310
11:59:25 AM,6,0.00,0,0.00,-1.67,0.00,0.00,100.00,-1.00,-1.00,-1.00,0,1,1,100,0,-1,0.18,0.00,0.18,160,160,0,0.00,0.00,0.00,0.00,0.00,0.00,-1.00,-1.00,0.00,-1.00,-1.00,0.00,-1.00,-1.00,0.00,2.42E-1,1.024E+5,0.00E+0,1.33E-2,-1.00,0.00E+0,1.33E-2,0x0004,0x0000,0x007F,0x0214,0x0000,0x0001,0x0000,0x0000,0x0000,0x0000,0x0000,0x0004,0x0000,0x0000,0x0000,0x0000,0x0000,0x0000,1311
11:59:30 AM,6,0.00,0,0.00,-1.67,0.00,0.00,100.00,-1.00,-1.00,-1.00,0,1,1,100,0,-1,0.18,0.00,0.18,160,160,0,0.00,0.00,0.00,0.00,0.00,0.00,-1.00,-1.00,0.00,-1.00,-1.00,0.00,-1.00,-1.00,0.00,2.42E-1,1.024E+5,0.00E+0,1.33E-2,-1.00,0.00E+0,1.33E-2,0x0004,0x0000,0x007F,0x0214,0x0000,0x0001,0x0000,0x0000,0x0000,0x0000,0x0000,0x0004,0x0000,0x0000,0x0000,0x0000,0x0000,0x0000,1312
11:59:35 AM,6,0.00,0,0.00,-1.67,0.00,0.00,100.00,-1.00,-1.00,-1.00,0,1,1,100,0,-1,0.18,0.00,0.18,160,160,0,0.00,0.00,0.00,0.00,0.00,0.00,-1.00,-1.00,0.00,-1.00,-1.00,0.00,-1.00,-1.00,0.00,2.42E-1,1.024E+5,0.00E+0,1.33E-2,-1.00,0.00E+0,1.33E-2,0x0004,0x0000,0x007F,0x0214,0x0000,0x0001,0x0000,0x0000,0x0000,0x0000,0x0000,0x0004,0x0000,0x0000,0x0000,0x0000,0x0000,0x0000,1313
11:59:39 AM,6,0.00,0,0.00,-1.67,0.00,0.00,100.00,-1.00,-1.00,-1.00,0,1,1,100,0,-1,0.18,0.00,0.18,160,160,0,0.00,0.00,0.00,0.00,0.00,0.00,-1.00,-1.00,0.00,-1.00,-1.00,0.00,-1.00,-1.00,0.00,2.46E-1,1.024E+5,0.00E+0,1.33E-2,-1.00,0.00E+0,1.33E-2,0x0004,0x0000,0x007F,0x0214,0x0000,0x0001,0x0000,0x0000,0x0000,0x0000,0x0000,0x0004,0x0000,0x0000,0x0000,0x0000,0x0000,0x0000,1314
11:59:44 AM,6,0.00,0,0.00,-1.67,0.00,0.00,100.00,-1.00,-1.00,-1.00,0,1,1,100,0,-1,0.18,0.00,0.18,160,160,0,0.00,0.00,0.00,0.00,0.00,0.00,-1.00,-1.00,0.00,-1.00,-1.00,0.00,-1.00,-1.00,0.00,2.46E-1,1.024E+5,0.00E+0,1.33E-2,-1.00,0.00E+0,1.33E-2,0x0004,0x0000,0x007F,0x0214,0x0000,0x0001,0x0000,0x0000,0x0000,0x0000,0x0000,0x0004,0x0000,0x0000,0x0000,0x0000,0x0000,0x0000,1315
11:59:49 AM,6,0.00,0,0.00,-1.67,0.00,0.00,100.00,-1.00,-1.00,-1.00,0,1,1,100,0,-1,0.18,0.00,0.18,160,160,0,0.00,0.00,0.00,0.00,0.00,0.00,-1.00,-1.00,0.00,-1.00,-1.00,0.00,-1.00,-1.00,0.00,2.42E-1,1.024E+5,0.00E+0,1.33E-2,-1.00,0.00E+0,1.33E-2,0x0004,0x0000,0x007F,0x0214,0x0000,0x0001,0x0000,0x0000,0x0000,0x0000,0x0000,0x0004,0x0000,0x0000,0x0000,0x0000,0x0000,0x0000,1316
11:59:54 AM,6,0.00,0,0.00,-1.67,0.00,0.00,100.00,-1.00,-1.00,-1.00,0,1,1,100,0,-1,0.18,0.00,0.18,160,160,0,0.00,0.00,0.00,0.00,0.00,0.00,-1.00,-1.00,0.00,-1.00,-1.00,0.00,-1.00,-1.00,0.00,2.42E-1,1.024E+5,0.00E+0,1.33E-2,-1.00,0.00E+0,1.33E-2,0x0004,0x0000,0x007F,0x0214,0x0000,0x0001,0x0000,0x0000,0x0000,0x0000,0x0000,0x0004,0x0000,0x0000,0x0000,0x0000,0x0000,0x0000,1317
11:59:59 AM,6,0.00,0,0.00,-1.67,0.00,0.00,100.00,-1.00,-1.00,-1.00,0,1,1,100,0,-1,0.18,0.00,0.18,160,160,0,0.00,0.00,0.00,0.00,0.00,0.00,-1.00,-1.00,0.00,-1.00,-1.00,0.00,-1.00,-1.00,0.00,2.48E-1,1.024E+5,0.00E+0,1.33E-2,-1.00,0.00E+0,1.33E-2,0x0004,0x0000,0x007F,0x0214,0x0000,0x0001,0x0000,0x0000,0x0000,0x0000,0x0000,0x0004,0x0000,0x0000,0x0000,0x0000,0x0000,0x0000,1318
12:00:04 PM,6,0.00,0,0.00,-1.67,0.00,0.00,100.00,-1.00,-1.00,-1.00,0,1,1,100,0,-1,0.18,0.00,0.18,160,160,0,0.00,0.00,0.00,0.00,0.00,0.00,-1.00,-1.00,0.00,-1.00,-1.00,0.00,-1.00,-1.00,0.00,2.42E-1,1.024E+5,0.00E+0,1.33E-2,-1.00,0.00E+0,1.33E-2,0x0004,0x0000,0x007F,0x0214,0x0000,0x0001,0x0000,0x0000,0x0000,0x0000,0x0000,0x0004,0x0000,0x0000,0x0000,0x0000,0x0000,0x0000,1319
12:00:09 PM,6,0.00,0,0.00,-1.67,0.00,0.00,100.00,-1.00,-1.00,-1.00,0,1,1,100,0,-1,0.18,0.00,0.18,160,160,0,0.00,0.00,0.00,0.00,0.00,0.00,-1.00,-1.00,0.00,-1.00,-1.00,0.00,-1.00,-1.00,0.00,2.46E-1,1.024E+5,0.00E+0,1.33E-2,-1.00,0.00E+0,1.33E-2,0x0004,0x0000,0x007F,0x0214,0x0000,0x0001,0x0000,0x0000,0x0000,0x0000,0x0000,0x0004,0x0000,0x0000,0x0000,0x0000,0x0000,0x0000,1320
12:00:14 PM,6,0.00,0,0.00,-1.67,0.00,0.00,100.00,-1.00,-1.00,-1.00,0,1,1,100,0,-1,0.18,0.00,0.18,160,160,0,0.00,0.00,0.00,0.00,0.00,0.00,-1.00,-1.00,0.00,-1.00,-1.00,0.00,-1.00,-1.00,0.00,2.42E-1,1.024E+5,0.00E+0,1.33E-2,-1.00,0.00E+0,1.33E-2,0x0004,0x0000,0x007F,0x0214,0x0000,0x0001,0x0000,0x0000,0x0000,0x0000,0x0000,0x0004,0x0000,0x0000,0x0000,0x0000,0x0000,0x0000,1321
12:00:19 PM,6,0.00,0,0.00,-1.67,0.00,0.00,100.00,-1.00,-1.00,-1.00,0,1,1,100,0,-1,0.18,0.00,0.18,160,160,0,0.00,0.00,0.00,0.00,0.00,0.00,-1.00,-1.00,0.00,-1.00,-1.00,0.00,-1.00,-1.00,0.00,2.44E-1,1.024E+5,0.00E+0,1.33E-2,-1.00,0.00E+0,1.33E-2,0x0004,0x0000,0x007F,0x0214,0x0000,0x0001,0x0000,0x0000,0x0000,0x0000,0x0000,0x0004,0x0000,0x0000,0x0000,0x0000,0x0000,0x0000,1322
12:00:24 PM,6,0.00,0,0.00,-1.67,0.00,0.00,100.00,-1.00,-1.00,-1.00,0,1,1,100,0,-1,0.18,0.00,0.18,160,160,0,0.00,0.00,0.00,0.00,0.00,0.00,-1.00,-1.00,0.00,-1.00,-1.00,0.00,-1.00,-1.00,0.00,2.46E-1,1.024E+5,0.00E+0,1.33E-2,-1.00,0.00E+0,1.33E-2,0x0004,0x0000,0x007F,0x0214,0x0000,0x0001,0x0000,0x0000,0x0000,0x0000,0x0000,0x0004,0x0000,0x0000,0x0000,0x0000,0x0000,0x0000,1323
12:00:29 PM,6,0.00,0,0.00,-1.67,0.00,0.00,100.00,-1.00,-1.00,-1.00,0,1,1,100,0,-1,0.18,0.00,0.18,160,160,0,0.00,0.00,0.00,0.00,0.00,0.00,-1.00,-1.00,0.00,-1.00,-1.00,0.00,-1.00,-1.00,0.00,2.51E-1,1.024E+5,0.00E+0,1.33E-2,-1.00,0.00E+0,1.33E-2,0x0004,0x0000,0x007F,0x0214,0x0000,0x0001,0x0000,0x0000,0x0000,0x0000,0x0000,0x0004,0x0000,0x0000,0x0000,0x0000,0x0000,0x0000,1324
12:00:34 PM,6,0.00,0,0.00,-1.67,0.00,0.00,100.00,-1.00,-1.00,-1.00,0,1,1,100,0,-1,0.18,0.00,0.18,160,160,0,0.00,0.00,0.00,0.00,0.00,0.00,-1.00,-1.00,0.00,-1.00,-1.00,0.00,-1.00,-1.00,0.00,2.46E-1,1.024E+5,0.00E+0,1.33E-2,-1.00,0.00E+0,1.33E-2,0x0004,0x0000,0x007F,0x0214,0x0000,0x0001,0x0000,0x0000,0x0000,0x0000,0x0000,0x0004,0x0000,0x0000,0x0000,0x0000,0x0000,0x0000,1325
12:00:39 PM,6,0.00,0,0.00,-1.67,0.00,0.00,100.00,-1.00,-1.00,-1.00,0,1,1,100,0,-1,0.18,0.00,0.18,160,160,0,0.00,0.00,0.00,0.00,0.00,0.00,-1.00,-1.00,0.00,-1.00,-1.00,0.00,-1.00,-1.00,0.00,2.46E-1,1.024E+5,0.00E+0,1.33E-2,-1.00,0.00E+0,1.33E-2,0x0004,0x0000,0x007F,0x0214,0x0000,0x0001,0x0000,0x0000,0x0000,0x0000,0x0000,0x0004,0x0000,0x0000,0x0000,0x0000,0x0000,0x0000,1326
12:00:44 PM,6,0.00,0,0.00,-1.67,0.00,0.00,100.00,-1.00,-1.00,-1.00,0,1,1,100,0,-1,0.18,0.00,0.18,160,160,0,0.00,0.00,0.00,0.00,0.00,0.00,-1.00,-1.00,0.00,-1.00,-1.00,0.00,-1.00,-1.00,0.00,2.46E-1,1.024E+5,0.00E+0,1.33E-2,-1.00,0.00E+0,1.33E-2,0x0004,0x0000,0x007F,0x0214,0x0000,0x0001,0x0000,0x0000,0x0000,0x0000,0x0000,0x0004,0x0000,0x0000,0x0000,0x0000,0x0000,0x0000,1327
12:00:49 PM,6,0.00,0,0.00,-1.67,0.00,0.00,100.00,-1.00,-1.00,-1.00,0,1,1,100,0,-1,0.18,0.00,0.18,160,160,0,0.00,0.00,0.00,0.00,0.00,0.00,-1.00,-1.00,0.00,-1.00,-1.00,0.00,-1.00,-1.00,0.00,2.42E-1,1.024E+5,0.00E+0,1.33E-2,-1.00,0.00E+0,1.33E-2,0x0004,0x0000,0x007F,0x0214,0x0000,0x0001,0x0000,0x0000,0x0000,0x0000,0x0000,0x0004,0x0000,0x0000,0x0000,0x0000,0x0000,0x0000,1328
12:00:54 PM,6,0.00,0,0.00,-1.67,0.00,0.00,100.00,-1.00,-1.00,-1.00,0,1,1,100,0,-1,0.18,0.00,0.18,160,160,0,0.00,0.00,0.00,0.00,0.00,0.00,-1.00,-1.00,0.00,-1.00,-1.00,0.00,-1.00,-1.00,0.00,2.46E-1,1.024E+5,0.00E+0,1.33E-2,-1.00,0.00E+0,1.33E-2,0x0004,0x0000,0x007F,0x0214,0x0000,0x0001,0x0000,0x0000,0x0000,0x0000,0x0000,0x0004,0x0000,0x0000,0x0000,0x0000,0x0000,0x0000,1329
12:00:59 PM,6,0.00,0,0.00,-1.67,0.00,0.00,100.00,-1.00,-1.00,-1.00,0,1,1,100,0,-1,0.18,0.00,0.18,160,160,0,0.00,0.00,0.00,0.00,0.00,0.00,-1.00,-1.00,0.00,-1.00,-1.00,0.00,-1.00,-1.00,0.00,2.44E-1,1.024E+5,0.00E+0,1.33E-2,-1.00,0.00E+0,1.33E-2,0x0004,0x0000,0x007F,0x0214,0x0000,0x0001,0x0000,0x0000,0x0000,0x0000,0x0000,0x0004,0x0000,0x0000,0x0000,0x0000,0x0000,0x0000,1330
12:01:04 PM,6,0.00,0,0.00,-1.67,0.00,0.00,100.00,-1.00,-1.00,-1.00,0,1,1,100,0,-1,0.18,0.00,0.18,160,160,0,0.00,0.00,0.00,0.00,0.00,0.00,-1.00,-1.00,0.00,-1.00,-1.00,0.00,-1.00,-1.00,0.00,2.46E-1,1.024E+5,0.00E+0,1.33E-2,-1.00,0.00E+0,1.33E-2,0x0004,0x0000,0x007F,0x0214,0x0000,0x0001,0x0000,0x0000,0x0000,0x0000,0x0000,0x0004,0x0000,0x0000,0x0000,0x0000,0x0000,0x0000,1331
11:58:05 AM,6,0.00,0,0.00,-1.67,0.00,0.00,100.00,-1.00,-1.00,-1.00,0,1,1,100,0,-1,0.18,0.00,0.18,160,160,0,0.00,0.00,0.00,0.00,0.00,0.00,-1.00,-1.00,0.00,-1.00,-1.00,0.00,-1.00,-1.00,0.00,2.44E-1,1.024E+5,0.00E+0,1.33E-2,-1.00,0.00E+0,1.33E-2,0x0004,0x0000,0x007F,0x0214,0x0000,0x0001,0x0000,0x0000,0x0000,0x0000,0x0000,0x0004,0x0000,0x0000,0x0000,0x0000,0x0000,0x0000,1332
11:58:10 AM,6,0.00,0,0.00,-1.67,0.00,0.00,100.00,-1.00,-1.00,-1.00,0,1,1,100,0,-1,0.18,0.00,0.18,160,160,0,0.00,0.00,0.00,0.00,0.00,0.00,-1.00,-1.00,0.00,-1.00,-1.00,0.00,-1.00,-1.00,0.00,2.42E-1,1.024E+5,0.00E+0,1.33E-2,-1.00,0.00E+0,1.33E-2,0x0004,0x0000,0x007F,0x0214,0x0000,0x0001,0x0000,0x0000,0x0000,0x0000,0x0000,0x0004,0x0000,0x0000,0x0000,0x0000,0x0000,0x0000,1333
11:58:15 AM,6,0.00,0,0.00,-1.67,0.00,0.00,100.00,-1.00,-1.00,-1.00,0,1,1,100,0,-1,0.18,0.00,0.18,160,160,0,0.00,0.00,0.00,0.00,0.00,0.00,-1.00,-1.00,0.00,-1.00,-1.00,0.00,-1.00,-1.00,0.00,2.42E-1,1.024E+5,0.00E+0,1.33E-2,-1.00,0.00E+0,1.33E-2,0x0004,0x0000,0x007F,0x0214,0x0000,0x0001,0x0000,0x0000,0x0000,0x0000,0x0000,0x0004,0x0000,0x0000,0x0000,0x0000,0x0000,0x0000,1334
11:58:20 AM,6,0.00,0,0.00,-1.67,0.00,0.00,100.00,-1.00,-1.00,-1.00,0,1,1,100,0,-1,0.18,0.00,0.18,160,160,0,0.00,0.00,0.00,0.00,0.00,0.00,-1.00,-1.00,0.00,-1.00,-1.00,0.00,-1.00,-1.00,0.00,2.46E-1,1.024E+5,0.00E+0,1.33E-2,-1.00,0.00E+0,1.33E-2,0x0004,0x0000,0x007F,0x0214,0x0000,0x0001,0x0000,0x0000,0x0000,0x0000,0x0000,0x0004,0x0000,0x0000,0x0000,0x0000,0x0000,0x0000,1335
11:58:25 AM,6,0.00,0,0.00,-1.67,0.00,0.00,100.00,-1.00,-1.00,-1.00,0,1,1,100,0,-1,0.18,0.00,0.18,160,160,0,0.00,0.00,0.00,0.00,0.00,0.00,-1.00,-1.00,0.00,-1.00,-1.00,0.00,-1.00,-1.00,0.00,2.46E-1,1.024E+5,0.00E+0,1.33E-2,-1.00,0.00E+0,1.33E-2,0x0004,0x0000,0x007F,0x0214,0x0000,0x0001,0x0000,0x0000,0x0000,0x0000,0x0000,0x0004,0x0000,0x0000,0x0000,0x0000,0x0000,0x0000,1336
11:58:30 AM,6,0.00,0,0.00,-1.67,0.00,0.00,100.00,-1.00,-1.00,-1.00,0,1,1,100,0,-1,0.18,0.00,0.18,160,160,0,0.00,0.00,0.00,0.00,0.00,0.00,-1.00,-1.00,0.00,-1.00,-1.00,0.00,-1.00,-1.00,0.00,2.46E-1,1.024E+5,0.00E+0,1.33E-2,-1.00,0.00E+0,1.33E-2,0x0004,0x0000,0x007F,0x0214,0x0000,0x0001,0x0000,0x0000,0x0000,0x0000,0x0000,0x0004,0x0000,0x0000,0x0000,0x0000,0x0000,0x0000,1337
11:58:35 AM,6,0.00,0,0.00,-1.67,0.00,0.00,100.00,-1.00,-1.00,-1.00,0,1,1,100,0,-1,0.18,0.00,0.18,160,160,0,0.00,0.00,0.00,0.00,0.00,0.00,-1.00,-1.00,0.00,-1.00,-1.00,0.00,-1.00,-1.00,0.00,2.44E-1,1.024E+5,0.00E+0,1.33E-2,-1.00,0.00E+0,1.33E-2,0x0004,0x0000,0x007F,0x0214,0x0000,0x0001,0x0000,0x0000,0x0000,0x0000,0x0000,0x0004,0x0000,0x0000,0x0000,0x0000,0x0000,0x0000,1338
11:58:40 AM,6,0.00,0,0.00,-1.67,0.00,0.00,100.00,-1.00,-1.00,-1.00,0,1,1,100,0,-1,0.18,0.00,0.18,160,160,0,0.00,0.00,0.00,0.00,0.00,0.00,-1.00,-1.00,0.00,-1.00,-1.00,0.00,-1.00,-1.00,0.00,2.42E-1,1.024E+5,0.00E+0,1.33E-2,-1.00,0.00E+0,1.33E-2,0x0004,0x0000,0x007F,0x0214,0x0000,0x0001,0x0000,0x0000,0x0000,0x0000,0x0000,0x0004,0x0000,0x0000,0x0000,0x0000,0x0000,0x0000,1339
11:58:45 AM,6,0.00,0,0.00,-1.67,0.00,0.00,100.00,-1.00,-1.00,-1.00,0,1,1,100,0,-1,0.18,0.00,0.18,160,160,0,0.00,0.00,0.00,0.00,0.00,0.00,-1.00,-1.00,0.00,-1.00,-1.00,0.00,-1.00,-1.00,0.00,2.40E-1,1.024E+5,0.00E+0,1.33E-2,-1.00,0.00E+0,1.33E-2,0x0004,0x0000,0x007F,0x0214,0x0000,0x0001,0x0000,0x0000,0x0000,0x0000,0x0000,0x0004,0x0000,0x0000,0x0000,0x0000,0x0000,0x0000,1340
11:58:50 AM,6,0.00,0,0.00,-1.67,0.00,0.00,100.00,-1.00,-1.00,-1.00,0,1,1,100,0,-1,0.18,0.00,0.18,160,160,0,0.00,0.00,0.00,0.00,0.00,0.00,-1.00,-1.00,0.00,-1.00,-1.00,0.00,-1.00,-1.00,0.00,2.42E-1,1.024E+5,0.00E+0,1.33E-2,-1.00,0.00E+0,1.33E-2,0x0004,0x0000,0x007F,0x0214,0x0000,0x0001,0x0000,0x0000,0x0000,0x0000,0x0000,0x0004,0x0000,0x0000,0x0000,0x0000,0x0000,0x0000,1341
11:58:55 AM,6,0.00,0,0.00,-1.67,0.00,0.00,100.00,-1.00,-1.00,-1.00,0,1,1,100,0,-1,0.18,0.00,0.18,160,160,0,0.00,0.00,0.00,0.00,0.00,0.00,-1.00,-1.00,0.00,-1.00,-1.00,0.00,-1.00,-1.00,0.00,2.44E-1,1.024E+5,0.00E+0,1.33E-2,-1.00,0.00E+0,1.33E-2,0x0004,0x0000,0x007F,0x0214,0x0000,0x0001,0x0000,0x0000,0x0000,0x0000,0x0000,0x0004,0x0000,0x0000,0x0000,0x0000,0x0000,0x0000,1342
11:59:00 AM,6,0.00,0,0.00,-1.67,0.00,0.00,100.00,-1.00,-1.00,-1.00,0,1,1,100,0,-1,0.18,0.00,0.18,160,160,0,0.00,0.00,0.00,0.00,0.00,0.00,-1.00,-1.00,0.00,-1.00,-1.00,0.00,-1.00,-1.00,0.00,2.37E-1,1.024E+5,0.00E+0,1.33E-2,-1.00,0.00E+0,1.33E-2,0x0004,0x0000,0x007F,0x0214,0x0000,0x0001,0x0000,0x0000,0x0000,0x0000,0x0000,0x0004,0x0000,0x0000,0x0000,0x0000,0x0000,0x0000,1343
11:59:05 AM,6,0.00,0,0.00,-1.67,0.00,0.00,100.00,-1.00,-1.00,-1.00,0,1,1,100,0,-1,0.18,0.00,0.18,160,160,0,0.00,0.00,0.00,0.00,0.00,0.00,-1.00,-1.00,0.00,-1.00,-1.00,0.00,-1.00,-1.00,0.00,2.44E-1,1.024E+5,0.00E+0,1.33E-2,-1.00,0.00E+0,1.33E-2,0x0004,0x0000,0x007F,0x0214,0x0000,0x0001,0x0000,0x0000,0x0000,0x0000,0x0000,0x0004,0x0000,0x0000,0x0000,0x0000,0x0000,0x0000,1344
11:59:10 AM,6,0.00,0,0.00,-1.67,0.00,0.00,100.00,-1.00,-1.00,-1.00,0,1,1,100,0,-1,0.18,0.00,0.18,160,160,0,0.00,0.00,0.00,0.00,0.00,0.00,-1.00,-1.00,0.00,-1.00,-1.00,0.00,-1.00,-1.00,0.00,2.46E-1,1.024E+5,0.00E+0,1.33E-2,-1.00,0.00E+0,1.33E-2,0x0004,0x0000,0x007F,0x0214,0x0000,0x0001,0x0000,0x0000,0x0000,0x0000,0x0000,0x0004,0x0000,0x0000,0x0000,0x0000,0x0000,0x0000,1345
11:59:15 AM,6,0.00,0,0.00,-1.67,0.00,0.00,100.00,-1.00,-1.00,-1.00,0,1,1,100,0,-1,0.18,0.00,0.18,160,160,0,0.00,0.00,0.00,0.00,0.00,0.00,-1.00,-1.00,0.00,-1.00,-1.00,0.00,-1.00,-1.00,0.00,2.46E-1,1.024E+5,0.00E+0,1.33E-2,-1.00,0.00E+0,1.33E-2,0x0004,0x0000,0x007F,0x0214,0x0000,0x0001,0x0000,0x0000,0x0000,0x0000,0x0000,0x0004,0x0000,0x0000,0x0000,0x0000,0x0000,0x0000,1346
11:59:20 AM,6,0.00,0,0.00,-1.67,0.00,0.00,100.00,-1.00,-1.00,-1.00,0,1,1,100,0,-1,0.18,0.00,0.18,160,160,0,0.00,0.00,0.00,0.00,0.00,0.00,-1.00,-1.00,0.00,-1.00,-1.00,0.00,-1.00,-1.00,0.00,2.46E-1,1.024E+5,0.00E+0,1.33E-2,-1.00,0.00E+0,1.33E-2,0x0004,0x0000,0x007F,0x0214,0x0000,0x0001,0x0000,0x0000,0x0000,0x0000,0x0000,0x0004,0x0000,0x0000,0x0000,0x0000,0x0000,0x0000,1347
11:59:25 AM,6,0.00,0,0.00,-1.67,0.00,0.00,100.00,-1.00,-1.00,-1.00,0,1,1,100,0,-1,0.18,0.00,0.18,160,160,0,0.00,0.00,0.00,0.00,0.00,0.00,-1.00,-1.00,0.00,-1.00,-1.00,0.00,-1.00,-1.00,0.00,2.42E-1,1.024E+5,0.00E+0,1.33E-2,-1.00,0.00E+0,1.33E-2,0x0004,0x0000,0x007F,0x0214,0x0000,0x0001,0x0000,0x0000,0x0000,0x0000,0x0000,0x0004,0x0000,0x0000,0x0000,0x0000,0x0000,0x0000,1348
11:59:30 AM,6,0.00,0,0.00,-1.67,0.00,0.00,100.00,-1.00,-1.00,-1.00,0,1,1,100,0,-1,0.18,0.00,0.18,160,160,0,0.00,0.00,0.00,0.00,0.00,0.00,-1.00,-1.00,0.00,-1.00,-1.00,0.00,-1.00,-1.00,0.00,2.42E-1,1.024E+5,0.00E+0,1.33E-2,-1.00,0.00E+0,1.33E-2,0x0004,0x0000,0x007F,0x0214,0x0000,0x0001,0x0000,0x0000,0x0000,0x0000,0x0000,0x0004,0x0000,0x0000,0x0000,0x0000,0x0000,0x0000,1349
11:59:35 AM,6,0.00,0,0.00,-1.67,0.00,0.00,100.00,-1.00,-1.00,-1.00,0,1,1,100,0,-1,0.18,0.00,0.18,160,160,0,0.00,0.00,0.00,0.00,0.00,0.00,-1.00,-1.00,0.00,-1.00,-1.00,0.00,-1.00,-1.00,0.00,2.42E-1,1.024E+5,0.00E+0,1.33E-2,-1.00,0.00E+0,1.33E-2,0x0004,0x0000,0x007F,0x0214,0x0000,0x0001,0x0000,0x0000,0x0000,0x0000,0x0000,0x0004,0x0000,0x0000,0x0000,0x0000,0x0000,0x0000,1350
11:59:39 AM,6,0.00,0,0.00,-1.67,0.00,0.00,100.00,-1.00,-1.00,-1.00,0,1,1,100,0,-1,0.18,0.00,0.18,160,160,0,0.00,0.00,0.00,0.00,0.00,0.00,-1.00,-1.00,0.00,-1.00,-1.00,0.00,-1.00,-1.00,0.00,2.46E-1,1.024E+5,0.00E+0,1.33E-2,-1.00,0.00E+0,1.33E-2,0x0004,0x0000,0x007F,0x0214,0x0000,0x0001,0x0000,0x0000,0x0000,0x0000,0x0000,0x0004,0x0000,0x0000,0x0000,0x0000,0x0000,0x0000,1351
11:59:44 AM,6,0.00,0,0.00,-1.67,0.00,0.00,100.00,-1.00,-1.00,-1.00,0,1,1,100,0,-1,0.18,0.00,0.18,160,160,0,0.00,0.00,0.00,0.00,0.00,0.00,-1.00,-1.00,0.00,-1.00,-1.00,0.00,-1.00,-1.00,0.00,2.46E-1,1.024E+5,0.00E+0,1.33E-2,-1.00,0.00E+0,1.33E-2,0x0004,0x0000,0x007F,0x0214,0x0000,0x0001,0x0000,0x0000,0x0000,0x0000,0x0000,0x0004,0x0000,0x0000,0x0000,0x0000,0x0000,0x0000,1352
11:59:49 AM,6,0.00,0,0.00,-1.67,0.00,0.00,100.00,-1.00,-1.00,-1.00,0,1,1,100,0,-1,0.18,0.00,0.18,160,160,0,0.00,0.00,0.00,0.00,0.00,0.00,-1.00,-1.00,0.00,-1.00,-1.00,0.00,-1.00,-1.00,0.00,2.42E-1,1.024E+5,0.00E+0,1.33E-2,-1.00,0.00E+0,1.33E-2,0x0004,0x0000,0x007F,0x0214,0x0000,0x0001,0x0000,0x0000,0x0000,0x0000,0x0000,0x0004,0x0000,0x0000,0x0000,0x0000,0x0000,0x0000,1353
11:59:54 AM,6,0.00,0,0.00,-1.67,0.00,0.00,100.00,-1.00,-1.00,-1.00,0,1,1,100,0,-1,0.18,0.00,0.18,160,160,0,0.00,0.00,0.00,0.00,0.00,0.00,-1.00,-1.00,0.00,-1.00,-1.00,0.00,-1.00,-1.00,0.00,2.42E-1,1.024E+5,0.00E+0,1.33E-2,-1.00,0.00E+0,1.33E-2,0x0004,0x0000,0x007F,0x0214,0x0000,0x0001,0x0000,0x0000,0x0000,0x0000,0x0000,0x0004,0x0000,0x0000,0x0000,0x0000,0x0000,0x0000,1354
11:59:59 AM,6,0.00,0,0.00,-1.67,0.00,0.00,100.00,-1.00,-1.00,-1.00,0,1,1,100,0,-1,0.18,0.00,0.18,160,160,0,0.00,0.00,0.00,0.00,0.00,0.00,-1.00,-1.00,0.00,-1.00,-1.00,0.00,-1.00,-1.00,0.00,2.48E-1,1.024E+5,0.00E+0,1.33E-2,-1.00,0.00E+0,1.33E-2,0x0004,0x0000,0x007F,0x0214,0x0000,0x0001,0x0000,0x0000,0x0000,0x0000,0x0000,0x0004,0x0000,0x0000,0x0000,0x0000,0x0000,0x0000,1355
12:00:04 PM,6,0.00,0,0.00,-1.67,0.00,0.00,100.00,-1.00,-1.00,-1.00,0,1,1,100,0,-1,0.18,0.00,0.18,160,160,0,0.00,0.00,0.00,0.00,0.00,0.00,-1.00,-1.00,0.00,-1.00,-1.00,0.00,-1.00,-1.00,0.00,2.42E-1,1.024E+5,0.00E+0,1.33E-2,-1.00,0.00E+0,1.33E-2,0x0004,0x0000,0x007F,0x0214,0x0000,0x0001,0x0000,0x0000,0x0000,0x0000,0x0000,0x0004,0x0000,0x0000,0x0000,0x0000,0x0000,0x0000,1356
12:00:09 PM,6,0.00,0,0.00,-1.67,0.00,0.00,100.00,-1.00,-1.00,-1.00,0,1,1,100,0,-1,0.18,0.00,0.18,160,160,0,0.00,0.00,0.00,0.00,0.00,0.00,-1.00,-1.00,0.00,-1.00,-1.00,0.00,-1.00,-1.00,0.00,2.46E-1,1.024E+5,0.00E+0,1.33E-2,-1.00,0.00E+0,1.33E-2,0x0004,0x0000,0x007F,0x0214,0x0000,0x0001,0x0000,0x0000,0x0000,0x0000,0x0000,0x0004,0x0000,0x0000,0x0000,0x0000,0x0000,0x0000,1357
12:00:14 PM,6,0.00,0,0.00,-1.67,0.00,0.00,100.00,-1.00,-1.00,-1.00,0,1,1,100,0,-1,0.18,0.00,0.18,160,160,0,0.00,0.00,0.00,0.00,0.00,0.00,-1.00,-1.00,0.00,-1.00,-1.00,0.00,-1.00,-1.00,0.00,2.42E-1,1.024E+5,0.00E+0,1.33E-2,-1.00,0.00E+0,1.33E-2,0x0004,0x0000,0x007F,0x0214,0x0000,0x0001,0x0000,0x0000,0x0000,0x0000,0x0000,0x0004,0x0000,0x0000,0x0000,0x0000,0x0000,0x0000,1358
12:00:19 PM,6,0.00,0,0.00,-1.67,0.00,0.00,100.00,-1.00,-1.00,-1.00,0,1,1,100,0,-1,0.18,0.00,0.18,160,160,0,0.00,0.00,0.00,0.00,0.00,0.00,-1.00,-1.00,0.00,-1.00,-1.00,0.00,-1.00,-1.00,0.00,2.44E-1,1.024E+5,0.00E+0,1.33E-2,-1.00,0.00E+0,1.33E-2,0x0004,0x0000,0x007F,0x0214,0x0000,0x0001,0x0000,0x0000,0x0000,0x0000,0x0000,0x0004,0x0000,0x0000,0x0000,0x0000,0x0000,0x0000,1359
12:00:24 PM,6,0.00,0,0.00,-1.67,0.00,0.00,100.00,-1.00,-1.00,-1.00,0,1,1,100,0,-1,0.18,0.00,0.18,160,160,0,0.00,0.00,0.00,0.00,0.00,0.00,-1.00,-1.00,0.00,-1.00,-1.00,0.00,-1.00,-1.00,0.00,2.46E-1,1.024E+5,0.00E+0,1.33E-2,-1.00,0.00E+0,1.33E-2,0x0004,0x0000,0x007F,0x0214,0x0000,0x0001,0x0000,0x0000,0x0000,0x0000,0x0000,0x0004,0x0000,0x0000,0x0000,0x0000,0x0000,0x0000,1360
12:00:29 PM,6,0.00,0,0.00,-1.67,0.00,0.00,100.00,-1.00,-1.00,-1.00,0,1,1,100,0,-1,0.18,0.00,0.18,160,160,0,0.00,0.00,0.00,0.00,0.00,0.00,-1.00,-1.00,0.00,-1.00,-1.00,0.00,-1.00,-1.00,0.00,2.51E-1,1.024E+5,0.00E+0,1.33E-2,-1.00,0.00E+0,1.33E-2,0x0004,0x0000,0x007F,0x0214,0x0000,0x0001,0x0000,0x0000,0x0000,0x0000,0x0000,0x0004,0x0000,0x0000,0x0000,0x0000,0x0000,0x0000,1361
12:00:34 PM,6,0.00,0,0.00,-1.67,0.00,0.00,100.00,-1.00,-1.00,-1.00,0,1,1,100,0,-1,0.18,0.00,0.18,160,160,0,0.00,0.00,0.00,0.00,0.00,0.00,-1.00,-1.00,0.00,-1.00,-1.00,0.00,-1.00,-1.00,0.00,2.46E-1,1.024E+5,0.00E+0,1.33E-2,-1.00,0.00E+0,1.33E-2,0x0004,0x0000,0x007F,0x0214,0x0000,0x0001,0x0000,0x0000,0x0000,0x0000,0x0000,0x0004,0x0000,0x0000,0x0000,0x0000,0x0000,0x0000,1362
12:00:39 PM,6,0.00,0,0.00,-1.67,0.00,0.00,100.00,-1.00,-1.00,-1.00,0,1,1,100,0,-1,0.18,0.00,0.18,160,160,0,0.00,0.00,0.00,0.00,0.00,0.00,-1.00,-1.00,0.00,-1.00,-1.00,0.00,-1.00,-1.00,0.00,2.46E-1,1.024E+5,0.00E+0,1.33E-2,-1.00,0.00E+0,1.33E-2,0x0004,0x0000,0x007F,0x0214,0x0000,0x0001,0x0000,0x0000,0x0000,0x0000,0x0000,0x0004,0x0000,0x0000,0x0000,0x0000,0x0000,0x0000,1363
12:00:44 PM,6,0.00,0,0.00,-1.67,0.00,0.00,100.00,-1.00,-1.00,-1.00,0,1,1,100,0,-1,0.18,0.00,0.18,160,160,0,0.00,0.00,0.00,0.00,0.00,0.00,-1.00,-1.00,0.00,-1.00,-1.00,0.00,-1.00,-1.00,0.00,2.46E-1,1.024E+5,0.00E+0,1.33E-2,-1.00,0.00E+0,1.33E-2,0x0004,0x0000,0x007F,0x0214,0x0000,0x0001,0x0000,0x0000,0x0000,0x0000,0x0000,0x0004,0x0000,0x0000,0x0000,0x0000,0x0000,0x0000,1364
12:00:49 PM,6,0.00,0,0.00,-1.67,0.00,0.00,100.00,-1.00,-1.00,-1.00,0,1,1,100,0,-1,0.18,0.00,0.18,160,160,0,0.00,0.00,0.00,0.00,0.00,0.00,-1.00,-1.00,0.00,-1.00,-1.00,0.00,-1.00,-1.00,0.00,2.42E-1,1.024E+5,0.00E+0,1.33E-2,-1.00,0.00E+0,1.33E-2,0x0004,0x0000,0x007F,0x0214,0x0000,0x0001,0x0000,0x0000,0x0000,0x0000,0x0000,0x0004,0x0000,0x0000,0x0000,0x0000,0x0000,0x0000,1365
12:00:54 PM,6,0.00,0,0.00,-1.67,0.00,0.00,100.00,-1.00,-1.00,-1.00,0,1,1,100,0,-1,0.18,0.00,0.18,160,160,0,0.00,0.00,0.00,0.00,0.00,0.00,-1.00,-1.00,0.00,-1.00,-1.00,0.00,-1.00,-1.00,0.00,2.46E-1,1.024E+5,0.00E+0,1.33E-2,-1.00,0.00E+0,1.33E-2,0x0004,0x0000,0x007F,0x0214,0x0000,0x0001,0x0000,0x0000,0x0000,0x0000,0x0000,0x0004,0x0000,0x0000,0x0000,0x0000,0x0000,0x0000,1366
12:00:59 PM,6,0.00,0,0.00,-1.67,0.00,0.00,100.00,-1.00,-1.00,-1.00,0,1,1,100,0,-1,0.18,0.00,0.18,160,160,0,0.00,0.00,0.00,0.00,0.00,0.00,-1.00,-1.00,0.00,-1.00,-1.00,0.00,-1.00,-1.00,0.00,2.44E-1,1.024E+5,0.00E+0,1.33E-2,-1.00,0.00E+0,1.33E-2,0x0004,0x0000,0x007F,0x0214,0x0000,0x0001,0x0000,0x0000,0x0000,0x0000,0x0000,0x0004,0x0000,0x0000,0x0000,0x0000,0x0000,0x0000,1367
12:01:04 PM,6,0.00,0,0.00,-1.67,0.00,0.00,100.00,-1.00,-1.00,-1.00,0,1,1,100,0,-1,0.18,0.00,0.18,160,160,0,0.00,0.00,0.00,0.00,0.00,0.00,-1.00,-1.00,0.00,-1.00,-1.00,0.00,-1.00,-1.00,0.00,2.46E-1,1.024E+5,0.00E+0,1.33E-2,-1.00,0.00E+0,1.33E-2,0x0004,0x0000,0x007F,0x0214,0x0000,0x0001,0x0000,0x0000,0x0000,0x0000,0x0000,0x0004,0x0000,0x0000,0x0000,0x0000,0x0000,0x0000,1368
11:58:05 AM,6,0.00,0,0.00,-1.67,0.00,0.00,100.00,-1.00,-1.00,-1.00,0,1,1,100,0,-1,0.18,0.00,0.18,160,160,0,0.00,0.00,0.00,0.00,0.00,0.00,-1.00,-1.00,0.00,-1.00,-1.00,0.00,-1.00,-1.00,0.00,2.44E-1,1.024E+5,0.00E+0,1.33E-2,-1.00,0.00E+0,1.33E-2,0x0004,0x0000,0x007F,0x0214,0x0000,0x0001,0x0000,0x0000,0x0000,0x0000,0x0000,0x0004,0x0000,0x0000,0x0000,0x0000,0x0000,0x0000,1369
11:58:10 AM,6,0.00,0,0.00,-1.67,0.00,0.00,100.00,-1.00,-1.00,-1.00,0,1,1,100,0,-1,0.18,0.00,0.18,160,160,0,0.00,0.00,0.00,0.00,0.00,0.00,-1.00,-1.00,0.00,-1.00,-1.00,0.00,-1.00,-1.00,0.00,2.42E-1,1.024E+5,0.00E+0,1.33E-2,-1.00,0.00E+0,1.33E-2,0x0004,0x0000,0x007F,0x0214,0x0000,0x0001,0x0000,0x0000,0x0000,0x0000,0x0000,0x0004,0x0000,0x0000,0x0000,0x0000,0x0000,0x0000,1370
11:58:15 AM,6,0.00,0,0.00,-1.67,0.00,0.00,100.00,-1.00,-1.00,-1.00,0,1,1,100,0,-1,0.18,0.00,0.18,160,160,0,0.00,0.00,0.00,0.00,0.00,0.00,-1.00,-1.00,0.00,-1.00,-1.00,0.00,-1.00,-1.00,0.00,2.42E-1,1.024E+5,0.00E+0,1.33E-2,-1.00,0.00E+0,1.33E-2,0x0004,0x0000,0x007F,0x0214,0x0000,0x0001,0x0000,0x0000,0x0000,0x0000,0x0000,0x0004,0x0000,0x0000,0x0000,0x0000,0x0000,0x0000,1371
11:58:20 AM,6,0.00,0,0.00,-1.67,0.00,0.00,100.00,-1.00,-1.00,-1.00,0,1,1,100,0,-1,0.18,0.00,0.18,160,160,0,0.00,0.00,0.00,0.00,0.00,0.00,-1.00,-1.00,0.00,-1.00,-1.00,0.00,-1.00,-1.00,0.00,2.46E-1,1.024E+5,0.00E+0,1.33E-2,-1.00,0.00E+0,1.33E-2,0x0004,0x0000,0x007F,0x0214,0x0000,0x0001,0x0000,0x0000,0x0000,0x0000,0x0000,0x0004,0x0000,0x0000,0x0000,0x0000,0x0000,0x0000,1372
11:58:25 AM,6,0.00,0,0.00,-1.67,0.00,0.00,100.00,-1.00,-1.00,-1.00,0,1,1,100,0,-1,0.18,0.00,0.18,160,160,0,0.00,0.00,0.00,0.00,0.00,0.00,-1.00,-1.00,0.00,-1.00,-1.00,0.00,-1.00,-1.00,0.00,2.46E-1,1.024E+5,0.00E+0,1.33E-2,-1.00,0.00E+0,1.33E-2,0x0004,0x0000,0x007F,0x0214,0x0000,0x0001,0x0000,0x0000,0x0000,0x0000,0x0000,0x0004,0x0000,0x0000,0x0000,0x0000,0x0000,0x0000,1373
11:58:30 AM,6,0.00,0,0.00,-1.67,0.00,0.00,100.00,-1.00,-1.00,-1.00,0,1,1,100,0,-1,0.18,0.00,0.18,160,160,0,0.00,0.00,0.00,0.00,0.00,0.00,-1.00,-1.00,0.00,-1.00,-1.00,0.00,-1.00,-1.00,0.00,2.46E-1,1.024E+5,0.00E+0,1.33E-2,-1.00,0.00E+0,1.33E-2,0x0004,0x0000,0x007F,0x0214,0x0000,0x0001,0x0000,0x0000,0x0000,0x0000,0x0000,0x0004,0x0000,0x0000,0x0000,0x0000,0x0000,0x0000,1374
11:58:35 AM,6,0.00,0,0.00,-1.67,0.00,0.00,100.00,-1.00,-1.00,-1.00,0,1,1,100,0,-1,0.18,0.00,0.18,160,160,0,0.00,0.00,0.00,0.00,0.00,0.00,-1.00,-1.00,0.00,-1.00,-1.00,0.00,-1.00,-1.00,0.00,2.44E-1,1.024E+5,0.00E+0,1.33E-2,-1.00,0.00E+0,1.33E-2,0x0004,0x0000,0x007F,0x0214,0x0000,0x0001,0x0000,0x0000,0x0000,0x0000,0x0000,0x0004,0x0000,0x0000,0x0000,0x0000,0x0000,0x0000,1375
11:58:40 AM,6,0.00,0,0.00,-1.67,0.00,0.00,100.00,-1.00,-1.00,-1.00,0,1,1,100,0,-1,0.18,0.00,0.18,160,160,0,0.00,0.00,0.00,0.00,0.00,0.00,-1.00,-1.00,0.00,-1.00,-1.00,0.00,-1.00,-1.00,0.00,2.42E-1,1.024E+5,0.00E+0,1.33E-2,-1.00,0.00E+0,1.33E-2,0x0004,0x0000,0x007F,0x0214,0x0000,0x0001,0x0000,0x0000,0x0000,0x0000,0x0000,0x0004,0x0000,0x0000,0x0000,0x0000,0x0000,0x0000,1376
11:58:45 AM,6,0.00,0,0.00,-1.67,0.00,0.00,100.00,-1.00,-1.00,-1.00,0,1,1,100,0,-1,0.18,0.00,0.18,160,160,0,0.00,0.00,0.00,0.00,0.00,0.00,-1.00,-1.00,0.00,-1.00,-1.00,0.00,-1.00,-1.00,0.00,2.40E-1,1.024E+5,0.00E+0,1.33E-2,-1.00,0.00E+0,1.33E-2,0x0004,0x0000,0x007F,0x0214,0x0000,0x0001,0x0000,0x0000,0x0000,0x0000,0x0000,0x0004,0x0000,0x0000,0x0000,0x0000,0x0000,0x0000,1377
11:58:50 AM,6,0.00,0,0.00,-1.67,0.00,0.00,100.00,-1.00,-1.00,-1.00,0,1,1,100,0,-1,0.18,0.00,0.18,160,160,0,0.00,0.00,0.00,0.00,0.00,0.00,-1.00,-1.00,0.00,-1.00,-1.00,0.00,-1.00,-1.00,0.00,2.42E-1,1.024E+5,0.00E+0,1.33E-2,-1.00,0.00E+0,1.33E-2,0x0004,0x0000,0x007F,0x0214,0x0000,0x0001,0x0000,0x0000,0x0000,0x0000,0x0000,0x0004,0x0000,0x0000,0x0000,0x0000,0x0000,0x0000,1378
11:58:55 AM,6,0.00,0,0.00,-1.67,0.00,0.00,100.00,-1.00,-1.00,-1.00,0,1,1,100,0,-1,0.18,0.00,0.18,160,160,0,0.00,0.00,0.00,0.00,0.00,0.00,-1.00,-1.00,0.00,-1.00,-1.00,0.00,-1.00,-1.00,0.00,2.44E-1,1.024E+5,0.00E+0,1.33E-2,-1.00,0.00E+0,1.33E-2,0x0004,0x0000,0x007F,0x0214,0x0000,0x0001,0x0000,0x0000,0x0000,0x0000,0x0000,0x0004,0x0000,0x0000,0x0000,0x0000,0x0000,0x0000,1379
11:59:00 AM,6,0.00,0,0.00,-1.67,0.00,0.00,100.00,-1.00,-1.00,-1.00,0,1,1,100,0,-1,0.18,0.00,0.18,160,160,0,0.00,0.00,0.00,0.00,0.00,0.00,-1.00,-1.00,0.00,-1.00,-1.00,0.00,-1.00,-1.00,0.00,2.37E-1,1.024E+5,0.00E+0,1.33E-2,-1.00,0.00E+0,1.33E-2,0x0004,0x0000,0x007F,0x0214,0x0000,0x0001,0x0000,0x0000,0x0000,0x0000,0x0000,0x0004,0x0000,0x0000,0x0000,0x0000,0x0000,0x0000,1380
11:59:05 AM,6,0.00,0,0.00,-1.67,0.00,0.00,100.00,-1.00,-1.00,-1.00,0,1,1,100,0,-1,0.18,0.00,0.18,160,160,0,0.00,0.00,0.00,0.00,0.00,0.00,-1.00,-1.00,0.00,-1.00,-1.00,0.00,-1.00,-1.00,0.00,2.44E-1,1.024E+5,0.00E+0,1.33E-2,-1.00,0.00E+0,1.33E-2,0x0004,0x0000,0x007F,0x0214,0x0000,0x0001,0x0000,0x0000,0x0000,0x0000,0x0000,0x0004,0x0000,0x0000,0x0000,0x0000,0x0000,0x0000,1381
11:59:10 AM,6,0.00,0,0.00,-1.67,0.00,0.00,100.00,-1.00,-1.00,-1.00,0,1,1,100,0,-1,0.18,0.00,0.18,160,160,0,0.00,0.00,0.00,0.00,0.00,0.00,-1.00,-1.00,0.00,-1.00,-1.00,0.00,-1.00,-1.00,0.00,2.46E-1,1.024E+5,0.00E+0,1.33E-2,-1.00,0.00E+0,1.33E-2,0x0004,0x0000,0x007F,0x0214,0x0000,0x0001,0x0000,0x0000,0x0000,0x0000,0x0000,0x0004,0x0000,0x0000,0x0000,0x0000,0x0000,0x0000,1382
11:59:15 AM,6,0.00,0,0.00,-1.67,0.00,0.00,100.00,-1.00,-1.00,-1.00,0,1,1,100,0,-1,0.18,0.00,0.18,160,160,0,0.00,0.00,0.00,0.00,0.00,0.00,-1.00,-1.00,0.00,-1.00,-1.00,0.00,-1.00,-1.00,0.00,2.46E-1,1.024E+5,0.00E+0,1.33E-2,-1.00,0.00E+0,1.33E-2,0x0004,0x0000,0x007F,0x0214,0x0000,0x0001,0x0000,0x0000,0x0000,0x0000,0x0000,0x0004,0x0000,0x0000,0x0000,0x0000,0x0000,0x0000,1383
11:59:20 AM,6,0.00,0,0.00,-1.67,0.00,0.00,100.00,-1.00,-1.00,-1.00,0,1,1,100,0,-1,0.18,0.00,0.18,160,160,0,0.00,0.00,0.00,0.00,0.00,0.00,-1.00,-1.00,0.00,-1.00,-1.00,0.00,-1.00,-1.00,0.00,2.46E-1,1.024E+5,0.00E+0,1.33E-2,-1.00,0.00E+0,1.33E-2,0x0004,0x0000,0x007F,0x0214,0x0000,0x0001,0x0000,0x0000,0x0000,0x0000,0x0000,0x0004,0x0000,0x0000,0x0000,0x0000,0x0000,0x0000,1384
11:59:25 AM,6,0.00,0,0.00,-1.67,0.00,0.00,100.00,-1.00,-1.00,-1.00,0,1,1,100,0,-1,0.18,0.00,0.18,160,160,0,0.00,0.00,0.00,0.00,0.00,0.00,-1.00,-1.00,0.00,-1.00,-1.00,0.00,-1.00,-1.00,0.00,2.42E-1,1.024E+5,0.00E+0,1.33E-2,-1.00,0.00E+0,1.33E-2,0x0004,0x0000,0x007F,0x0214,0x0000,0x0001,0x0000,0x0000,0x0000,0x0000,0x0000,0x0004,0x0000,0x0000,0x0000,0x0000,0x0000,0x0000,1385
11:59:30 AM,6,0.00,0,0.00,-1.67,0.00,0.00,100.00,-1.00,-1.00,-1.00,0,1,1,100,0,-1,0.18,0.00,0.18,160,160,0,0.00,0.00,0.00,0.00,0.00,0.00,-1.00,-1.00,0.00,-1.00,-1.00,0.00,-1.00,-1.00,0.00,2.42E-1,1.024E+5,0.00E+0,1.33E-2,-1.00,0.00E+0,1.33E-2,0x0004,0x0000,0x007F,0x0214,0x0000,0x0001,0x0000,0x0000,0x0000,0x0000,0x0000,0x0004,0x0000,0x0000,0x0000,0x0000,0x0000,0x0000,1386
11:59:35 AM,6,0.00,0,0.00,-1.67,0.00,0.00,100.00,-1.00,-1.00,-1.00,0,1,1,100,0,-1,0.18,0.00,0.18,160,160,0,0.00,0.00,0.00,0.00,0.00,0.00,-1.00,-1.00,0.00,-1.00,-1.00,0.00,-1.00,-1.00,0.00,2.42E-1,1.024E+5,0.00E+0,1.33E-2,-1.00,0.00E+0,1.33E-2,0x0004,0x0000,0x007F,0x0214,0x0000,0x0001,0x0000,0x0000,0x0000,0x0000,0x0000,0x0004,0x0000,0x0000,0x0000,0x0000,0x0000,0x0000,1387
11:59:39 AM,6,0.00,0,0.00,-1.67,0.00,0.00,100.00,-1.00,-1.00,-1.00,0,1,1,100,0,-1,0.18,0.00,0.18,160,160,0,0.00,0.00,0.00,0.00,0.00,0.00,-1.00,-1.00,0.00,-1.00,-1.00,0.00,-1.00,-1.00,0.00,2.46E-1,1.024E+5,0.00E+0,1.33E-2,-1.00,0.00E+0,1.33E-2,0x0004,0x0000,0x007F,0x0214,0x0000,0x0001,0x0000,0x0000,0x0000,0x0000,0x0000,0x0004,0x0000,0x0000,0x0000,0x0000,0x0000,0x0000,1388
11:59:44 AM,6,0.00,0,0.00,-1.67,0.00,0.00,100.00,-1.00,-1.00,-1.00,0,1,1,100,0,-1,0.18,0.00,0.18,160,160,0,0.00,0.00,0.00,0.00,0.00,0.00,-1.00,-1.00,0.00,-1.00,-1.00,0.00,-1.00,-1.00,0.00,2.46E-1,1.024E+5,0.00E+0,1.33E-2,-1.00,0.00E+0,1.33E-2,0x0004,0x0000,0x007F,0x0214,0x0000,0x0001,0x0000,0x0000,0x0000,0x0000,0x0000,0x0004,0x0000,0x0000,0x0000,0x0000,0x0000,0x0000,1389
11:59:49 AM,6,0.00,0,0.00,-1.67,0.00,0.00,100.00,-1.00,-1.00,-1.00,0,1,1,100,0,-1,0.18,0.00,0.18,160,160,0,0.00,0.00,0.00,0.00,0.00,0.00,-1.00,-1.00,0.00,-1.00,-1.00,0.00,-1.00,-1.00,0.00,2.42E-1,1.024E+5,0.00E+0,1.33E-2,-1.00,0.00E+0,1.33E-2,0x0004,0x0000,0x007F,0x0214,0x0000,0x0001,0x0000,0x0000,0x0000,0x0000,0x0000,0x0004,0x0000,0x0000,0x0000,0x0000,0x0000,0x0000,1390
11:59:54 AM,6,0.00,0,0.00,-1.67,0.00,0.00,100.00,-1.00,-1.00,-1.00,0,1,1,100,0,-1,0.18,0.00,0.18,160,160,0,0.00,0.00,0.00,0.00,0.00,0.00,-1.00,-1.00,0.00,-1.00,-1.00,0.00,-1.00,-1.00,0.00,2.42E-1,1.024E+5,0.00E+0,1.33E-2,-1.00,0.00E+0,1.33E-2,0x0004,0x0000,0x007F,0x0214,0x0000,0x0001,0x0000,0x0000,0x0000,0x0000,0x0000,0x0004,0x0000,0x0000,0x0000,0x0000,0x0000,0x0000,1391
11:59:59 AM,6,0.00,0,0.00,-1.67,0.00,0.00,100.00,-1.00,-1.00,-1.00,0,1,1,100,0,-1,0.18,0.00,0.18,160,160,0,0.00,0.00,0.00,0.00,0.00,0.00,-1.00,-1.00,0.00,-1.00,-1.00,0.00,-1.00,-1.00,0.00,2.48E-1,1.024E+5,0.00E+0,1.33E-2,-1.00,0.00E+0,1.33E-2,0x0004,0x0000,0x007F,0x0214,0x0000,0x0001,0x0000,0x0000,0x0000,0x0000,0x0000,0x0004,0x0000,0x0000,0x0000,0x0000,0x0000,0x0000,1392
12:00:04 PM,6,0.00,0,0.00,-1.67,0.00,0.00,100.00,-1.00,-1.00,-1.00,0,1,1,100,0,-1,0.18,0.00,0.18,160,160,0,0.00,0.00,0.00,0.00,0.00,0.00,-1.00,-1.00,0.00,-1.00,-1.00,0.00,-1.00,-1.00,0.00,2.42E-1,1.024E+5,0.00E+0,1.33E-2,-1.00,0.00E+0,1.33E-2,0x0004,0x0000,0x007F,0x0214,0x0000,0x0001,0x0000,0x0000,0x0000,0x0000,0x0000,0x0004,0x0000,0x0000,0x0000,0x0000,0x0000,0x0000,1393
12:00:09 PM,6,0.00,0,0.00,-1.67,0.00,0.00,100.00,-1.00,-1.00,-1.00,0,1,1,100,0,-1,0.18,0.00,0.18,160,160,0,0.00,0.00,0.00,0.00,0.00,0.00,-1.00,-1.00,0.00,-1.00,-1.00,0.00,-1.00,-1.00,0.00,2.46E-1,1.024E+5,0.00E+0,1.33E-2,-1.00,0.00E+0,1.33E-2,0x0004,0x0000,0x007F,0x0214,0x0000,0x0001,0x0000,0x0000,0x0000,0x0000,0x0000,0x0004,0x0000,0x0000,0x0000,0x0000,0x0000,0x0000,1394
12:00:14 PM,6,0.00,0,0.00,-1.67,0.00,0.00,100.00,-1.00,-1.00,-1.00,0,1,1,100,0,-1,0.18,0.00,0.18,160,160,0,0.00,0.00,0.00,0.00,0.00,0.00,-1.00,-1.00,0.00,-1.00,-1.00,0.00,-1.00,-1.00,0.00,2.42E-1,1.024E+5,0.00E+0,1.33E-2,-1.00,0.00E+0,1.33E-2,0x0004,0x0000,0x007F,0x0214,0x0000,0x0001,0x0000,0x0000,0x0000,0x0000,0x0000,0x0004,0x0000,0x0000,0x0000,0x0000,0x0000,0x0000,1395
12:00:19 PM,6,0.00,0,0.00,-1.67,0.00,0.00,100.00,-1.00,-1.00,-1.00,0,1,1,100,0,-1,0.18,0.00,0.18,160,160,0,0.00,0.00,0.00,0.00,0.00,0.00,-1.00,-1.00,0.00,-1.00,-1.00,0.00,-1.00,-1.00,0.00,2.44E-1,1.024E+5,0.00E+0,1.33E-2,-1.00,0.00E+0,1.33E-2,0x0004,0x0000,0x007F,0x0214,0x0000,0x0001,0x0000,0x0000,0x0000,0x0000,0x0000,0x0004,0x0000,0x0000,0x0000,0x0000,0x0000,0x0000,1396
12:00:24 PM,6,0.00,0,0.00,-1.67,0.00,0.00,100.00,-1.00,-1.00,-1.00,0,1,1,100,0,-1,0.18,0.00,0.18,160,160,0,0.00,0.00,0.00,0.00,0.00,0.00,-1.00,-1.00,0.00,-1.00,-1.00,0.00,-1.00,-1.00,0.00,2.46E-1,1.024E+5,0.00E+0,1.33E-2,-1.00,0.00E+0,1.33E-2,0x0004,0x0000,0x007F,0x0214,0x0000,0x0001,0x0000,0x0000,0x0000,0x0000,0x0000,0x0004,0x0000,0x0000,0x0000,0x0000,0x0000,0x0000,1397
12:00:29 PM,6,0.00,0,0.00,-1.67,0.00,0.00,100.00,-1.00,-1.00,-1.00,0,1,1,100,0,-1,0.18,0.00,0.18,160,160,0,0.00,0.00,0.00,0.00,0.00,0.00,-1.00,-1.00,0.00,-1.00,-1.00,0.00,-1.00,-1.00,0.00,2.51E-1,1.024E+5,0.00E+0,1.33E-2,-1.00,0.00E+0,1.33E-2,0x0004,0x0000,0x007F,0x0214,0x0000,0x0001,0x0000,0x0000,0x0000,0x0000,0x0000,0x0004,0x0000,0x0000,0x0000,0x0000,0x0000,0x0000,1398
12:00:34 PM,6,0.00,0,0.00,-1.67,0.00,0.00,100.00,-1.00,-1.00,-1.00,0,1,1,100,0,-1,0.18,0.00,0.18,160,160,0,0.00,0.00,0.00,0.00,0.00,0.00,-1.00,-1.00,0.00,-1.00,-1.00,0.00,-1.00,-1.00,0.00,2.46E-1,1.024E+5,0.00E+0,1.33E-2,-1.00,0.00E+0,1.33E-2,0x0004,0x0000,0x007F,0x0214,0x0000,0x0001,0x0000,0x0000,0x0000,0x0000,0x0000,0x0004,0x0000,0x0000,0x0000,0x0000,0x0000,0x0000,1399
12:00:39 PM,6,0.00,0,0.00,-1.67,0.00,0.00,100.00,-1.00,-1.00,-1.00,0,1,1,100,0,-1,0.18,0.00,0.18,160,160,0,0.00,0.00,0.00,0.00,0.00,0.00,-1.00,-1.00,0.00,-1.00,-1.00,0.00,-1.00,-1.00,0.00,2.46E-1,1.024E+5,0.00E+0,1.33E-2,-1.00,0.00E+0,1.33E-2,0x0004,0x0000,0x007F,0x0214,0x0000,0x0001,0x0000,0x0000,0x0000,0x0000,0x0000,0x0004,0x0000,0x0000,0x0000,0x0000,0x0000,0x0000,1400
12:00:44 PM,6,0.00,0,0.00,-1.67,0.00,0.00,100.00,-1.00,-1.00,-1.00,0,1,1,100,0,-1,0.18,0.00,0.18,160,160,0,0.00,0.00,0.00,0.00,0.00,0.00,-1.00,-1.00,0.00,-1.00,-1.00,0.00,-1.00,-1.00,0.00,2.46E-1,1.024E+5,0.00E+0,1.33E-2,-1.00,0.00E+0,1.33E-2,0x0004,0x0000,0x007F,0x0214,0x0000,0x0001,0x0000,0x0000,0x0000,0x0000,0x0000,0x0004,0x0000,0x0000,0x0000,0x0000,0x0000,0x0000,1401
12:00:49 PM,6,0.00,0,0.00,-1.67,0.00,0.00,100.00,-1.00,-1.00,-1.00,0,1,1,100,0,-1,0.18,0.00,0.18,160,160,0,0.00,0.00,0.00,0.00,0.00,0.00,-1.00,-1.00,0.00,-1.00,-1.00,0.00,-1.00,-1.00,0.00,2.42E-1,1.024E+5,0.00E+0,1.33E-2,-1.00,0.00E+0,1.33E-2,0x0004,0x0000,0x007F,0x0214,0x0000,0x0001,0x0000,0x0000,0x0000,0x0000,0x0000,0x0004,0x0000,0x0000,0x0000,0x0000,0x0000,0x0000,1402
12:00:54 PM,6,0.00,0,0.00,-1.67,0.00,0.00,100.00,-1.00,-1.00,-1.00,0,1,1,100,0,-1,0.18,0.00,0.18,160,160,0,0.00,0.00,0.00,0.00,0.00,0.00,-1.00,-1.00,0.00,-1.00,-1.00,0.00,-1.00,-1.00,0.00,2.46E-1,1.024E+5,0.00E+0,1.33E-2,-1.00,0.00E+0,1.33E-2,0x0004,0x0000,0x007F,0x0214,0x0000,0x0001,0x0000,0x0000,0x0000,0x0000,0x0000,0x0004,0x0000,0x0000,0x0000,0x0000,0x0000,0x0000,1403
12:00:59 PM,6,0.00,0,0.00,-1.67,0.00,0.00,100.00,-1.00,-1.00,-1.00,0,1,1,100,0,-1,0.18,0.00,0.18,160,160,0,0.00,0.00,0.00,0.00,0.00,0.00,-1.00,-1.00,0.00,-1.00,-1.00,0.00,-1.00,-1.00,0.00,2.44E-1,1.024E+5,0.00E+0,1.33E-2,-1.00,0.00E+0,1.33E-2,0x0004,0x0000,0x007F,0x0214,0x0000,0x0001,0x0000,0x0000,0x0000,0x0000,0x0000,0x0004,0x0000,0x0000,0x0000,0x0000,0x0000,0x0000,1404
12:01:04 PM,6,0.00,0,0.00,-1.67,0.00,0.00,100.00,-1.00,-1.00,-1.00,0,1,1,100,0,-1,0.18,0.00,0.18,160,160,0,0.00,0.00,0.00,0.00,0.00,0.00,-1.00,-1.00,0.00,-1.00,-1.00,0.00,-1.00,-1.00,0.00,2.46E-1,1.024E+5,0.00E+0,1.33E-2,-1.00,0.00E+0,1.33E-2,0x0004,0x0000,0x007F,0x0214,0x0000,0x0001,0x0000,0x0000,0x0000,0x0000,0x0000,0x0004,0x0000,0x0000,0x0000,0x0000,0x0000,0x0000,1405
11:58:05 AM,6,0.00,0,0.00,-1.67,0.00,0.00,100.00,-1.00,-1.00,-1.00,0,1,1,100,0,-1,0.18,0.00,0.18,160,160,0,0.00,0.00,0.00,0.00,0.00,0.00,-1.00,-1.00,0.00,-1.00,-1.00,0.00,-1.00,-1.00,0.00,2.44E-1,1.024E+5,0.00E+0,1.33E-2,-1.00,0.00E+0,1.33E-2,0x0004,0x0000,0x007F,0x0214,0x0000,0x0001,0x0000,0x0000,0x0000,0x0000,0x0000,0x0004,0x0000,0x0000,0x0000,0x0000,0x0000,0x0000,1406
11:58:10 AM,6,0.00,0,0.00,-1.67,0.00,0.00,100.00,-1.00,-1.00,-1.00,0,1,1,100,0,-1,0.18,0.00,0.18,160,160,0,0.00,0.00,0.00,0.00,0.00,0.00,-1.00,-1.00,0.00,-1.00,-1.00,0.00,-1.00,-1.00,0.00,2.42E-1,1.024E+5,0.00E+0,1.33E-2,-1.00,0.00E+0,1.33E-2,0x0004,0x0000,0x007F,0x0214,0x0000,0x0001,0x0000,0x0000,0x0000,0x0000,0x0000,0x0004,0x0000,0x0000,0x0000,0x0000,0x0000,0x0000,1407
11:58:15 AM,6,0.00,0,0.00,-1.67,0.00,0.00,100.00,-1.00,-1.00,-1.00,0,1,1,100,0,-1,0.18,0.00,0.18,160,160,0,0.00,0.00,0.00,0.00,0.00,0.00,-1.00,-1.00,0.00,-1.00,-1.00,0.00,-1.00,-1.00,0.00,2.42E-1,1.024E+5,0.00E+0,1.33E-2,-1.00,0.00E+0,1.33E-2,0x0004,0x0000,0x007F,0x0214,0x0000,0x0001,0x0000,0x0000,0x0000,0x0000,0x0000,0x0004,0x0000,0x0000,0x0000,0x0000,0x0000,0x0000,1408
11:58:20 AM,6,0.00,0,0.00,-1.67,0.00,0.00,100.00,-1.00,-1.00,-1.00,0,1,1,100,0,-1,0.18,0.00,0.18,160,160,0,0.00,0.00,0.00,0.00,0.00,0.00,-1.00,-1.00,0.00,-1.00,-1.00,0.00,-1.00,-1.00,0.00,2.46E-1,1.024E+5,0.00E+0,1.33E-2,-1.00,0.00E+0,1.33E-2,0x0004,0x0000,0x007F,0x0214,0x0000,0x0001,0x0000,0x0000,0x0000,0x0000,0x0000,0x0004,0x0000,0x0000,0x0000,0x0000,0x0000,0x0000,1409
11:58:25 AM,6,0.00,0,0.00,-1.67,0.00,0.00,100.00,-1.00,-1.00,-1.00,0,1,1,100,0,-1,0.18,0.00,0.18,160,160,0,0.00,0.00,0.00,0.00,0.00,0.00,-1.00,-1.00,0.00,-1.00,-1.00,0.00,-1.00,-1.00,0.00,2.46E-1,1.024E+5,0.00E+0,1.33E-2,-1.00,0.00E+0,1.33E-2,0x0004,0x0000,0x007F,0x0214,0x0000,0x0001,0x0000,0x0000,0x0000,0x0000,0x0000,0x0004,0x0000,0x0000,0x0000,0x0000,0x0000,0x0000,1410
11:58:30 AM,6,0.00,0,0.00,-1.67,0.00,0.00,100.00,-1.00,-1.00,-1.00,0,1,1,100,0,-1,0.18,0.00,0.18,160,160,0,0.00,0.00,0.00,0.00,0.00,0.00,-1.00,-1.00,0.00,-1.00,-1.00,0.00,-1.00,-1.00,0.00,2.46E-1,1.024E+5,0.00E+0,1.33E-2,-1.00,0.00E+0,1.33E-2,0x0004,0x0000,0x007F,0x0214,0x0000,0x0001,0x0000,0x0000,0x0000,0x0000,0x0000,0x0004,0x0000,0x0000,0x0000,0x0000,0x0000,0x0000,1411
11:58:35 AM,6,0.00,0,0.00,-1.67,0.00,0.00,100.00,-1.00,-1.00,-1.00,0,1,1,100,0,-1,0.18,0.00,0.18,160,160,0,0.00,0.00,0.00,0.00,0.00,0.00,-1.00,-1.00,0.00,-1.00,-1.00,0.00,-1.00,-1.00,0.00,2.44E-1,1.024E+5,0.00E+0,1.33E-2,-1.00,0.00E+0,1.33E-2,0x0004,0x0000,0x007F,0x0214,0x0000,0x0001,0x0000,0x0000,0x0000,0x0000,0x0000,0x0004,0x0000,0x0000,0x0000,0x0000,0x0000,0x0000,1412
11:58:40 AM,6,0.00,0,0.00,-1.67,0.00,0.00,100.00,-1.00,-1.00,-1.00,0,1,1,100,0,-1,0.18,0.00,0.18,160,160,0,0.00,0.00,0.00,0.00,0.00,0.00,-1.00,-1.00,0.00,-1.00,-1.00,0.00,-1.00,-1.00,0.00,2.42E-1,1.024E+5,0.00E+0,1.33E-2,-1.00,0.00E+0,1.33E-2,0x0004,0x0000,0x007F,0x0214,0x0000,0x0001,0x0000,0x0000,0x0000,0x0000,0x0000,0x0004,0x0000,0x0000,0x0000,0x0000,0x0000,0x0000,1413
11:58:45 AM,6,0.00,0,0.00,-1.67,0.00,0.00,100.00,-1.00,-1.00,-1.00,0,1,1,100,0,-1,0.18,0.00,0.18,160,160,0,0.00,0.00,0.00,0.00,0.00,0.00,-1.00,-1.00,0.00,-1.00,-1.00,0.00,-1.00,-1.00,0.00,2.40E-1,1.024E+5,0.00E+0,1.33E-2,-1.00,0.00E+0,1.33E-2,0x0004,0x0000,0x007F,0x0214,0x0000,0x0001,0x0000,0x0000,0x0000,0x0000,0x0000,0x0004,0x0000,0x0000,0x0000,0x0000,0x0000,0x0000,1414
11:58:50 AM,6,0.00,0,0.00,-1.67,0.00,0.00,100.00,-1.00,-1.00,-1.00,0,1,1,100,0,-1,0.18,0.00,0.18,160,160,0,0.00,0.00,0.00,0.00,0.00,0.00,-1.00,-1.00,0.00,-1.00,-1.00,0.00,-1.00,-1.00,0.00,2.42E-1,1.024E+5,0.00E+0,1.33E-2,-1.00,0.00E+0,1.33E-2,0x0004,0x0000,0x007F,0x0214,0x0000,0x0001,0x0000,0x0000,0x0000,0x0000,0x0000,0x0004,0x0000,0x0000,0x0000,0x0000,0x0000,0x0000,1415
11:58:55 AM,6,0.00,0,0.00,-1.67,0.00,0.00,100.00,-1.00,-1.00,-1.00,0,1,1,100,0,-1,0.18,0.00,0.18,160,160,0,0.00,0.00,0.00,0.00,0.00,0.00,-1.00,-1.00,0.00,-1.00,-1.00,0.00,-1.00,-1.00,0.00,2.44E-1,1.024E+5,0.00E+0,1.33E-2,-1.00,0.00E+0,1.33E-2,0x0004,0x0000,0x007F,0x0214,0x0000,0x0001,0x0000,0x0000,0x0000,0x0000,0x0000,0x0004,0x0000,0x0000,0x0000,0x0000,0x0000,0x0000,1416
11:59:00 AM,6,0.00,0,0.00,-1.67,0.00,0.00,100.00,-1.00,-1.00,-1.00,0,1,1,100,0,-1,0.18,0.00,0.18,160,160,0,0.00,0.00,0.00,0.00,0.00,0.00,-1.00,-1.00,0.00,-1.00,-1.00,0.00,-1.00,-1.00,0.00,2.37E-1,1.024E+5,0.00E+0,1.33E-2,-1.00,0.00E+0,1.33E-2,0x0004,0x0000,0x007F,0x0214,0x0000,0x0001,0x0000,0x0000,0x0000,0x0000,0x0000,0x0004,0x0000,0x0000,0x0000,0x0000,0x0000,0x0000,1417
11:59:05 AM,6,0.00,0,0.00,-1.67,0.00,0.00,100.00,-1.00,-1.00,-1.00,0,1,1,100,0,-1,0.18,0.00,0.18,160,160,0,0.00,0.00,0.00,0.00,0.00,0.00,-1.00,-1.00,0.00,-1.00,-1.00,0.00,-1.00,-1.00,0.00,2.44E-1,1.024E+5,0.00E+0,1.33E-2,-1.00,0.00E+0,1.33E-2,0x0004,0x0000,0x007F,0x0214,0x0000,0x0001,0x0000,0x0000,0x0000,0x0000,0x0000,0x0004,0x0000,0x0000,0x0000,0x0000,0x0000,0x0000,1418
11:59:10 AM,6,0.00,0,0.00,-1.67,0.00,0.00,100.00,-1.00,-1.00,-1.00,0,1,1,100,0,-1,0.18,0.00,0.18,160,160,0,0.00,0.00,0.00,0.00,0.00,0.00,-1.00,-1.00,0.00,-1.00,-1.00,0.00,-1.00,-1.00,0.00,2.46E-1,1.024E+5,0.00E+0,1.33E-2,-1.00,0.00E+0,1.33E-2,0x0004,0x0000,0x007F,0x0214,0x0000,0x0001,0x0000,0x0000,0x0000,0x0000,0x0000,0x0004,0x0000,0x0000,0x0000,0x0000,0x0000,0x0000,1419
11:59:15 AM,6,0.00,0,0.00,-1.67,0.00,0.00,100.00,-1.00,-1.00,-1.00,0,1,1,100,0,-1,0.18,0.00,0.18,160,160,0,0.00,0.00,0.00,0.00,0.00,0.00,-1.00,-1.00,0.00,-1.00,-1.00,0.00,-1.00,-1.00,0.00,2.46E-1,1.024E+5,0.00E+0,1.33E-2,-1.00,0.00E+0,1.33E-2,0x0004,0x0000,0x007F,0x0214,0x0000,0x0001,0x0000,0x0000,0x0000,0x0000,0x0000,0x0004,0x0000,0x0000,0x0000,0x0000,0x0000,0x0000,1420
11:59:20 AM,6,0.00,0,0.00,-1.67,0.00,0.00,100.00,-1.00,-1.00,-1.00,0,1,1,100,0,-1,0.18,0.00,0.18,160,160,0,0.00,0.00,0.00,0.00,0.00,0.00,-1.00,-1.00,0.00,-1.00,-1.00,0.00,-1.00,-1.00,0.00,2.46E-1,1.024E+5,0.00E+0,1.33E-2,-1.00,0.00E+0,1.33E-2,0x0004,0x0000,0x007F,0x0214,0x0000,0x0001,0x0000,0x0000,0x0000,0x0000,0x0000,0x0004,0x0000,0x0000,0x0000,0x0000,0x0000,0x0000,1421
11:59:25 AM,6,0.00,0,0.00,-1.67,0.00,0.00,100.00,-1.00,-1.00,-1.00,0,1,1,100,0,-1,0.18,0.00,0.18,160,160,0,0.00,0.00,0.00,0.00,0.00,0.00,-1.00,-1.00,0.00,-1.00,-1.00,0.00,-1.00,-1.00,0.00,2.42E-1,1.024E+5,0.00E+0,1.33E-2,-1.00,0.00E+0,1.33E-2,0x0004,0x0000,0x007F,0x0214,0x0000,0x0001,0x0000,0x0000,0x0000,0x0000,0x0000,0x0004,0x0000,0x0000,0x0000,0x0000,0x0000,0x0000,1422
11:59:30 AM,6,0.00,0,0.00,-1.67,0.00,0.00,100.00,-1.00,-1.00,-1.00,0,1,1,100,0,-1,0.18,0.00,0.18,160,160,0,0.00,0.00,0.00,0.00,0.00,0.00,-1.00,-1.00,0.00,-1.00,-1.00,0.00,-1.00,-1.00,0.00,2.42E-1,1.024E+5,0.00E+0,1.33E-2,-1.00,0.00E+0,1.33E-2,0x0004,0x0000,0x007F,0x0214,0x0000,0x0001,0x0000,0x0000,0x0000,0x0000,0x0000,0x0004,0x0000,0x0000,0x0000,0x0000,0x0000,0x0000,1423
11:59:35 AM,6,0.00,0,0.00,-1.67,0.00,0.00,100.00,-1.00,-1.00,-1.00,0,1,1,100,0,-1,0.18,0.00,0.18,160,160,0,0.00,0.00,0.00,0.00,0.00,0.00,-1.00,-1.00,0.00,-1.00,-1.00,0.00,-1.00,-1.00,0.00,2.42E-1,1.024E+5,0.00E+0,1.33E-2,-1.00,0.00E+0,1.33E-2,0x0004,0x0000,0x007F,0x0214,0x0000,0x0001,0x0000,0x0000,0x0000,0x0000,0x0000,0x0004,0x0000,0x0000,0x0000,0x0000,0x0000,0x0000,1424
11:59:39 AM,6,0.00,0,0.00,-1.67,0.00,0.00,100.00,-1.00,-1.00,-1.00,0,1,1,100,0,-1,0.18,0.00,0.18,160,160,0,0.00,0.00,0.00,0.00,0.00,0.00,-1.00,-1.00,0.00,-1.00,-1.00,0.00,-1.00,-1.00,0.00,2.46E-1,1.024E+5,0.00E+0,1.33E-2,-1.00,0.00E+0,1.33E-2,0x0004,0x0000,0x007F,0x0214,0x0000,0x0001,0x0000,0x0000,0x0000,0x0000,0x0000,0x0004,0x0000,0x0000,0x0000,0x0000,0x0000,0x0000,1425
11:59:44 AM,6,0.00,0,0.00,-1.67,0.00,0.00,100.00,-1.00,-1.00,-1.00,0,1,1,100,0,-1,0.18,0.00,0.18,160,160,0,0.00,0.00,0.00,0.00,0.00,0.00,-1.00,-1.00,0.00,-1.00,-1.00,0.00,-1.00,-1.00,0.00,2.46E-1,1.024E+5,0.00E+0,1.33E-2,-1.00,0.00E+0,1.33E-2,0x0004,0x0000,0x007F,0x0214,0x0000,0x0001,0x0000,0x0000,0x0000,0x0000,0x0000,0x0004,0x0000,0x0000,0x0000,0x0000,0x0000,0x0000,1426
11:59:49 AM,6,0.00,0,0.00,-1.67,0.00,0.00,100.00,-1.00,-1.00,-1.00,0,1,1,100,0,-1,0.18,0.00,0.18,160,160,0,0.00,0.00,0.00,0.00,0.00,0.00,-1.00,-1.00,0.00,-1.00,-1.00,0.00,-1.00,-1.00,0.00,2.42E-1,1.024E+5,0.00E+0,1.33E-2,-1.00,0.00E+0,1.33E-2,0x0004,0x0000,0x007F,0x0214,0x0000,0x0001,0x0000,0x0000,0x0000,0x0000,0x0000,0x0004,0x0000,0x0000,0x0000,0x0000,0x0000,0x0000,1427
11:59:54 AM,6,0.00,0,0.00,-1.67,0.00,0.00,100.00,-1.00,-1.00,-1.00,0,1,1,100,0,-1,0.18,0.00,0.18,160,160,0,0.00,0.00,0.00,0.00,0.00,0.00,-1.00,-1.00,0.00,-1.00,-1.00,0.00,-1.00,-1.00,0.00,2.42E-1,1.024E+5,0.00E+0,1.33E-2,-1.00,0.00E+0,1.33E-2,0x0004,0x0000,0x007F,0x0214,0x0000,0x0001,0x0000,0x0000,0x0000,0x0000,0x0000,0x0004,0x0000,0x0000,0x0000,0x0000,0x0000,0x0000,1428
11:59:59 AM,6,0.00,0,0.00,-1.67,0.00,0.00,100.00,-1.00,-1.00,-1.00,0,1,1,100,0,-1,0.18,0.00,0.18,160,160,0,0.00,0.00,0.00,0.00,0.00,0.00,-1.00,-1.00,0.00,-1.00,-1.00,0.00,-1.00,-1.00,0.00,2.48E-1,1.024E+5,0.00E+0,1.33E-2,-1.00,0.00E+0,1.33E-2,0x0004,0x0000,0x007F,0x0214,0x0000,0x0001,0x0000,0x0000,0x0000,0x0000,0x0000,0x0004,0x0000,0x0000,0x0000,0x0000,0x0000,0x0000,1429
12:00:04 PM,6,0.00,0,0.00,-1.67,0.00,0.00,100.00,-1.00,-1.00,-1.00,0,1,1,100,0,-1,0.18,0.00,0.18,160,160,0,0.00,0.00,0.00,0.00,0.00,0.00,-1.00,-1.00,0.00,-1.00,-1.00,0.00,-1.00,-1.00,0.00,2.42E-1,1.024E+5,0.00E+0,1.33E-2,-1.00,0.00E+0,1.33E-2,0x0004,0x0000,0x007F,0x0214,0x0000,0x0001,0x0000,0x0000,0x0000,0x0000,0x0000,0x0004,0x0000,0x0000,0x0000,0x0000,0x0000,0x0000,1430
12:00:09 PM,6,0.00,0,0.00,-1.67,0.00,0.00,100.00,-1.00,-1.00,-1.00,0,1,1,100,0,-1,0.18,0.00,0.18,160,160,0,0.00,0.00,0.00,0.00,0.00,0.00,-1.00,-1.00,0.00,-1.00,-1.00,0.00,-1.00,-1.00,0.00,2.46E-1,1.024E+5,0.00E+0,1.33E-2,-1.00,0.00E+0,1.33E-2,0x0004,0x0000,0x007F,0x0214,0x0000,0x0001,0x0000,0x0000,0x0000,0x0000,0x0000,0x0004,0x0000,0x0000,0x0000,0x0000,0x0000,0x0000,1431
12:00:14 PM,6,0.00,0,0.00,-1.67,0.00,0.00,100.00,-1.00,-1.00,-1.00,0,1,1,100,0,-1,0.18,0.00,0.18,160,160,0,0.00,0.00,0.00,0.00,0.00,0.00,-1.00,-1.00,0.00,-1.00,-1.00,0.00,-1.00,-1.00,0.00,2.42E-1,1.024E+5,0.00E+0,1.33E-2,-1.00,0.00E+0,1.33E-2,0x0004,0x0000,0x007F,0x0214,0x0000,0x0001,0x0000,0x0000,0x0000,0x0000,0x0000,0x0004,0x0000,0x0000,0x0000,0x0000,0x0000,0x0000,1432
12:00:19 PM,6,0.00,0,0.00,-1.67,0.00,0.00,100.00,-1.00,-1.00,-1.00,0,1,1,100,0,-1,0.18,0.00,0.18,160,160,0,0.00,0.00,0.00,0.00,0.00,0.00,-1.00,-1.00,0.00,-1.00,-1.00,0.00,-1.00,-1.00,0.00,2.44E-1,1.024E+5,0.00E+0,1.33E-2,-1.00,0.00E+0,1.33E-2,0x0004,0x0000,0x007F,0x0214,0x0000,0x0001,0x0000,0x0000,0x0000,0x0000,0x0000,0x0004,0x0000,0x0000,0x0000,0x0000,0x0000,0x0000,1433
12:00:24 PM,6,0.00,0,0.00,-1.67,0.00,0.00,100.00,-1.00,-1.00,-1.00,0,1,1,100,0,-1,0.18,0.00,0.18,160,160,0,0.00,0.00,0.00,0.00,0.00,0.00,-1.00,-1.00,0.00,-1.00,-1.00,0.00,-1.00,-1.00,0.00,2.46E-1,1.024E+5,0.00E+0,1.33E-2,-1.00,0.00E+0,1.33E-2,0x0004,0x0000,0x007F,0x0214,0x0000,0x0001,0x0000,0x0000,0x0000,0x0000,0x0000,0x0004,0x0000,0x0000,0x0000,0x0000,0x0000,0x0000,1434
12:00:29 PM,6,0.00,0,0.00,-1.67,0.00,0.00,100.00,-1.00,-1.00,-1.00,0,1,1,100,0,-1,0.18,0.00,0.18,160,160,0,0.00,0.00,0.00,0.00,0.00,0.00,-1.00,-1.00,0.00,-1.00,-1.00,0.00,-1.00,-1.00,0.00,2.51E-1,1.024E+5,0.00E+0,1.33E-2,-1.00,0.00E+0,1.33E-2,0x0004,0x0000,0x007F,0x0214,0x0000,0x0001,0x0000,0x0000,0x0000,0x0000,0x0000,0x0004,0x0000,0x0000,0x0000,0x0000,0x0000,0x0000,1435
12:00:34 PM,6,0.00,0,0.00,-1.67,0.00,0.00,100.00,-1.00,-1.00,-1.00,0,1,1,100,0,-1,0.18,0.00,0.18,160,160,0,0.00,0.00,0.00,0.00,0.00,0.00,-1.00,-1.00,0.00,-1.00,-1.00,0.00,-1.00,-1.00,0.00,2.46E-1,1.024E+5,0.00E+0,1.33E-2,-1.00,0.00E+0,1.33E-2,0x0004,0x0000,0x007F,0x0214,0x0000,0x0001,0x0000,0x0000,0x0000,0x0000,0x0000,0x0004,0x0000,0x0000,0x0000,0x0000,0x0000,0x0000,1436
12:00:39 PM,6,0.00,0,0.00,-1.67,0.00,0.00,100.00,-1.00,-1.00,-1.00,0,1,1,100,0,-1,0.18,0.00,0.18,160,160,0,0.00,0.00,0.00,0.00,0.00,0.00,-1.00,-1.00,0.00,-1.00,-1.00,0.00,-1.00,-1.00,0.00,2.46E-1,1.024E+5,0.00E+0,1.33E-2,-1.00,0.00E+0,1.33E-2,0x0004,0x0000,0x007F,0x0214,0x0000,0x0001,0x0000,0x0000,0x0000,0x0000,0x0000,0x0004,0x0000,0x0000,0x0000,0x0000,0x0000,0x0000,1437
12:00:44 PM,6,0.00,0,0.00,-1.67,0.00,0.00,100.00,-1.00,-1.00,-1.00,0,1,1,100,0,-1,0.18,0.00,0.18,160,160,0,0.00,0.00,0.00,0.00,0.00,0.00,-1.00,-1.00,0.00,-1.00,-1.00,0.00,-1.00,-1.00,0.00,2.46E-1,1.024E+5,0.00E+0,1.33E-2,-1.00,0.00E+0,1.33E-2,0x0004,0x0000,0x007F,0x0214,0x0000,0x0001,0x0000,0x0000,0x0000,0x0000,0x0000,0x0004,0x0000,0x0000,0x0000,0x0000,0x0000,0x0000,1438
12:00:49 PM,6,0.00,0,0.00,-1.67,0.00,0.00,100.00,-1.00,-1.00,-1.00,0,1,1,100,0,-1,0.18,0.00,0.18,160,160,0,0.00,0.00,0.00,0.00,0.00,0.00,-1.00,-1.00,0.00,-1.00,-1.00,0.00,-1.00,-1.00,0.00,2.42E-1,1.024E+5,0.00E+0,1.33E-2,-1.00,0.00E+0,1.33E-2,0x0004,0x0000,0x007F,0x0214,0x0000,0x0001,0x0000,0x0000,0x0000,0x0000,0x0000,0x0004,0x0000,0x0000,0x0000,0x0000,0x0000,0x0000,1439
12:00:54 PM,6,0.00,0,0.00,-1.67,0.00,0.00,100.00,-1.00,-1.00,-1.00,0,1,1,100,0,-1,0.18,0.00,0.18,160,160,0,0.00,0.00,0.00,0.00,0.00,0.00,-1.00,-1.00,0.00,-1.00,-1.00,0.00,-1.00,-1.00,0.00,2.46E-1,1.024E+5,0.00E+0,1.33E-2,-1.00,0.00E+0,1.33E-2,0x0004,0x0000,0x007F,0x0214,0x0000,0x0001,0x0000,0x0000,0x0000,0x0000,0x0000,0x0004,0x0000,0x0000,0x0000,0x0000,0x0000,0x0000,1440
12:00:59 PM,6,0.00,0,0.00,-1.67,0.00,0.00,100.00,-1.00,-1.00,-1.00,0,1,1,100,0,-1,0.18,0.00,0.18,160,160,0,0.00,0.00,0.00,0.00,0.00,0.00,-1.00,-1.00,0.00,-1.00,-1.00,0.00,-1.00,-1.00,0.00,2.44E-1,1.024E+5,0.00E+0,1.33E-2,-1.00,0.00E+0,1.33E-2,0x0004,0x0000,0x007F,0x0214,0x0000,0x0001,0x0000,0x0000,0x0000,0x0000,0x0000,0x0004,0x0000,0x0000,0x0000,0x0000,0x0000,0x0000,1441
12:01:04 PM,6,0.00,0,0.00,-1.67,0.00,0.00,100.00,-1.00,-1.00,-1.00,0,1,1,100,0,-1,0.18,0.00,0.18,160,160,0,0.00,0.00,0.00,0.00,0.00,0.00,-1.00,-1.00,0.00,-1.00,-1.00,0.00,-1.00,-1.00,0.00,2.46E-1,1.024E+5,0.00E+0,1.33E-2,-1.00,0.00E+0,1.33E-2,0x0004,0x0000,0x007F,0x0214,0x0000,0x0001,0x0000,0x0000,0x0000,0x0000,0x0000,0x0004,0x0000,0x0000,0x0000,0x0000,0x0000,0x0000,1442
11:58:05 AM,6,0.00,0,0.00,-1.67,0.00,0.00,100.00,-1.00,-1.00,-1.00,0,1,1,100,0,-1,0.18,0.00,0.18,160,160,0,0.00,0.00,0.00,0.00,0.00,0.00,-1.00,-1.00,0.00,-1.00,-1.00,0.00,-1.00,-1.00,0.00,2.44E-1,1.024E+5,0.00E+0,1.33E-2,-1.00,0.00E+0,1.33E-2,0x0004,0x0000,0x007F,0x0214,0x0000,0x0001,0x0000,0x0000,0x0000,0x0000,0x0000,0x0004,0x0000,0x0000,0x0000,0x0000,0x0000,0x0000,1443
11:58:10 AM,6,0.00,0,0.00,-1.67,0.00,0.00,100.00,-1.00,-1.00,-1.00,0,1,1,100,0,-1,0.18,0.00,0.18,160,160,0,0.00,0.00,0.00,0.00,0.00,0.00,-1.00,-1.00,0.00,-1.00,-1.00,0.00,-1.00,-1.00,0.00,2.42E-1,1.024E+5,0.00E+0,1.33E-2,-1.00,0.00E+0,1.33E-2,0x0004,0x0000,0x007F,0x0214,0x0000,0x0001,0x0000,0x0000,0x0000,0x0000,0x0000,0x0004,0x0000,0x0000,0x0000,0x0000,0x0000,0x0000,1444
11:58:15 AM,6,0.00,0,0.00,-1.67,0.00,0.00,100.00,-1.00,-1.00,-1.00,0,1,1,100,0,-1,0.18,0.00,0.18,160,160,0,0.00,0.00,0.00,0.00,0.00,0.00,-1.00,-1.00,0.00,-1.00,-1.00,0.00,-1.00,-1.00,0.00,2.42E-1,1.024E+5,0.00E+0,1.33E-2,-1.00,0.00E+0,1.33E-2,0x0004,0x0000,0x007F,0x0214,0x0000,0x0001,0x0000,0x0000,0x0000,0x0000,0x0000,0x0004,0x0000,0x0000,0x0000,0x0000,0x0000,0x0000,1445
11:58:20 AM,6,0.00,0,0.00,-1.67,0.00,0.00,100.00,-1.00,-1.00,-1.00,0,1,1,100,0,-1,0.18,0.00,0.18,160,160,0,0.00,0.00,0.00,0.00,0.00,0.00,-1.00,-1.00,0.00,-1.00,-1.00,0.00,-1.00,-1.00,0.00,2.46E-1,1.024E+5,0.00E+0,1.33E-2,-1.00,0.00E+0,1.33E-2,0x0004,0x0000,0x007F,0x0214,0x0000,0x0001,0x0000,0x0000,0x0000,0x0000,0x0000,0x0004,0x0000,0x0000,0x0000,0x0000,0x0000,0x0000,1446
11:58:25 AM,6,0.00,0,0.00,-1.67,0.00,0.00,100.00,-1.00,-1.00,-1.00,0,1,1,100,0,-1,0.18,0.00,0.18,160,160,0,0.00,0.00,0.00,0.00,0.00,0.00,-1.00,-1.00,0.00,-1.00,-1.00,0.00,-1.00,-1.00,0.00,2.46E-1,1.024E+5,0.00E+0,1.33E-2,-1.00,0.00E+0,1.33E-2,0x0004,0x0000,0x007F,0x0214,0x0000,0x0001,0x0000,0x0000,0x0000,0x0000,0x0000,0x0004,0x0000,0x0000,0x0000,0x0000,0x0000,0x0000,1447
11:58:30 AM,6,0.00,0,0.00,-1.67,0.00,0.00,100.00,-1.00,-1.00,-1.00,0,1,1,100,0,-1,0.18,0.00,0.18,160,160,0,0.00,0.00,0.00,0.00,0.00,0.00,-1.00,-1.00,0.00,-1.00,-1.00,0.00,-1.00,-1.00,0.00,2.46E-1,1.024E+5,0.00E+0,1.33E-2,-1.00,0.00E+0,1.33E-2,0x0004,0x0000,0x007F,0x0214,0x0000,0x0001,0x0000,0x0000,0x0000,0x0000,0x0000,0x0004,0x0000,0x0000,0x0000,0x0000,0x0000,0x0000,1448
11:58:35 AM,6,0.00,0,0.00,-1.67,0.00,0.00,100.00,-1.00,-1.00,-1.00,0,1,1,100,0,-1,0.18,0.00,0.18,160,160,0,0.00,0.00,0.00,0.00,0.00,0.00,-1.00,-1.00,0.00,-1.00,-1.00,0.00,-1.00,-1.00,0.00,2.44E-1,1.024E+5,0.00E+0,1.33E-2,-1.00,0.00E+0,1.33E-2,0x0004,0x0000,0x007F,0x0214,0x0000,0x0001,0x0000,0x0000,0x0000,0x0000,0x0000,0x0004,0x0000,0x0000,0x0000,0x0000,0x0000,0x0000,1449
11:58:40 AM,6,0.00,0,0.00,-1.67,0.00,0.00,100.00,-1.00,-1.00,-1.00,0,1,1,100,0,-1,0.18,0.00,0.18,160,160,0,0.00,0.00,0.00,0.00,0.00,0.00,-1.00,-1.00,0.00,-1.00,-1.00,0.00,-1.00,-1.00,0.00,2.42E-1,1.024E+5,0.00E+0,1.33E-2,-1.00,0.00E+0,1.33E-2,0x0004,0x0000,0x007F,0x0214,0x0000,0x0001,0x0000,0x0000,0x0000,0x0000,0x0000,0x0004,0x0000,0x0000,0x0000,0x0000,0x0000,0x0000,1450
11:58:45 AM,6,0.00,0,0.00,-1.67,0.00,0.00,100.00,-1.00,-1.00,-1.00,0,1,1,100,0,-1,0.18,0.00,0.18,160,160,0,0.00,0.00,0.00,0.00,0.00,0.00,-1.00,-1.00,0.00,-1.00,-1.00,0.00,-1.00,-1.00,0.00,2.40E-1,1.024E+5,0.00E+0,1.33E-2,-1.00,0.00E+0,1.33E-2,0x0004,0x0000,0x007F,0x0214,0x0000,0x0001,0x0000,0x0000,0x0000,0x0000,0x0000,0x0004,0x0000,0x0000,0x0000,0x0000,0x0000,0x0000,1451
11:58:50 AM,6,0.00,0,0.00,-1.67,0.00,0.00,100.00,-1.00,-1.00,-1.00,0,1,1,100,0,-1,0.18,0.00,0.18,160,160,0,0.00,0.00,0.00,0.00,0.00,0.00,-1.00,-1.00,0.00,-1.00,-1.00,0.00,-1.00,-1.00,0.00,2.42E-1,1.024E+5,0.00E+0,1.33E-2,-1.00,0.00E+0,1.33E-2,0x0004,0x0000,0x007F,0x0214,0x0000,0x0001,0x0000,0x0000,0x0000,0x0000,0x0000,0x0004,0x0000,0x0000,0x0000,0x0000,0x0000,0x0000,1452
11:58:55 AM,6,0.00,0,0.00,-1.67,0.00,0.00,100.00,-1.00,-1.00,-1.00,0,1,1,100,0,-1,0.18,0.00,0.18,160,160,0,0.00,0.00,0.00,0.00,0.00,0.00,-1.00,-1.00,0.00,-1.00,-1.00,0.00,-1.00,-1.00,0.00,2.44E-1,1.024E+5,0.00E+0,1.33E-2,-1.00,0.00E+0,1.33E-2,0x0004,0x0000,0x007F,0x0214,0x0000,0x0001,0x0000,0x0000,0x0000,0x0000,0x0000,0x0004,0x0000,0x0000,0x0000,0x0000,0x0000,0x0000,1453
11:59:00 AM,6,0.00,0,0.00,-1.67,0.00,0.00,100.00,-1.00,-1.00,-1.00,0,1,1,100,0,-1,0.18,0.00,0.18,160,160,0,0.00,0.00,0.00,0.00,0.00,0.00,-1.00,-1.00,0.00,-1.00,-1.00,0.00,-1.00,-1.00,0.00,2.37E-1,1.024E+5,0.00E+0,1.33E-2,-1.00,0.00E+0,1.33E-2,0x0004,0x0000,0x007F,0x0214,0x0000,0x0001,0x0000,0x0000,0x0000,0x0000,0x0000,0x0004,0x0000,0x0000,0x0000,0x0000,0x0000,0x0000,1454
11:59:05 AM,6,0.00,0,0.00,-1.67,0.00,0.00,100.00,-1.00,-1.00,-1.00,0,1,1,100,0,-1,0.18,0.00,0.18,160,160,0,0.00,0.00,0.00,0.00,0.00,0.00,-1.00,-1.00,0.00,-1.00,-1.00,0.00,-1.00,-1.00,0.00,2.44E-1,1.024E+5,0.00E+0,1.33E-2,-1.00,0.00E+0,1.33E-2,0x0004,0x0000,0x007F,0x0214,0x0000,0x0001,0x0000,0x0000,0x0000,0x0000,0x0000,0x0004,0x0000,0x0000,0x0000,0x0000,0x0000,0x0000,1455
11:59:10 AM,6,0.00,0,0.00,-1.67,0.00,0.00,100.00,-1.00,-1.00,-1.00,0,1,1,100,0,-1,0.18,0.00,0.18,160,160,0,0.00,0.00,0.00,0.00,0.00,0.00,-1.00,-1.00,0.00,-1.00,-1.00,0.00,-1.00,-1.00,0.00,2.46E-1,1.024E+5,0.00E+0,1.33E-2,-1.00,0.00E+0,1.33E-2,0x0004,0x0000,0x007F,0x0214,0x0000,0x0001,0x0000,0x0000,0x0000,0x0000,0x0000,0x0004,0x0000,0x0000,0x0000,0x0000,0x0000,0x0000,1456
11:59:15 AM,6,0.00,0,0.00,-1.67,0.00,0.00,100.00,-1.00,-1.00,-1.00,0,1,1,100,0,-1,0.18,0.00,0.18,160,160,0,0.00,0.00,0.00,0.00,0.00,0.00,-1.00,-1.00,0.00,-1.00,-1.00,0.00,-1.00,-1.00,0.00,2.46E-1,1.024E+5,0.00E+0,1.33E-2,-1.00,0.00E+0,1.33E-2,0x0004,0x0000,0x007F,0x0214,0x0000,0x0001,0x0000,0x0000,0x0000,0x0000,0x0000,0x0004,0x0000,0x0000,0x0000,0x0000,0x0000,0x0000,1457
11:59:20 AM,6,0.00,0,0.00,-1.67,0.00,0.00,100.00,-1.00,-1.00,-1.00,0,1,1,100,0,-1,0.18,0.00,0.18,160,160,0,0.00,0.00,0.00,0.00,0.00,0.00,-1.00,-1.00,0.00,-1.00,-1.00,0.00,-1.00,-1.00,0.00,2.46E-1,1.024E+5,0.00E+0,1.33E-2,-1.00,0.00E+0,1.33E-2,0x0004,0x0000,0x007F,0x0214,0x0000,0x0001,0x0000,0x0000,0x0000,0x0000,0x0000,0x0004,0x0000,0x0000,0x0000,0x0000,0x0000,0x0000,1458
11:59:25 AM,6,0.00,0,0.00,-1.67,0.00,0.00,100.00,-1.00,-1.00,-1.00,0,1,1,100,0,-1,0.18,0.00,0.18,160,160,0,0.00,0.00,0.00,0.00,0.00,0.00,-1.00,-1.00,0.00,-1.00,-1.00,0.00,-1.00,-1.00,0.00,2.42E-1,1.024E+5,0.00E+0,1.33E-2,-1.00,0.00E+0,1.33E-2,0x0004,0x0000,0x007F,0x0214,0x0000,0x0001,0x0000,0x0000,0x0000,0x0000,0x0000,0x0004,0x0000,0x0000,0x0000,0x0000,0x0000,0x0000,1459
11:59:30 AM,6,0.00,0,0.00,-1.67,0.00,0.00,100.00,-1.00,-1.00,-1.00,0,1,1,100,0,-1,0.18,0.00,0.18,160,160,0,0.00,0.00,0.00,0.00,0.00,0.00,-1.00,-1.00,0.00,-1.00,-1.00,0.00,-1.00,-1.00,0.00,2.42E-1,1.024E+5,0.00E+0,1.33E-2,-1.00,0.00E+0,1.33E-2,0x0004,0x0000,0x007F,0x0214,0x0000,0x0001,0x0000,0x0000,0x0000,0x0000,0x0000,0x0004,0x0000,0x0000,0x0000,0x0000,0x0000,0x0000,1460
11:59:35 AM,6,0.00,0,0.00,-1.67,0.00,0.00,100.00,-1.00,-1.00,-1.00,0,1,1,100,0,-1,0.18,0.00,0.18,160,160,0,0.00,0.00,0.00,0.00,0.00,0.00,-1.00,-1.00,0.00,-1.00,-1.00,0.00,-1.00,-1.00,0.00,2.42E-1,1.024E+5,0.00E+0,1.33E-2,-1.00,0.00E+0,1.33E-2,0x0004,0x0000,0x007F,0x0214,0x0000,0x0001,0x0000,0x0000,0x0000,0x0000,0x0000,0x0004,0x0000,0x0000,0x0000,0x0000,0x0000,0x0000,1461
11:59:39 AM,6,0.00,0,0.00,-1.67,0.00,0.00,100.00,-1.00,-1.00,-1.00,0,1,1,100,0,-1,0.18,0.00,0.18,160,160,0,0.00,0.00,0.00,0.00,0.00,0.00,-1.00,-1.00,0.00,-1.00,-1.00,0.00,-1.00,-1.00,0.00,2.46E-1,1.024E+5,0.00E+0,1.33E-2,-1.00,0.00E+0,1.33E-2,0x0004,0x0000,0x007F,0x0214,0x0000,0x0001,0x0000,0x0000,0x0000,0x0000,0x0000,0x0004,0x0000,0x0000,0x0000,0x0000,0x0000,0x0000,1462
11:59:44 AM,6,0.00,0,0.00,-1.67,0.00,0.00,100.00,-1.00,-1.00,-1.00,0,1,1,100,0,-1,0.18,0.00,0.18,160,160,0,0.00,0.00,0.00,0.00,0.00,0.00,-1.00,-1.00,0.00,-1.00,-1.00,0.00,-1.00,-1.00,0.00,2.46E-1,1.024E+5,0.00E+0,1.33E-2,-1.00,0.00E+0,1.33E-2,0x0004,0x0000,0x007F,0x0214,0x0000,0x0001,0x0000,0x0000,0x0000,0x0000,0x0000,0x0004,0x0000,0x0000,0x0000,0x0000,0x0000,0x0000,1463
11:59:49 AM,6,0.00,0,0.00,-1.67,0.00,0.00,100.00,-1.00,-1.00,-1.00,0,1,1,100,0,-1,0.18,0.00,0.18,160,160,0,0.00,0.00,0.00,0.00,0.00,0.00,-1.00,-1.00,0.00,-1.00,-1.00,0.00,-1.00,-1.00,0.00,2.42E-1,1.024E+5,0.00E+0,1.33E-2,-1.00,0.00E+0,1.33E-2,0x0004,0x0000,0x007F,0x0214,0x0000,0x0001,0x0000,0x0000,0x0000,0x0000,0x0000,0x0004,0x0000,0x0000,0x0000,0x0000,0x0000,0x0000,1464
11:59:54 AM,6,0.00,0,0.00,-1.67,0.00,0.00,100.00,-1.00,-1.00,-1.00,0,1,1,100,0,-1,0.18,0.00,0.18,160,160,0,0.00,0.00,0.00,0.00,0.00,0.00,-1.00,-1.00,0.00,-1.00,-1.00,0.00,-1.00,-1.00,0.00,2.42E-1,1.024E+5,0.00E+0,1.33E-2,-1.00,0.00E+0,1.33E-2,0x0004,0x0000,0x007F,0x0214,0x0000,0x0001,0x0000,0x0000,0x0000,0x0000,0x0000,0x0004,0x0000,0x0000,0x0000,0x0000,0x0000,0x0000,1465
11:59:59 AM,6,0.00,0,0.00,-1.67,0.00,0.00,100.00,-1.00,-1.00,-1.00,0,1,1,100,0,-1,0.18,0.00,0.18,160,160,0,0.00,0.00,0.00,0.00,0.00,0.00,-1.00,-1.00,0.00,-1.00,-1.00,0.00,-1.00,-1.00,0.00,2.48E-1,1.024E+5,0.00E+0,1.33E-2,-1.00,0.00E+0,1.33E-2,0x0004,0x0000,0x007F,0x0214,0x0000,0x0001,0x0000,0x0000,0x0000,0x0000,0x0000,0x0004,0x0000,0x0000,0x0000,0x0000,0x0000,0x0000,1466
12:00:04 PM,6,0.00,0,0.00,-1.67,0.00,0.00,100.00,-1.00,-1.00,-1.00,0,1,1,100,0,-1,0.18,0.00,0.18,160,160,0,0.00,0.00,0.00,0.00,0.00,0.00,-1.00,-1.00,0.00,-1.00,-1.00,0.00,-1.00,-1.00,0.00,2.42E-1,1.024E+5,0.00E+0,1.33E-2,-1.00,0.00E+0,1.33E-2,0x0004,0x0000,0x007F,0x0214,0x0000,0x0001,0x0000,0x0000,0x0000,0x0000,0x0000,0x0004,0x0000,0x0000,0x0000,0x0000,0x0000,0x0000,1467
12:00:09 PM,6,0.00,0,0.00,-1.67,0.00,0.00,100.00,-1.00,-1.00,-1.00,0,1,1,100,0,-1,0.18,0.00,0.18,160,160,0,0.00,0.00,0.00,0.00,0.00,0.00,-1.00,-1.00,0.00,-1.00,-1.00,0.00,-1.00,-1.00,0.00,2.46E-1,1.024E+5,0.00E+0,1.33E-2,-1.00,0.00E+0,1.33E-2,0x0004,0x0000,0x007F,0x0214,0x0000,0x0001,0x0000,0x0000,0x0000,0x0000,0x0000,0x0004,0x0000,0x0000,0x0000,0x0000,0x0000,0x0000,1468
12:00:14 PM,6,0.00,0,0.00,-1.67,0.00,0.00,100.00,-1.00,-1.00,-1.00,0,1,1,100,0,-1,0.18,0.00,0.18,160,160,0,0.00,0.00,0.00,0.00,0.00,0.00,-1.00,-1.00,0.00,-1.00,-1.00,0.00,-1.00,-1.00,0.00,2.42E-1,1.024E+5,0.00E+0,1.33E-2,-1.00,0.00E+0,1.33E-2,0x0004,0x0000,0x007F,0x0214,0x0000,0x0001,0x0000,0x0000,0x0000,0x0000,0x0000,0x0004,0x0000,0x0000,0x0000,0x0000,0x0000,0x0000,1469
12:00:19 PM,6,0.00,0,0.00,-1.67,0.00,0.00,100.00,-1.00,-1.00,-1.00,0,1,1,100,0,-1,0.18,0.00,0.18,160,160,0,0.00,0.00,0.00,0.00,0.00,0.00,-1.00,-1.00,0.00,-1.00,-1.00,0.00,-1.00,-1.00,0.00,2.44E-1,1.024E+5,0.00E+0,1.33E-2,-1.00,0.00E+0,1.33E-2,0x0004,0x0000,0x007F,0x0214,0x0000,0x0001,0x0000,0x0000,0x0000,0x0000,0x0000,0x0004,0x0000,0x0000,0x0000,0x0000,0x0000,0x0000,1470
12:00:24 PM,6,0.00,0,0.00,-1.67,0.00,0.00,100.00,-1.00,-1.00,-1.00,0,1,1,100,0,-1,0.18,0.00,0.18,160,160,0,0.00,0.00,0.00,0.00,0.00,0.00,-1.00,-1.00,0.00,-1.00,-1.00,0.00,-1.00,-1.00,0.00,2.46E-1,1.024E+5,0.00E+0,1.33E-2,-1.00,0.00E+0,1.33E-2,0x0004,0x0000,0x007F,0x0214,0x0000,0x0001,0x0000,0x0000,0x0000,0x0000,0x0000,0x0004,0x0000,0x0000,0x0000,0x0000,0x0000,0x0000,1471
12:00:29 PM,6,0.00,0,0.00,-1.67,0.00,0.00,100.00,-1.00,-1.00,-1.00,0,1,1,100,0,-1,0.18,0.00,0.18,160,160,0,0.00,0.00,0.00,0.00,0.00,0.00,-1.00,-1.00,0.00,-1.00,-1.00,0.00,-1.00,-1.00,0.00,2.51E-1,1.024E+5,0.00E+0,1.33E-2,-1.00,0.00E+0,1.33E-2,0x0004,0x0000,0x007F,0x0214,0x0000,0x0001,0x0000,0x0000,0x0000,0x0000,0x0000,0x0004,0x0000,0x0000,0x0000,0x0000,0x0000,0x0000,1472
12:00:34 PM,6,0.00,0,0.00,-1.67,0.00,0.00,100.00,-1.00,-1.00,-1.00,0,1,1,100,0,-1,0.18,0.00,0.18,160,160,0,0.00,0.00,0.00,0.00,0.00,0.00,-1.00,-1.00,0.00,-1.00,-1.00,0.00,-1.00,-1.00,0.00,2.46E-1,1.024E+5,0.00E+0,1.33E-2,-1.00,0.00E+0,1.33E-2,0x0004,0x0000,0x007F,0x0214,0x0000,0x0001,0x0000,0x0000,0x0000,0x0000,0x0000,0x0004,0x0000,0x0000,0x0000,0x0000,0x0000,0x0000,1473
12:00:39 PM,6,0.00,0,0.00,-1.67,0.00,0.00,100.00,-1.00,-1.00,-1.00,0,1,1,100,0,-1,0.18,0.00,0.18,160,160,0,0.00,0.00,0.00,0.00,0.00,0.00,-1.00,-1.00,0.00,-1.00,-1.00,0.00,-1.00,-1.00,0.00,2.46E-1,1.024E+5,0.00E+0,1.33E-2,-1.00,0.00E+0,1.33E-2,0x0004,0x0000,0x007F,0x0214,0x0000,0x0001,0x0000,0x0000,0x0000,0x0000,0x0000,0x0004,0x0000,0x0000,0x0000,0x0000,0x0000,0x0000,1474
12:00:44 PM,6,0.00,0,0.00,-1.67,0.00,0.00,100.00,-1.00,-1.00,-1.00,0,1,1,100,0,-1,0.18,0.00,0.18,160,160,0,0.00,0.00,0.00,0.00,0.00,0.00,-1.00,-1.00,0.00,-1.00,-1.00,0.00,-1.00,-1.00,0.00,2.46E-1,1.024E+5,0.00E+0,1.33E-2,-1.00,0.00E+0,1.33E-2,0x0004,0x0000,0x007F,0x0214,0x0000,0x0001,0x0000,0x0000,0x0000,0x0000,0x0000,0x0004,0x0000,0x0000,0x0000,0x0000,0x0000,0x0000,1475
12:00:49 PM,6,0.00,0,0.00,-1.67,0.00,0.00,100.00,-1.00,-1.00,-1.00,0,1,1,100,0,-1,0.18,0.00,0.18,160,160,0,0.00,0.00,0.00,0.00,0.00,0.00,-1.00,-1.00,0.00,-1.00,-1.00,0.00,-1.00,-1.00,0.00,2.42E-1,1.024E+5,0.00E+0,1.33E-2,-1.00,0.00E+0,1.33E-2,0x0004,0x0000,0x007F,0x0214,0x0000,0x0001,0x0000,0x0000,0x0000,0x0000,0x0000,0x0004,0x0000,0x0000,0x0000,0x0000,0x0000,0x0000,1476
12:00:54 PM,6,0.00,0,0.00,-1.67,0.00,0.00,100.00,-1.00,-1.00,-1.00,0,1,1,100,0,-1,0.18,0.00,0.18,160,160,0,0.00,0.00,0.00,0.00,0.00,0.00,-1.00,-1.00,0.00,-1.00,-1.00,0.00,-1.00,-1.00,0.00,2.46E-1,1.024E+5,0.00E+0,1.33E-2,-1.00,0.00E+0,1.33E-2,0x0004,0x0000,0x007F,0x0214,0x0000,0x0001,0x0000,0x0000,0x0000,0x0000,0x0000,0x0004,0x0000,0x0000,0x0000,0x0000,0x0000,0x0000,1477
12:00:59 PM,6,0.00,0,0.00,-1.67,0.00,0.00,100.00,-1.00,-1.00,-1.00,0,1,1,100,0,-1,0.18,0.00,0.18,160,160,0,0.00,0.00,0.00,0.00,0.00,0.00,-1.00,-1.00,0.00,-1.00,-1.00,0.00,-1.00,-1.00,0.00,2.44E-1,1.024E+5,0.00E+0,1.33E-2,-1.00,0.00E+0,1.33E-2,0x0004,0x0000,0x007F,0x0214,0x0000,0x0001,0x0000,0x0000,0x0000,0x0000,0x0000,0x0004,0x0000,0x0000,0x0000,0x0000,0x0000,0x0000,1478
12:01:04 PM,6,0.00,0,0.00,-1.67,0.00,0.00,100.00,-1.00,-1.00,-1.00,0,1,1,100,0,-1,0.18,0.00,0.18,160,160,0,0.00,0.00,0.00,0.00,0.00,0.00,-1.00,-1.00,0.00,-1.00,-1.00,0.00,-1.00,-1.00,0.00,2.46E-1,1.024E+5,0.00E+0,1.33E-2,-1.00,0.00E+0,1.33E-2,0x0004,0x0000,0x007F,0x0214,0x0000,0x0001,0x0000,0x0000,0x0000,0x0000,0x0000,0x0004,0x0000,0x0000,0x0000,0x0000,0x0000,0x0000,1479
11:58:05 AM,6,0.00,0,0.00,-1.67,0.00,0.00,100.00,-1.00,-1.00,-1.00,0,1,1,100,0,-1,0.18,0.00,0.18,160,160,0,0.00,0.00,0.00,0.00,0.00,0.00,-1.00,-1.00,0.00,-1.00,-1.00,0.00,-1.00,-1.00,0.00,2.44E-1,1.024E+5,0.00E+0,1.33E-2,-1.00,0.00E+0,1.33E-2,0x0004,0x0000,0x007F,0x0214,0x0000,0x0001,0x0000,0x0000,0x0000,0x0000,0x0000,0x0004,0x0000,0x0000,0x0000,0x0000,0x0000,0x0000,1480
11:58:10 AM,6,0.00,0,0.00,-1.67,0.00,0.00,100.00,-1.00,-1.00,-1.00,0,1,1,100,0,-1,0.18,0.00,0.18,160,160,0,0.00,0.00,0.00,0.00,0.00,0.00,-1.00,-1.00,0.00,-1.00,-1.00,0.00,-1.00,-1.00,0.00,2.42E-1,1.024E+5,0.00E+0,1.33E-2,-1.00,0.00E+0,1.33E-2,0x0004,0x0000,0x007F,0x0214,0x0000,0x0001,0x0000,0x0000,0x0000,0x0000,0x0000,0x0004,0x0000,0x0000,0x0000,0x0000,0x0000,0x0000,1481
11:58:15 AM,6,0.00,0,0.00,-1.67,0.00,0.00,100.00,-1.00,-1.00,-1.00,0,1,1,100,0,-1,0.18,0.00,0.18,160,160,0,0.00,0.00,0.00,0.00,0.00,0.00,-1.00,-1.00,0.00,-1.00,-1.00,0.00,-1.00,-1.00,0.00,2.42E-1,1.024E+5,0.00E+0,1.33E-2,-1.00,0.00E+0,1.33E-2,0x0004,0x0000,0x007F,0x0214,0x0000,0x0001,0x0000,0x0000,0x0000,0x0000,0x0000,0x0004,0x0000,0x0000,0x0000,0x0000,0x0000,0x0000,1482
11:58:20 AM,6,0.00,0,0.00,-1.67,0.00,0.00,100.00,-1.00,-1.00,-1.00,0,1,1,100,0,-1,0.18,0.00,0.18,160,160,0,0.00,0.00,0.00,0.00,0.00,0.00,-1.00,-1.00,0.00,-1.00,-1.00,0.00,-1.00,-1.00,0.00,2.46E-1,1.024E+5,0.00E+0,1.33E-2,-1.00,0.00E+0,1.33E-2,0x0004,0x0000,0x007F,0x0214,0x0000,0x0001,0x0000,0x0000,0x0000,0x0000,0x0000,0x0004,0x0000,0x0000,0x0000,0x0000,0x0000,0x0000,1483
11:58:25 AM,6,0.00,0,0.00,-1.67,0.00,0.00,100.00,-1.00,-1.00,-1.00,0,1,1,100,0,-1,0.18,0.00,0.18,160,160,0,0.00,0.00,0.00,0.00,0.00,0.00,-1.00,-1.00,0.00,-1.00,-1.00,0.00,-1.00,-1.00,0.00,2.46E-1,1.024E+5,0.00E+0,1.33E-2,-1.00,0.00E+0,1.33E-2,0x0004,0x0000,0x007F,0x0214,0x0000,0x0001,0x0000,0x0000,0x0000,0x0000,0x0000,0x0004,0x0000,0x0000,0x0000,0x0000,0x0000,0x0000,1484
11:58:30 AM,6,0.00,0,0.00,-1.67,0.00,0.00,100.00,-1.00,-1.00,-1.00,0,1,1,100,0,-1,0.18,0.00,0.18,160,160,0,0.00,0.00,0.00,0.00,0.00,0.00,-1.00,-1.00,0.00,-1.00,-1.00,0.00,-1.00,-1.00,0.00,2.46E-1,1.024E+5,0.00E+0,1.33E-2,-1.00,0.00E+0,1.33E-2,0x0004,0x0000,0x007F,0x0214,0x0000,0x0001,0x0000,0x0000,0x0000,0x0000,0x0000,0x0004,0x0000,0x0000,0x0000,0x0000,0x0000,0x0000,1485
11:58:35 AM,6,0.00,0,0.00,-1.67,0.00,0.00,100.00,-1.00,-1.00,-1.00,0,1,1,100,0,-1,0.18,0.00,0.18,160,160,0,0.00,0.00,0.00,0.00,0.00,0.00,-1.00,-1.00,0.00,-1.00,-1.00,0.00,-1.00,-1.00,0.00,2.44E-1,1.024E+5,0.00E+0,1.33E-2,-1.00,0.00E+0,1.33E-2,0x0004,0x0000,0x007F,0x0214,0x0000,0x0001,0x0000,0x0000,0x0000,0x0000,0x0000,0x0004,0x0000,0x0000,0x0000,0x0000,0x0000,0x0000,1486
11:58:40 AM,6,0.00,0,0.00,-1.67,0.00,0.00,100.00,-1.00,-1.00,-1.00,0,1,1,100,0,-1,0.18,0.00,0.18,160,160,0,0.00,0.00,0.00,0.00,0.00,0.00,-1.00,-1.00,0.00,-1.00,-1.00,0.00,-1.00,-1.00,0.00,2.42E-1,1.024E+5,0.00E+0,1.33E-2,-1.00,0.00E+0,1.33E-2,0x0004,0x0000,0x007F,0x0214,0x0000,0x0001,0x0000,0x0000,0x0000,0x0000,0x0000,0x0004,0x0000,0x0000,0x0000,0x0000,0x0000,0x0000,1487
11:58:45 AM,6,0.00,0,0.00,-1.67,0.00,0.00,100.00,-1.00,-1.00,-1.00,0,1,1,100,0,-1,0.18,0.00,0.18,160,160,0,0.00,0.00,0.00,0.00,0.00,0.00,-1.00,-1.00,0.00,-1.00,-1.00,0.00,-1.00,-1.00,0.00,2.40E-1,1.024E+5,0.00E+0,1.33E-2,-1.00,0.00E+0,1.33E-2,0x0004,0x0000,0x007F,0x0214,0x0000,0x0001,0x0000,0x0000,0x0000,0x0000,0x0000,0x0004,0x0000,0x0000,0x0000,0x0000,0x0000,0x0000,1488
11:58:50 AM,6,0.00,0,0.00,-1.67,0.00,0.00,100.00,-1.00,-1.00,-1.00,0,1,1,100,0,-1,0.18,0.00,0.18,160,160,0,0.00,0.00,0.00,0.00,0.00,0.00,-1.00,-1.00,0.00,-1.00,-1.00,0.00,-1.00,-1.00,0.00,2.42E-1,1.024E+5,0.00E+0,1.33E-2,-1.00,0.00E+0,1.33E-2,0x0004,0x0000,0x007F,0x0214,0x0000,0x0001,0x0000,0x0000,0x0000,0x0000,0x0000,0x0004,0x0000,0x0000,0x0000,0x0000,0x0000,0x0000,1489
11:58:55 AM,6,0.00,0,0.00,-1.67,0.00,0.00,100.00,-1.00,-1.00,-1.00,0,1,1,100,0,-1,0.18,0.00,0.18,160,160,0,0.00,0.00,0.00,0.00,0.00,0.00,-1.00,-1.00,0.00,-1.00,-1.00,0.00,-1.00,-1.00,0.00,2.44E-1,1.024E+5,0.00E+0,1.33E-2,-1.00,0.00E+0,1.33E-2,0x0004,0x0000,0x007F,0x0214,0x0000,0x0001,0x0000,0x0000,0x0000,0x0000,0x0000,0x0004,0x0000,0x0000,0x0000,0x0000,0x0000,0x0000,1490
11:59:00 AM,6,0.00,0,0.00,-1.67,0.00,0.00,100.00,-1.00,-1.00,-1.00,0,1,1,100,0,-1,0.18,0.00,0.18,160,160,0,0.00,0.00,0.00,0.00,0.00,0.00,-1.00,-1.00,0.00,-1.00,-1.00,0.00,-1.00,-1.00,0.00,2.37E-1,1.024E+5,0.00E+0,1.33E-2,-1.00,0.00E+0,1.33E-2,0x0004,0x0000,0x007F,0x0214,0x0000,0x0001,0x0000,0x0000,0x0000,0x0000,0x0000,0x0004,0x0000,0x0000,0x0000,0x0000,0x0000,0x0000,1491
11:59:05 AM,6,0.00,0,0.00,-1.67,0.00,0.00,100.00,-1.00,-1.00,-1.00,0,1,1,100,0,-1,0.18,0.00,0.18,160,160,0,0.00,0.00,0.00,0.00,0.00,0.00,-1.00,-1.00,0.00,-1.00,-1.00,0.00,-1.00,-1.00,0.00,2.44E-1,1.024E+5,0.00E+0,1.33E-2,-1.00,0.00E+0,1.33E-2,0x0004,0x0000,0x007F,0x0214,0x0000,0x0001,0x0000,0x0000,0x0000,0x0000,0x0000,0x0004,0x0000,0x0000,0x0000,0x0000,0x0000,0x0000,1492
11:59:10 AM,6,0.00,0,0.00,-1.67,0.00,0.00,100.00,-1.00,-1.00,-1.00,0,1,1,100,0,-1,0.18,0.00,0.18,160,160,0,0.00,0.00,0.00,0.00,0.00,0.00,-1.00,-1.00,0.00,-1.00,-1.00,0.00,-1.00,-1.00,0.00,2.46E-1,1.024E+5,0.00E+0,1.33E-2,-1.00,0.00E+0,1.33E-2,0x0004,0x0000,0x007F,0x0214,0x0000,0x0001,0x0000,0x0000,0x0000,0x0000,0x0000,0x0004,0x0000,0x0000,0x0000,0x0000,0x0000,0x0000,1493
11:59:15 AM,6,0.00,0,0.00,-1.67,0.00,0.00,100.00,-1.00,-1.00,-1.00,0,1,1,100,0,-1,0.18,0.00,0.18,160,160,0,0.00,0.00,0.00,0.00,0.00,0.00,-1.00,-1.00,0.00,-1.00,-1.00,0.00,-1.00,-1.00,0.00,2.46E-1,1.024E+5,0.00E+0,1.33E-2,-1.00,0.00E+0,1.33E-2,0x0004,0x0000,0x007F,0x0214,0x0000,0x0001,0x0000,0x0000,0x0000,0x0000,0x0000,0x0004,0x0000,0x0000,0x0000,0x0000,0x0000,0x0000,1494
11:59:20 AM,6,0.00,0,0.00,-1.67,0.00,0.00,100.00,-1.00,-1.00,-1.00,0,1,1,100,0,-1,0.18,0.00,0.18,160,160,0,0.00,0.00,0.00,0.00,0.00,0.00,-1.00,-1.00,0.00,-1.00,-1.00,0.00,-1.00,-1.00,0.00,2.46E-1,1.024E+5,0.00E+0,1.33E-2,-1.00,0.00E+0,1.33E-2,0x0004,0x0000,0x007F,0x0214,0x0000,0x0001,0x0000,0x0000,0x0000,0x0000,0x0000,0x0004,0x0000,0x0000,0x0000,0x0000,0x0000,0x0000,1495
11:59:25 AM,6,0.00,0,0.00,-1.67,0.00,0.00,100.00,-1.00,-1.00,-1.00,0,1,1,100,0,-1,0.18,0.00,0.18,160,160,0,0.00,0.00,0.00,0.00,0.00,0.00,-1.00,-1.00,0.00,-1.00,-1.00,0.00,-1.00,-1.00,0.00,2.42E-1,1.024E+5,0.00E+0,1.33E-2,-1.00,0.00E+0,1.33E-2,0x0004,0x0000,0x007F,0x0214,0x0000,0x0001,0x0000,0x0000,0x0000,0x0000,0x0000,0x0004,0x0000,0x0000,0x0000,0x0000,0x0000,0x0000,1496
11:59:30 AM,6,0.00,0,0.00,-1.67,0.00,0.00,100.00,-1.00,-1.00,-1.00,0,1,1,100,0,-1,0.18,0.00,0.18,160,160,0,0.00,0.00,0.00,0.00,0.00,0.00,-1.00,-1.00,0.00,-1.00,-1.00,0.00,-1.00,-1.00,0.00,2.42E-1,1.024E+5,0.00E+0,1.33E-2,-1.00,0.00E+0,1.33E-2,0x0004,0x0000,0x007F,0x0214,0x0000,0x0001,0x0000,0x0000,0x0000,0x0000,0x0000,0x0004,0x0000,0x0000,0x0000,0x0000,0x0000,0x0000,1497
11:59:35 AM,6,0.00,0,0.00,-1.67,0.00,0.00,100.00,-1.00,-1.00,-1.00,0,1,1,100,0,-1,0.18,0.00,0.18,160,160,0,0.00,0.00,0.00,0.00,0.00,0.00,-1.00,-1.00,0.00,-1.00,-1.00,0.00,-1.00,-1.00,0.00,2.42E-1,1.024E+5,0.00E+0,1.33E-2,-1.00,0.00E+0,1.33E-2,0x0004,0x0000,0x007F,0x0214,0x0000,0x0001,0x0000,0x0000,0x0000,0x0000,0x0000,0x0004,0x0000,0x0000,0x0000,0x0000,0x0000,0x0000,1498
11:59:39 AM,6,0.00,0,0.00,-1.67,0.00,0.00,100.00,-1.00,-1.00,-1.00,0,1,1,100,0,-1,0.18,0.00,0.18,160,160,0,0.00,0.00,0.00,0.00,0.00,0.00,-1.00,-1.00,0.00,-1.00,-1.00,0.00,-1.00,-1.00,0.00,2.46E-1,1.024E+5,0.00E+0,1.33E-2,-1.00,0.00E+0,1.33E-2,0x0004,0x0000,0x007F,0x0214,0x0000,0x0001,0x0000,0x0000,0x0000,0x0000,0x0000,0x0004,0x0000,0x0000,0x0000,0x0000,0x0000,0x0000,1499
11:59:44 AM,6,0.00,0,0.00,-1.67,0.00,0.00,100.00,-1.00,-1.00,-1.00,0,1,1,100,0,-1,0.18,0.00,0.18,160,160,0,0.00,0.00,0.00,0.00,0.00,0.00,-1.00,-1.00,0.00,-1.00,-1.00,0.00,-1.00,-1.00,0.00,2.46E-1,1.024E+5,0.00E+0,1.33E-2,-1.00,0.00E+0,1.33E-2,0x0004,0x0000,0x007F,0x0214,0x0000,0x0001,0x0000,0x0000,0x0000,0x0000,0x0000,0x0004,0x0000,0x0000,0x0000,0x0000,0x0000,0x0000,1500
11:59:49 AM,6,0.00,0,0.00,-1.67,0.00,0.00,100.00,-1.00,-1.00,-1.00,0,1,1,100,0,-1,0.18,0.00,0.18,160,160,0,0.00,0.00,0.00,0.00,0.00,0.00,-1.00,-1.00,0.00,-1.00,-1.00,0.00,-1.00,-1.00,0.00,2.42E-1,1.024E+5,0.00E+0,1.33E-2,-1.00,0.00E+0,1.33E-2,0x0004,0x0000,0x007F,0x0214,0x0000,0x0001,0x0000,0x0000,0x0000,0x0000,0x0000,0x0004,0x0000,0x0000,0x0000,0x0000,0x0000,0x0000,1501
11:59:54 AM,6,0.00,0,0.00,-1.67,0.00,0.00,100.00,-1.00,-1.00,-1.00,0,1,1,100,0,-1,0.18,0.00,0.18,160,160,0,0.00,0.00,0.00,0.00,0.00,0.00,-1.00,-1.00,0.00,-1.00,-1.00,0.00,-1.00,-1.00,0.00,2.42E-1,1.024E+5,0.00E+0,1.33E-2,-1.00,0.00E+0,1.33E-2,0x0004,0x0000,0x007F,0x0214,0x0000,0x0001,0x0000,0x0000,0x0000,0x0000,0x0000,0x0004,0x0000,0x0000,0x0000,0x0000,0x0000,0x0000,1502
11:59:59 AM,6,0.00,0,0.00,-1.67,0.00,0.00,100.00,-1.00,-1.00,-1.00,0,1,1,100,0,-1,0.18,0.00,0.18,160,160,0,0.00,0.00,0.00,0.00,0.00,0.00,-1.00,-1.00,0.00,-1.00,-1.00,0.00,-1.00,-1.00,0.00,2.48E-1,1.024E+5,0.00E+0,1.33E-2,-1.00,0.00E+0,1.33E-2,0x0004,0x0000,0x007F,0x0214,0x0000,0x0001,0x0000,0x0000,0x0000,0x0000,0x0000,0x0004,0x0000,0x0000,0x0000,0x0000,0x0000,0x0000,1503
12:00:04 PM,6,0.00,0,0.00,-1.67,0.00,0.00,100.00,-1.00,-1.00,-1.00,0,1,1,100,0,-1,0.18,0.00,0.18,160,160,0,0.00,0.00,0.00,0.00,0.00,0.00,-1.00,-1.00,0.00,-1.00,-1.00,0.00,-1.00,-1.00,0.00,2.42E-1,1.024E+5,0.00E+0,1.33E-2,-1.00,0.00E+0,1.33E-2,0x0004,0x0000,0x007F,0x0214,0x0000,0x0001,0x0000,0x0000,0x0000,0x0000,0x0000,0x0004,0x0000,0x0000,0x0000,0x0000,0x0000,0x0000,1504
12:00:09 PM,6,0.00,0,0.00,-1.67,0.00,0.00,100.00,-1.00,-1.00,-1.00,0,1,1,100,0,-1,0.18,0.00,0.18,160,160,0,0.00,0.00,0.00,0.00,0.00,0.00,-1.00,-1.00,0.00,-1.00,-1.00,0.00,-1.00,-1.00,0.00,2.46E-1,1.024E+5,0.00E+0,1.33E-2,-1.00,0.00E+0,1.33E-2,0x0004,0x0000,0x007F,0x0214,0x0000,0x0001,0x0000,0x0000,0x0000,0x0000,0x0000,0x0004,0x0000,0x0000,0x0000,0x0000,0x0000,0x0000,1505
12:00:14 PM,6,0.00,0,0.00,-1.67,0.00,0.00,100.00,-1.00,-1.00,-1.00,0,1,1,100,0,-1,0.18,0.00,0.18,160,160,0,0.00,0.00,0.00,0.00,0.00,0.00,-1.00,-1.00,0.00,-1.00,-1.00,0.00,-1.00,-1.00,0.00,2.42E-1,1.024E+5,0.00E+0,1.33E-2,-1.00,0.00E+0,1.33E-2,0x0004,0x0000,0x007F,0x0214,0x0000,0x0001,0x0000,0x0000,0x0000,0x0000,0x0000,0x0004,0x0000,0x0000,0x0000,0x0000,0x0000,0x0000,1506
12:00:19 PM,6,0.00,0,0.00,-1.67,0.00,0.00,100.00,-1.00,-1.00,-1.00,0,1,1,100,0,-1,0.18,0.00,0.18,160,160,0,0.00,0.00,0.00,0.00,0.00,0.00,-1.00,-1.00,0.00,-1.00,-1.00,0.00,-1.00,-1.00,0.00,2.44E-1,1.024E+5,0.00E+0,1.33E-2,-1.00,0.00E+0,1.33E-2,0x0004,0x0000,0x007F,0x0214,0x0000,0x0001,0x0000,0x0000,0x0000,0x0000,0x0000,0x0004,0x0000,0x0000,0x0000,0x0000,0x0000,0x0000,1507
12:00:24 PM,6,0.00,0,0.00,-1.67,0.00,0.00,100.00,-1.00,-1.00,-1.00,0,1,1,100,0,-1,0.18,0.00,0.18,160,160,0,0.00,0.00,0.00,0.00,0.00,0.00,-1.00,-1.00,0.00,-1.00,-1.00,0.00,-1.00,-1.00,0.00,2.46E-1,1.024E+5,0.00E+0,1.33E-2,-1.00,0.00E+0,1.33E-2,0x0004,0x0000,0x007F,0x0214,0x0000,0x0001,0x0000,0x0000,0x0000,0x0000,0x0000,0x0004,0x0000,0x0000,0x0000,0x0000,0x0000,0x0000,1508
12:00:29 PM,6,0.00,0,0.00,-1.67,0.00,0.00,100.00,-1.00,-1.00,-1.00,0,1,1,100,0,-1,0.18,0.00,0.18,160,160,0,0.00,0.00,0.00,0.00,0.00,0.00,-1.00,-1.00,0.00,-1.00,-1.00,0.00,-1.00,-1.00,0.00,2.51E-1,1.024E+5,0.00E+0,1.33E-2,-1.00,0.00E+0,1.33E-2,0x0004,0x0000,0x007F,0x0214,0x0000,0x0001,0x0000,0x0000,0x0000,0x0000,0x0000,0x0004,0x0000,0x0000,0x0000,0x0000,0x0000,0x0000,1509
12:00:34 PM,6,0.00,0,0.00,-1.67,0.00,0.00,100.00,-1.00,-1.00,-1.00,0,1,1,100,0,-1,0.18,0.00,0.18,160,160,0,0.00,0.00,0.00,0.00,0.00,0.00,-1.00,-1.00,0.00,-1.00,-1.00,0.00,-1.00,-1.00,0.00,2.46E-1,1.024E+5,0.00E+0,1.33E-2,-1.00,0.00E+0,1.33E-2,0x0004,0x0000,0x007F,0x0214,0x0000,0x0001,0x0000,0x0000,0x0000,0x0000,0x0000,0x0004,0x0000,0x0000,0x0000,0x0000,0x0000,0x0000,1510
12:00:39 PM,6,0.00,0,0.00,-1.67,0.00,0.00,100.00,-1.00,-1.00,-1.00,0,1,1,100,0,-1,0.18,0.00,0.18,160,160,0,0.00,0.00,0.00,0.00,0.00,0.00,-1.00,-1.00,0.00,-1.00,-1.00,0.00,-1.00,-1.00,0.00,2.46E-1,1.024E+5,0.00E+0,1.33E-2,-1.00,0.00E+0,1.33E-2,0x0004,0x0000,0x007F,0x0214,0x0000,0x0001,0x0000,0x0000,0x0000,0x0000,0x0000,0x0004,0x0000,0x0000,0x0000,0x0000,0x0000,0x0000,1511
12:00:44 PM,6,0.00,0,0.00,-1.67,0.00,0.00,100.00,-1.00,-1.00,-1.00,0,1,1,100,0,-1,0.18,0.00,0.18,160,160,0,0.00,0.00,0.00,0.00,0.00,0.00,-1.00,-1.00,0.00,-1.00,-1.00,0.00,-1.00,-1.00,0.00,2.46E-1,1.024E+5,0.00E+0,1.33E-2,-1.00,0.00E+0,1.33E-2,0x0004,0x0000,0x007F,0x0214,0x0000,0x0001,0x0000,0x0000,0x0000,0x0000,0x0000,0x0004,0x0000,0x0000,0x0000,0x0000,0x0000,0x0000,1512
12:00:49 PM,6,0.00,0,0.00,-1.67,0.00,0.00,100.00,-1.00,-1.00,-1.00,0,1,1,100,0,-1,0.18,0.00,0.18,160,160,0,0.00,0.00,0.00,0.00,0.00,0.00,-1.00,-1.00,0.00,-1.00,-1.00,0.00,-1.00,-1.00,0.00,2.42E-1,1.024E+5,0.00E+0,1.33E-2,-1.00,0.00E+0,1.33E-2,0x0004,0x0000,0x007F,0x0214,0x0000,0x0001,0x0000,0x0000,0x0000,0x0000,0x0000,0x0004,0x0000,0x0000,0x0000,0x0000,0x0000,0x0000,1513
12:00:54 PM,6,0.00,0,0.00,-1.67,0.00,0.00,100.00,-1.00,-1.00,-1.00,0,1,1,100,0,-1,0.18,0.00,0.18,160,160,0,0.00,0.00,0.00,0.00,0.00,0.00,-1.00,-1.00,0.00,-1.00,-1.00,0.00,-1.00,-1.00,0.00,2.46E-1,1.024E+5,0.00E+0,1.33E-2,-1.00,0.00E+0,1.33E-2,0x0004,0x0000,0x007F,0x0214,0x0000,0x0001,0x0000,0x0000,0x0000,0x0000,0x0000,0x0004,0x0000,0x0000,0x0000,0x0000,0x0000,0x0000,1514
12:00:59 PM,6,0.00,0,0.00,-1.67,0.00,0.00,100.00,-1.00,-1.00,-1.00,0,1,1,100,0,-1,0.18,0.00,0.18,160,160,0,0.00,0.00,0.00,0.00,0.00,0.00,-1.00,-1.00,0.00,-1.00,-1.00,0.00,-1.00,-1.00,0.00,2.44E-1,1.024E+5,0.00E+0,1.33E-2,-1.00,0.00E+0,1.33E-2,0x0004,0x0000,0x007F,0x0214,0x0000,0x0001,0x0000,0x0000,0x0000,0x0000,0x0000,0x0004,0x0000,0x0000,0x0000,0x0000,0x0000,0x0000,1515
12:01:04 PM,6,0.00,0,0.00,-1.67,0.00,0.00,100.00,-1.00,-1.00,-1.00,0,1,1,100,0,-1,0.18,0.00,0.18,160,160,0,0.00,0.00,0.00,0.00,0.00,0.00,-1.00,-1.00,0.00,-1.00,-1.00,0.00,-1.00,-1.00,0.00,2.46E-1,1.024E+5,0.00E+0,1.33E-2,-1.00,0.00E+0,1.33E-2,0x0004,0x0000,0x007F,0x0214,0x0000,0x0001,0x0000,0x0000,0x0000,0x0000,0x0000,0x0004,0x0000,0x0000,0x0000,0x0000,0x0000,0x0000,1516
11:58:05 AM,6,0.00,0,0.00,-1.67,0.00,0.00,100.00,-1.00,-1.00,-1.00,0,1,1,100,0,-1,0.18,0.00,0.18,160,160,0,0.00,0.00,0.00,0.00,0.00,0.00,-1.00,-1.00,0.00,-1.00,-1.00,0.00,-1.00,-1.00,0.00,2.44E-1,1.024E+5,0.00E+0,1.33E-2,-1.00,0.00E+0,1.33E-2,0x0004,0x0000,0x007F,0x0214,0x0000,0x0001,0x0000,0x0000,0x0000,0x0000,0x0000,0x0004,0x0000,0x0000,0x0000,0x0000,0x0000,0x0000,1517
11:58:10 AM,6,0.00,0,0.00,-1.67,0.00,0.00,100.00,-1.00,-1.00,-1.00,0,1,1,100,0,-1,0.18,0.00,0.18,160,160,0,0.00,0.00,0.00,0.00,0.00,0.00,-1.00,-1.00,0.00,-1.00,-1.00,0.00,-1.00,-1.00,0.00,2.42E-1,1.024E+5,0.00E+0,1.33E-2,-1.00,0.00E+0,1.33E-2,0x0004,0x0000,0x007F,0x0214,0x0000,0x0001,0x0000,0x0000,0x0000,0x0000,0x0000,0x0004,0x0000,0x0000,0x0000,0x0000,0x0000,0x0000,1518
11:58:15 AM,6,0.00,0,0.00,-1.67,0.00,0.00,100.00,-1.00,-1.00,-1.00,0,1,1,100,0,-1,0.18,0.00,0.18,160,160,0,0.00,0.00,0.00,0.00,0.00,0.00,-1.00,-1.00,0.00,-1.00,-1.00,0.00,-1.00,-1.00,0.00,2.42E-1,1.024E+5,0.00E+0,1.33E-2,-1.00,0.00E+0,1.33E-2,0x0004,0x0000,0x007F,0x0214,0x0000,0x0001,0x0000,0x0000,0x0000,0x0000,0x0000,0x0004,0x0000,0x0000,0x0000,0x0000,0x0000,0x0000,1519
11:58:20 AM,6,0.00,0,0.00,-1.67,0.00,0.00,100.00,-1.00,-1.00,-1.00,0,1,1,100,0,-1,0.18,0.00,0.18,160,160,0,0.00,0.00,0.00,0.00,0.00,0.00,-1.00,-1.00,0.00,-1.00,-1.00,0.00,-1.00,-1.00,0.00,2.46E-1,1.024E+5,0.00E+0,1.33E-2,-1.00,0.00E+0,1.33E-2,0x0004,0x0000,0x007F,0x0214,0x0000,0x0001,0x0000,0x0000,0x0000,0x0000,0x0000,0x0004,0x0000,0x0000,0x0000,0x0000,0x0000,0x0000,1520
11:58:25 AM,6,0.00,0,0.00,-1.67,0.00,0.00,100.00,-1.00,-1.00,-1.00,0,1,1,100,0,-1,0.18,0.00,0.18,160,160,0,0.00,0.00,0.00,0.00,0.00,0.00,-1.00,-1.00,0.00,-1.00,-1.00,0.00,-1.00,-1.00,0.00,2.46E-1,1.024E+5,0.00E+0,1.33E-2,-1.00,0.00E+0,1.33E-2,0x0004,0x0000,0x007F,0x0214,0x0000,0x0001,0x0000,0x0000,0x0000,0x0000,0x0000,0x0004,0x0000,0x0000,0x0000,0x0000,0x0000,0x0000,1521
11:58:30 AM,6,0.00,0,0.00,-1.67,0.00,0.00,100.00,-1.00,-1.00,-1.00,0,1,1,100,0,-1,0.18,0.00,0.18,160,160,0,0.00,0.00,0.00,0.00,0.00,0.00,-1.00,-1.00,0.00,-1.00,-1.00,0.00,-1.00,-1.00,0.00,2.46E-1,1.024E+5,0.00E+0,1.33E-2,-1.00,0.00E+0,1.33E-2,0x0004,0x0000,0x007F,0x0214,0x0000,0x0001,0x0000,0x0000,0x0000,0x0000,0x0000,0x0004,0x0000,0x0000,0x0000,0x0000,0x0000,0x0000,1522
11:58:35 AM,6,0.00,0,0.00,-1.67,0.00,0.00,100.00,-1.00,-1.00,-1.00,0,1,1,100,0,-1,0.18,0.00,0.18,160,160,0,0.00,0.00,0.00,0.00,0.00,0.00,-1.00,-1.00,0.00,-1.00,-1.00,0.00,-1.00,-1.00,0.00,2.44E-1,1.024E+5,0.00E+0,1.33E-2,-1.00,0.00E+0,1.33E-2,0x0004,0x0000,0x007F,0x0214,0x0000,0x0001,0x0000,0x0000,0x0000,0x0000,0x0000,0x0004,0x0000,0x0000,0x0000,0x0000,0x0000,0x0000,1523
11:58:40 AM,6,0.00,0,0.00,-1.67,0.00,0.00,100.00,-1.00,-1.00,-1.00,0,1,1,100,0,-1,0.18,0.00,0.18,160,160,0,0.00,0.00,0.00,0.00,0.00,0.00,-1.00,-1.00,0.00,-1.00,-1.00,0.00,-1.00,-1.00,0.00,2.42E-1,1.024E+5,0.00E+0,1.33E-2,-1.00,0.00E+0,1.33E-2,0x0004,0x0000,0x007F,0x0214,0x0000,0x0001,0x0000,0x0000,0x0000,0x0000,0x0000,0x0004,0x0000,0x0000,0x0000,0x0000,0x0000,0x0000,1524
11:58:45 AM,6,0.00,0,0.00,-1.67,0.00,0.00,100.00,-1.00,-1.00,-1.00,0,1,1,100,0,-1,0.18,0.00,0.18,160,160,0,0.00,0.00,0.00,0.00,0.00,0.00,-1.00,-1.00,0.00,-1.00,-1.00,0.00,-1.00,-1.00,0.00,2.40E-1,1.024E+5,0.00E+0,1.33E-2,-1.00,0.00E+0,1.33E-2,0x0004,0x0000,0x007F,0x0214,0x0000,0x0001,0x0000,0x0000,0x0000,0x0000,0x0000,0x0004,0x0000,0x0000,0x0000,0x0000,0x0000,0x0000,1525
11:58:50 AM,6,0.00,0,0.00,-1.67,0.00,0.00,100.00,-1.00,-1.00,-1.00,0,1,1,100,0,-1,0.18,0.00,0.18,160,160,0,0.00,0.00,0.00,0.00,0.00,0.00,-1.00,-1.00,0.00,-1.00,-1.00,0.00,-1.00,-1.00,0.00,2.42E-1,1.024E+5,0.00E+0,1.33E-2,-1.00,0.00E+0,1.33E-2,0x0004,0x0000,0x007F,0x0214,0x0000,0x0001,0x0000,0x0000,0x0000,0x0000,0x0000,0x0004,0x0000,0x0000,0x0000,0x0000,0x0000,0x0000,1526
11:58:55 AM,6,0.00,0,0.00,-1.67,0.00,0.00,100.00,-1.00,-1.00,-1.00,0,1,1,100,0,-1,0.18,0.00,0.18,160,160,0,0.00,0.00,0.00,0.00,0.00,0.00,-1.00,-1.00,0.00,-1.00,-1.00,0.00,-1.00,-1.00,0.00,2.44E-1,1.024E+5,0.00E+0,1.33E-2,-1.00,0.00E+0,1.33E-2,0x0004,0x0000,0x007F,0x0214,0x0000,0x0001,0x0000,0x0000,0x0000,0x0000,0x0000,0x0004,0x0000,0x0000,0x0000,0x0000,0x0000,0x0000,1527
11:59:00 AM,6,0.00,0,0.00,-1.67,0.00,0.00,100.00,-1.00,-1.00,-1.00,0,1,1,100,0,-1,0.18,0.00,0.18,160,160,0,0.00,0.00,0.00,0.00,0.00,0.00,-1.00,-1.00,0.00,-1.00,-1.00,0.00,-1.00,-1.00,0.00,2.37E-1,1.024E+5,0.00E+0,1.33E-2,-1.00,0.00E+0,1.33E-2,0x0004,0x0000,0x007F,0x0214,0x0000,0x0001,0x0000,0x0000,0x0000,0x0000,0x0000,0x0004,0x0000,0x0000,0x0000,0x0000,0x0000,0x0000,1528
11:59:05 AM,6,0.00,0,0.00,-1.67,0.00,0.00,100.00,-1.00,-1.00,-1.00,0,1,1,100,0,-1,0.18,0.00,0.18,160,160,0,0.00,0.00,0.00,0.00,0.00,0.00,-1.00,-1.00,0.00,-1.00,-1.00,0.00,-1.00,-1.00,0.00,2.44E-1,1.024E+5,0.00E+0,1.33E-2,-1.00,0.00E+0,1.33E-2,0x0004,0x0000,0x007F,0x0214,0x0000,0x0001,0x0000,0x0000,0x0000,0x0000,0x0000,0x0004,0x0000,0x0000,0x0000,0x0000,0x0000,0x0000,1529
11:59:10 AM,6,0.00,0,0.00,-1.67,0.00,0.00,100.00,-1.00,-1.00,-1.00,0,1,1,100,0,-1,0.18,0.00,0.18,160,160,0,0.00,0.00,0.00,0.00,0.00,0.00,-1.00,-1.00,0.00,-1.00,-1.00,0.00,-1.00,-1.00,0.00,2.46E-1,1.024E+5,0.00E+0,1.33E-2,-1.00,0.00E+0,1.33E-2,0x0004,0x0000,0x007F,0x0214,0x0000,0x0001,0x0000,0x0000,0x0000,0x0000,0x0000,0x0004,0x0000,0x0000,0x0000,0x0000,0x0000,0x0000,1530
11:59:15 AM,6,0.00,0,0.00,-1.67,0.00,0.00,100.00,-1.00,-1.00,-1.00,0,1,1,100,0,-1,0.18,0.00,0.18,160,160,0,0.00,0.00,0.00,0.00,0.00,0.00,-1.00,-1.00,0.00,-1.00,-1.00,0.00,-1.00,-1.00,0.00,2.46E-1,1.024E+5,0.00E+0,1.33E-2,-1.00,0.00E+0,1.33E-2,0x0004,0x0000,0x007F,0x0214,0x0000,0x0001,0x0000,0x0000,0x0000,0x0000,0x0000,0x0004,0x0000,0x0000,0x0000,0x0000,0x0000,0x0000,1531
11:59:20 AM,6,0.00,0,0.00,-1.67,0.00,0.00,100.00,-1.00,-1.00,-1.00,0,1,1,100,0,-1,0.18,0.00,0.18,160,160,0,0.00,0.00,0.00,0.00,0.00,0.00,-1.00,-1.00,0.00,-1.00,-1.00,0.00,-1.00,-1.00,0.00,2.46E-1,1.024E+5,0.00E+0,1.33E-2,-1.00,0.00E+0,1.33E-2,0x0004,0x0000,0x007F,0x0214,0x0000,0x0001,0x0000,0x0000,0x0000,0x0000,0x0000,0x0004,0x0000,0x0000,0x0000,0x0000,0x0000,0x0000,1532
11:59:25 AM,6,0.00,0,0.00,-1.67,0.00,0.00,100.00,-1.00,-1.00,-1.00,0,1,1,100,0,-1,0.18,0.00,0.18,160,160,0,0.00,0.00,0.00,0.00,0.00,0.00,-1.00,-1.00,0.00,-1.00,-1.00,0.00,-1.00,-1.00,0.00,2.42E-1,1.024E+5,0.00E+0,1.33E-2,-1.00,0.00E+0,1.33E-2,0x0004,0x0000,0x007F,0x0214,0x0000,0x0001,0x0000,0x0000,0x0000,0x0000,0x0000,0x0004,0x0000,0x0000,0x0000,0x0000,0x0000,0x0000,1533
11:59:30 AM,6,0.00,0,0.00,-1.67,0.00,0.00,100.00,-1.00,-1.00,-1.00,0,1,1,100,0,-1,0.18,0.00,0.18,160,160,0,0.00,0.00,0.00,0.00,0.00,0.00,-1.00,-1.00,0.00,-1.00,-1.00,0.00,-1.00,-1.00,0.00,2.42E-1,1.024E+5,0.00E+0,1.33E-2,-1.00,0.00E+0,1.33E-2,0x0004,0x0000,0x007F,0x0214,0x0000,0x0001,0x0000,0x0000,0x0000,0x0000,0x0000,0x0004,0x0000,0x0000,0x0000,0x0000,0x0000,0x0000,1534
11:59:35 AM,6,0.00,0,0.00,-1.67,0.00,0.00,100.00,-1.00,-1.00,-1.00,0,1,1,100,0,-1,0.18,0.00,0.18,160,160,0,0.00,0.00,0.00,0.00,0.00,0.00,-1.00,-1.00,0.00,-1.00,-1.00,0.00,-1.00,-1.00,0.00,2.42E-1,1.024E+5,0.00E+0,1.33E-2,-1.00,0.00E+0,1.33E-2,0x0004,0x0000,0x007F,0x0214,0x0000,0x0001,0x0000,0x0000,0x0000,0x0000,0x0000,0x0004,0x0000,0x0000,0x0000,0x0000,0x0000,0x0000,1535
11:59:39 AM,6,0.00,0,0.00,-1.67,0.00,0.00,100.00,-1.00,-1.00,-1.00,0,1,1,100,0,-1,0.18,0.00,0.18,160,160,0,0.00,0.00,0.00,0.00,0.00,0.00,-1.00,-1.00,0.00,-1.00,-1.00,0.00,-1.00,-1.00,0.00,2.46E-1,1.024E+5,0.00E+0,1.33E-2,-1.00,0.00E+0,1.33E-2,0x0004,0x0000,0x007F,0x0214,0x0000,0x0001,0x0000,0x0000,0x0000,0x0000,0x0000,0x0004,0x0000,0x0000,0x0000,0x0000,0x0000,0x0000,1536
11:59:44 AM,6,0.00,0,0.00,-1.67,0.00,0.00,100.00,-1.00,-1.00,-1.00,0,1,1,100,0,-1,0.18,0.00,0.18,160,160,0,0.00,0.00,0.00,0.00,0.00,0.00,-1.00,-1.00,0.00,-1.00,-1.00,0.00,-1.00,-1.00,0.00,2.46E-1,1.024E+5,0.00E+0,1.33E-2,-1.00,0.00E+0,1.33E-2,0x0004,0x0000,0x007F,0x0214,0x0000,0x0001,0x0000,0x0000,0x0000,0x0000,0x0000,0x0004,0x0000,0x0000,0x0000,0x0000,0x0000,0x0000,1537
11:59:49 AM,6,0.00,0,0.00,-1.67,0.00,0.00,100.00,-1.00,-1.00,-1.00,0,1,1,100,0,-1,0.18,0.00,0.18,160,160,0,0.00,0.00,0.00,0.00,0.00,0.00,-1.00,-1.00,0.00,-1.00,-1.00,0.00,-1.00,-1.00,0.00,2.42E-1,1.024E+5,0.00E+0,1.33E-2,-1.00,0.00E+0,1.33E-2,0x0004,0x0000,0x007F,0x0214,0x0000,0x0001,0x0000,0x0000,0x0000,0x0000,0x0000,0x0004,0x0000,0x0000,0x0000,0x0000,0x0000,0x0000,1538
11:59:54 AM,6,0.00,0,0.00,-1.67,0.00,0.00,100.00,-1.00,-1.00,-1.00,0,1,1,100,0,-1,0.18,0.00,0.18,160,160,0,0.00,0.00,0.00,0.00,0.00,0.00,-1.00,-1.00,0.00,-1.00,-1.00,0.00,-1.00,-1.00,0.00,2.42E-1,1.024E+5,0.00E+0,1.33E-2,-1.00,0.00E+0,1.33E-2,0x0004,0x0000,0x007F,0x0214,0x0000,0x0001,0x0000,0x0000,0x0000,0x0000,0x0000,0x0004,0x0000,0x0000,0x0000,0x0000,0x0000,0x0000,1539
11:59:59 AM,6,0.00,0,0.00,-1.67,0.00,0.00,100.00,-1.00,-1.00,-1.00,0,1,1,100,0,-1,0.18,0.00,0.18,160,160,0,0.00,0.00,0.00,0.00,0.00,0.00,-1.00,-1.00,0.00,-1.00,-1.00,0.00,-1.00,-1.00,0.00,2.48E-1,1.024E+5,0.00E+0,1.33E-2,-1.00,0.00E+0,1.33E-2,0x0004,0x0000,0x007F,0x0214,0x0000,0x0001,0x0000,0x0000,0x0000,0x0000,0x0000,0x0004,0x0000,0x0000,0x0000,0x0000,0x0000,0x0000,1540
12:00:04 PM,6,0.00,0,0.00,-1.67,0.00,0.00,100.00,-1.00,-1.00,-1.00,0,1,1,100,0,-1,0.18,0.00,0.18,160,160,0,0.00,0.00,0.00,0.00,0.00,0.00,-1.00,-1.00,0.00,-1.00,-1.00,0.00,-1.00,-1.00,0.00,2.42E-1,1.024E+5,0.00E+0,1.33E-2,-1.00,0.00E+0,1.33E-2,0x0004,0x0000,0x007F,0x0214,0x0000,0x0001,0x0000,0x0000,0x0000,0x0000,0x0000,0x0004,0x0000,0x0000,0x0000,0x0000,0x0000,0x0000,1541
12:00:09 PM,6,0.00,0,0.00,-1.67,0.00,0.00,100.00,-1.00,-1.00,-1.00,0,1,1,100,0,-1,0.18,0.00,0.18,160,160,0,0.00,0.00,0.00,0.00,0.00,0.00,-1.00,-1.00,0.00,-1.00,-1.00,0.00,-1.00,-1.00,0.00,2.46E-1,1.024E+5,0.00E+0,1.33E-2,-1.00,0.00E+0,1.33E-2,0x0004,0x0000,0x007F,0x0214,0x0000,0x0001,0x0000,0x0000,0x0000,0x0000,0x0000,0x0004,0x0000,0x0000,0x0000,0x0000,0x0000,0x0000,1542
12:00:14 PM,6,0.00,0,0.00,-1.67,0.00,0.00,100.00,-1.00,-1.00,-1.00,0,1,1,100,0,-1,0.18,0.00,0.18,160,160,0,0.00,0.00,0.00,0.00,0.00,0.00,-1.00,-1.00,0.00,-1.00,-1.00,0.00,-1.00,-1.00,0.00,2.42E-1,1.024E+5,0.00E+0,1.33E-2,-1.00,0.00E+0,1.33E-2,0x0004,0x0000,0x007F,0x0214,0x0000,0x0001,0x0000,0x0000,0x0000,0x0000,0x0000,0x0004,0x0000,0x0000,0x0000,0x0000,0x0000,0x0000,1543
12:00:19 PM,6,0.00,0,0.00,-1.67,0.00,0.00,100.00,-1.00,-1.00,-1.00,0,1,1,100,0,-1,0.18,0.00,0.18,160,160,0,0.00,0.00,0.00,0.00,0.00,0.00,-1.00,-1.00,0.00,-1.00,-1.00,0.00,-1.00,-1.00,0.00,2.44E-1,1.024E+5,0.00E+0,1.33E-2,-1.00,0.00E+0,1.33E-2,0x0004,0x0000,0x007F,0x0214,0x0000,0x0001,0x0000,0x0000,0x0000,0x0000,0x0000,0x0004,0x0000,0x0000,0x0000,0x0000,0x0000,0x0000,1544
12:00:24 PM,6,0.00,0,0.00,-1.67,0.00,0.00,100.00,-1.00,-1.00,-1.00,0,1,1,100,0,-1,0.18,0.00,0.18,160,160,0,0.00,0.00,0.00,0.00,0.00,0.00,-1.00,-1.00,0.00,-1.00,-1.00,0.00,-1.00,-1.00,0.00,2.46E-1,1.024E+5,0.00E+0,1.33E-2,-1.00,0.00E+0,1.33E-2,0x0004,0x0000,0x007F,0x0214,0x0000,0x0001,0x0000,0x0000,0x0000,0x0000,0x0000,0x0004,0x0000,0x0000,0x0000,0x0000,0x0000,0x0000,1545
12:00:29 PM,6,0.00,0,0.00,-1.67,0.00,0.00,100.00,-1.00,-1.00,-1.00,0,1,1,100,0,-1,0.18,0.00,0.18,160,160,0,0.00,0.00,0.00,0.00,0.00,0.00,-1.00,-1.00,0.00,-1.00,-1.00,0.00,-1.00,-1.00,0.00,2.51E-1,1.024E+5,0.00E+0,1.33E-2,-1.00,0.00E+0,1.33E-2,0x0004,0x0000,0x007F,0x0214,0x0000,0x0001,0x0000,0x0000,0x0000,0x0000,0x0000,0x0004,0x0000,0x0000,0x0000,0x0000,0x0000,0x0000,1546
12:00:34 PM,6,0.00,0,0.00,-1.67,0.00,0.00,100.00,-1.00,-1.00,-1.00,0,1,1,100,0,-1,0.18,0.00,0.18,160,160,0,0.00,0.00,0.00,0.00,0.00,0.00,-1.00,-1.00,0.00,-1.00,-1.00,0.00,-1.00,-1.00,0.00,2.46E-1,1.024E+5,0.00E+0,1.33E-2,-1.00,0.00E+0,1.33E-2,0x0004,0x0000,0x007F,0x0214,0x0000,0x0001,0x0000,0x0000,0x0000,0x0000,0x0000,0x0004,0x0000,0x0000,0x0000,0x0000,0x0000,0x0000,1547
12:00:39 PM,6,0.00,0,0.00,-1.67,0.00,0.00,100.00,-1.00,-1.00,-1.00,0,1,1,100,0,-1,0.18,0.00,0.18,160,160,0,0.00,0.00,0.00,0.00,0.00,0.00,-1.00,-1.00,0.00,-1.00,-1.00,0.00,-1.00,-1.00,0.00,2.46E-1,1.024E+5,0.00E+0,1.33E-2,-1.00,0.00E+0,1.33E-2,0x0004,0x0000,0x007F,0x0214,0x0000,0x0001,0x0000,0x0000,0x0000,0x0000,0x0000,0x0004,0x0000,0x0000,0x0000,0x0000,0x0000,0x0000,1548
12:00:44 PM,6,0.00,0,0.00,-1.67,0.00,0.00,100.00,-1.00,-1.00,-1.00,0,1,1,100,0,-1,0.18,0.00,0.18,160,160,0,0.00,0.00,0.00,0.00,0.00,0.00,-1.00,-1.00,0.00,-1.00,-1.00,0.00,-1.00,-1.00,0.00,2.46E-1,1.024E+5,0.00E+0,1.33E-2,-1.00,0.00E+0,1.33E-2,0x0004,0x0000,0x007F,0x0214,0x0000,0x0001,0x0000,0x0000,0x0000,0x0000,0x0000,0x0004,0x0000,0x0000,0x0000,0x0000,0x0000,0x0000,1549
12:00:49 PM,6,0.00,0,0.00,-1.67,0.00,0.00,100.00,-1.00,-1.00,-1.00,0,1,1,100,0,-1,0.18,0.00,0.18,160,160,0,0.00,0.00,0.00,0.00,0.00,0.00,-1.00,-1.00,0.00,-1.00,-1.00,0.00,-1.00,-1.00,0.00,2.42E-1,1.024E+5,0.00E+0,1.33E-2,-1.00,0.00E+0,1.33E-2,0x0004,0x0000,0x007F,0x0214,0x0000,0x0001,0x0000,0x0000,0x0000,0x0000,0x0000,0x0004,0x0000,0x0000,0x0000,0x0000,0x0000,0x0000,1550
12:00:54 PM,6,0.00,0,0.00,-1.67,0.00,0.00,100.00,-1.00,-1.00,-1.00,0,1,1,100,0,-1,0.18,0.00,0.18,160,160,0,0.00,0.00,0.00,0.00,0.00,0.00,-1.00,-1.00,0.00,-1.00,-1.00,0.00,-1.00,-1.00,0.00,2.46E-1,1.024E+5,0.00E+0,1.33E-2,-1.00,0.00E+0,1.33E-2,0x0004,0x0000,0x007F,0x0214,0x0000,0x0001,0x0000,0x0000,0x0000,0x0000,0x0000,0x0004,0x0000,0x0000,0x0000,0x0000,0x0000,0x0000,1551
12:00:59 PM,6,0.00,0,0.00,-1.67,0.00,0.00,100.00,-1.00,-1.00,-1.00,0,1,1,100,0,-1,0.18,0.00,0.18,160,160,0,0.00,0.00,0.00,0.00,0.00,0.00,-1.00,-1.00,0.00,-1.00,-1.00,0.00,-1.00,-1.00,0.00,2.44E-1,1.024E+5,0.00E+0,1.33E-2,-1.00,0.00E+0,1.33E-2,0x0004,0x0000,0x007F,0x0214,0x0000,0x0001,0x0000,0x0000,0x0000,0x0000,0x0000,0x0004,0x0000,0x0000,0x0000,0x0000,0x0000,0x0000,1552
12:01:04 PM,6,0.00,0,0.00,-1.67,0.00,0.00,100.00,-1.00,-1.00,-1.00,0,1,1,100,0,-1,0.18,0.00,0.18,160,160,0,0.00,0.00,0.00,0.00,0.00,0.00,-1.00,-1.00,0.00,-1.00,-1.00,0.00,-1.00,-1.00,0.00,2.46E-1,1.024E+5,0.00E+0,1.33E-2,-1.00,0.00E+0,1.33E-2,0x0004,0x0000,0x007F,0x0214,0x0000,0x0001,0x0000,0x0000,0x0000,0x0000,0x0000,0x0004,0x0000,0x0000,0x0000,0x0000,0x0000,0x0000,1553
11:58:05 AM,6,0.00,0,0.00,-1.67,0.00,0.00,100.00,-1.00,-1.00,-1.00,0,1,1,100,0,-1,0.18,0.00,0.18,160,160,0,0.00,0.00,0.00,0.00,0.00,0.00,-1.00,-1.00,0.00,-1.00,-1.00,0.00,-1.00,-1.00,0.00,2.44E-1,1.024E+5,0.00E+0,1.33E-2,-1.00,0.00E+0,1.33E-2,0x0004,0x0000,0x007F,0x0214,0x0000,0x0001,0x0000,0x0000,0x0000,0x0000,0x0000,0x0004,0x0000,0x0000,0x0000,0x0000,0x0000,0x0000,1554
11:58:10 AM,6,0.00,0,0.00,-1.67,0.00,0.00,100.00,-1.00,-1.00,-1.00,0,1,1,100,0,-1,0.18,0.00,0.18,160,160,0,0.00,0.00,0.00,0.00,0.00,0.00,-1.00,-1.00,0.00,-1.00,-1.00,0.00,-1.00,-1.00,0.00,2.42E-1,1.024E+5,0.00E+0,1.33E-2,-1.00,0.00E+0,1.33E-2,0x0004,0x0000,0x007F,0x0214,0x0000,0x0001,0x0000,0x0000,0x0000,0x0000,0x0000,0x0004,0x0000,0x0000,0x0000,0x0000,0x0000,0x0000,1555
11:58:15 AM,6,0.00,0,0.00,-1.67,0.00,0.00,100.00,-1.00,-1.00,-1.00,0,1,1,100,0,-1,0.18,0.00,0.18,160,160,0,0.00,0.00,0.00,0.00,0.00,0.00,-1.00,-1.00,0.00,-1.00,-1.00,0.00,-1.00,-1.00,0.00,2.42E-1,1.024E+5,0.00E+0,1.33E-2,-1.00,0.00E+0,1.33E-2,0x0004,0x0000,0x007F,0x0214,0x0000,0x0001,0x0000,0x0000,0x0000,0x0000,0x0000,0x0004,0x0000,0x0000,0x0000,0x0000,0x0000,0x0000,1556
11:58:20 AM,6,0.00,0,0.00,-1.67,0.00,0.00,100.00,-1.00,-1.00,-1.00,0,1,1,100,0,-1,0.18,0.00,0.18,160,160,0,0.00,0.00,0.00,0.00,0.00,0.00,-1.00,-1.00,0.00,-1.00,-1.00,0.00,-1.00,-1.00,0.00,2.46E-1,1.024E+5,0.00E+0,1.33E-2,-1.00,0.00E+0,1.33E-2,0x0004,0x0000,0x007F,0x0214,0x0000,0x0001,0x0000,0x0000,0x0000,0x0000,0x0000,0x0004,0x0000,0x0000,0x0000,0x0000,0x0000,0x0000,1557
11:58:25 AM,6,0.00,0,0.00,-1.67,0.00,0.00,100.00,-1.00,-1.00,-1.00,0,1,1,100,0,-1,0.18,0.00,0.18,160,160,0,0.00,0.00,0.00,0.00,0.00,0.00,-1.00,-1.00,0.00,-1.00,-1.00,0.00,-1.00,-1.00,0.00,2.46E-1,1.024E+5,0.00E+0,1.33E-2,-1.00,0.00E+0,1.33E-2,0x0004,0x0000,0x007F,0x0214,0x0000,0x0001,0x0000,0x0000,0x0000,0x0000,0x0000,0x0004,0x0000,0x0000,0x0000,0x0000,0x0000,0x0000,1558
11:58:30 AM,6,0.00,0,0.00,-1.67,0.00,0.00,100.00,-1.00,-1.00,-1.00,0,1,1,100,0,-1,0.18,0.00,0.18,160,160,0,0.00,0.00,0.00,0.00,0.00,0.00,-1.00,-1.00,0.00,-1.00,-1.00,0.00,-1.00,-1.00,0.00,2.46E-1,1.024E+5,0.00E+0,1.33E-2,-1.00,0.00E+0,1.33E-2,0x0004,0x0000,0x007F,0x0214,0x0000,0x0001,0x0000,0x0000,0x0000,0x0000,0x0000,0x0004,0x0000,0x0000,0x0000,0x0000,0x0000,0x0000,1559
11:58:35 AM,6,0.00,0,0.00,-1.67,0.00,0.00,100.00,-1.00,-1.00,-1.00,0,1,1,100,0,-1,0.18,0.00,0.18,160,160,0,0.00,0.00,0.00,0.00,0.00,0.00,-1.00,-1.00,0.00,-1.00,-1.00,0.00,-1.00,-1.00,0.00,2.44E-1,1.024E+5,0.00E+0,1.33E-2,-1.00,0.00E+0,1.33E-2,0x0004,0x0000,0x007F,0x0214,0x0000,0x0001,0x0000,0x0000,0x0000,0x0000,0x0000,0x0004,0x0000,0x0000,0x0000,0x0000,0x0000,0x0000,1560
11:58:40 AM,6,0.00,0,0.00,-1.67,0.00,0.00,100.00,-1.00,-1.00,-1.00,0,1,1,100,0,-1,0.18,0.00,0.18,160,160,0,0.00,0.00,0.00,0.00,0.00,0.00,-1.00,-1.00,0.00,-1.00,-1.00,0.00,-1.00,-1.00,0.00,2.42E-1,1.024E+5,0.00E+0,1.33E-2,-1.00,0.00E+0,1.33E-2,0x0004,0x0000,0x007F,0x0214,0x0000,0x0001,0x0000,0x0000,0x0000,0x0000,0x0000,0x0004,0x0000,0x0000,0x0000,0x0000,0x0000,0x0000,1561
11:58:45 AM,6,0.00,0,0.00,-1.67,0.00,0.00,100.00,-1.00,-1.00,-1.00,0,1,1,100,0,-1,0.18,0.00,0.18,160,160,0,0.00,0.00,0.00,0.00,0.00,0.00,-1.00,-1.00,0.00,-1.00,-1.00,0.00,-1.00,-1.00,0.00,2.40E-1,1.024E+5,0.00E+0,1.33E-2,-1.00,0.00E+0,1.33E-2,0x0004,0x0000,0x007F,0x0214,0x0000,0x0001,0x0000,0x0000,0x0000,0x0000,0x0000,0x0004,0x0000,0x0000,0x0000,0x0000,0x0000,0x0000,1562
11:58:50 AM,6,0.00,0,0.00,-1.67,0.00,0.00,100.00,-1.00,-1.00,-1.00,0,1,1,100,0,-1,0.18,0.00,0.18,160,160,0,0.00,0.00,0.00,0.00,0.00,0.00,-1.00,-1.00,0.00,-1.00,-1.00,0.00,-1.00,-1.00,0.00,2.42E-1,1.024E+5,0.00E+0,1.33E-2,-1.00,0.00E+0,1.33E-2,0x0004,0x0000,0x007F,0x0214,0x0000,0x0001,0x0000,0x0000,0x0000,0x0000,0x0000,0x0004,0x0000,0x0000,0x0000,0x0000,0x0000,0x0000,1563
11:58:55 AM,6,0.00,0,0.00,-1.67,0.00,0.00,100.00,-1.00,-1.00,-1.00,0,1,1,100,0,-1,0.18,0.00,0.18,160,160,0,0.00,0.00,0.00,0.00,0.00,0.00,-1.00,-1.00,0.00,-1.00,-1.00,0.00,-1.00,-1.00,0.00,2.44E-1,1.024E+5,0.00E+0,1.33E-2,-1.00,0.00E+0,1.33E-2,0x0004,0x0000,0x007F,0x0214,0x0000,0x0001,0x0000,0x0000,0x0000,0x0000,0x0000,0x0004,0x0000,0x0000,0x0000,0x0000,0x0000,0x0000,1564
11:59:00 AM,6,0.00,0,0.00,-1.67,0.00,0.00,100.00,-1.00,-1.00,-1.00,0,1,1,100,0,-1,0.18,0.00,0.18,160,160,0,0.00,0.00,0.00,0.00,0.00,0.00,-1.00,-1.00,0.00,-1.00,-1.00,0.00,-1.00,-1.00,0.00,2.37E-1,1.024E+5,0.00E+0,1.33E-2,-1.00,0.00E+0,1.33E-2,0x0004,0x0000,0x007F,0x0214,0x0000,0x0001,0x0000,0x0000,0x0000,0x0000,0x0000,0x0004,0x0000,0x0000,0x0000,0x0000,0x0000,0x0000,1565
11:59:05 AM,6,0.00,0,0.00,-1.67,0.00,0.00,100.00,-1.00,-1.00,-1.00,0,1,1,100,0,-1,0.18,0.00,0.18,160,160,0,0.00,0.00,0.00,0.00,0.00,0.00,-1.00,-1.00,0.00,-1.00,-1.00,0.00,-1.00,-1.00,0.00,2.44E-1,1.024E+5,0.00E+0,1.33E-2,-1.00,0.00E+0,1.33E-2,0x0004,0x0000,0x007F,0x0214,0x0000,0x0001,0x0000,0x0000,0x0000,0x0000,0x0000,0x0004,0x0000,0x0000,0x0000,0x0000,0x0000,0x0000,1566
11:59:10 AM,6,0.00,0,0.00,-1.67,0.00,0.00,100.00,-1.00,-1.00,-1.00,0,1,1,100,0,-1,0.18,0.00,0.18,160,160,0,0.00,0.00,0.00,0.00,0.00,0.00,-1.00,-1.00,0.00,-1.00,-1.00,0.00,-1.00,-1.00,0.00,2.46E-1,1.024E+5,0.00E+0,1.33E-2,-1.00,0.00E+0,1.33E-2,0x0004,0x0000,0x007F,0x0214,0x0000,0x0001,0x0000,0x0000,0x0000,0x0000,0x0000,0x0004,0x0000,0x0000,0x0000,0x0000,0x0000,0x0000,1567
11:59:15 AM,6,0.00,0,0.00,-1.67,0.00,0.00,100.00,-1.00,-1.00,-1.00,0,1,1,100,0,-1,0.18,0.00,0.18,160,160,0,0.00,0.00,0.00,0.00,0.00,0.00,-1.00,-1.00,0.00,-1.00,-1.00,0.00,-1.00,-1.00,0.00,2.46E-1,1.024E+5,0.00E+0,1.33E-2,-1.00,0.00E+0,1.33E-2,0x0004,0x0000,0x007F,0x0214,0x0000,0x0001,0x0000,0x0000,0x0000,0x0000,0x0000,0x0004,0x0000,0x0000,0x0000,0x0000,0x0000,0x0000,1568
11:59:20 AM,6,0.00,0,0.00,-1.67,0.00,0.00,100.00,-1.00,-1.00,-1.00,0,1,1,100,0,-1,0.18,0.00,0.18,160,160,0,0.00,0.00,0.00,0.00,0.00,0.00,-1.00,-1.00,0.00,-1.00,-1.00,0.00,-1.00,-1.00,0.00,2.46E-1,1.024E+5,0.00E+0,1.33E-2,-1.00,0.00E+0,1.33E-2,0x0004,0x0000,0x007F,0x0214,0x0000,0x0001,0x0000,0x0000,0x0000,0x0000,0x0000,0x0004,0x0000,0x0000,0x0000,0x0000,0x0000,0x0000,1569
11:59:25 AM,6,0.00,0,0.00,-1.67,0.00,0.00,100.00,-1.00,-1.00,-1.00,0,1,1,100,0,-1,0.18,0.00,0.18,160,160,0,0.00,0.00,0.00,0.00,0.00,0.00,-1.00,-1.00,0.00,-1.00,-1.00,0.00,-1.00,-1.00,0.00,2.42E-1,1.024E+5,0.00E+0,1.33E-2,-1.00,0.00E+0,1.33E-2,0x0004,0x0000,0x007F,0x0214,0x0000,0x0001,0x0000,0x0000,0x0000,0x0000,0x0000,0x0004,0x0000,0x0000,0x0000,0x0000,0x0000,0x0000,1570
11:59:30 AM,6,0.00,0,0.00,-1.67,0.00,0.00,100.00,-1.00,-1.00,-1.00,0,1,1,100,0,-1,0.18,0.00,0.18,160,160,0,0.00,0.00,0.00,0.00,0.00,0.00,-1.00,-1.00,0.00,-1.00,-1.00,0.00,-1.00,-1.00,0.00,2.42E-1,1.024E+5,0.00E+0,1.33E-2,-1.00,0.00E+0,1.33E-2,0x0004,0x0000,0x007F,0x0214,0x0000,0x0001,0x0000,0x0000,0x0000,0x0000,0x0000,0x0004,0x0000,0x0000,0x0000,0x0000,0x0000,0x0000,1571
11:59:35 AM,6,0.00,0,0.00,-1.67,0.00,0.00,100.00,-1.00,-1.00,-1.00,0,1,1,100,0,-1,0.18,0.00,0.18,160,160,0,0.00,0.00,0.00,0.00,0.00,0.00,-1.00,-1.00,0.00,-1.00,-1.00,0.00,-1.00,-1.00,0.00,2.42E-1,1.024E+5,0.00E+0,1.33E-2,-1.00,0.00E+0,1.33E-2,0x0004,0x0000,0x007F,0x0214,0x0000,0x0001,0x0000,0x0000,0x0000,0x0000,0x0000,0x0004,0x0000,0x0000,0x0000,0x0000,0x0000,0x0000,1572
11:59:39 AM,6,0.00,0,0.00,-1.67,0.00,0.00,100.00,-1.00,-1.00,-1.00,0,1,1,100,0,-1,0.18,0.00,0.18,160,160,0,0.00,0.00,0.00,0.00,0.00,0.00,-1.00,-1.00,0.00,-1.00,-1.00,0.00,-1.00,-1.00,0.00,2.46E-1,1.024E+5,0.00E+0,1.33E-2,-1.00,0.00E+0,1.33E-2,0x0004,0x0000,0x007F,0x0214,0x0000,0x0001,0x0000,0x0000,0x0000,0x0000,0x0000,0x0004,0x0000,0x0000,0x0000,0x0000,0x0000,0x0000,1573
11:59:44 AM,6,0.00,0,0.00,-1.67,0.00,0.00,100.00,-1.00,-1.00,-1.00,0,1,1,100,0,-1,0.18,0.00,0.18,160,160,0,0.00,0.00,0.00,0.00,0.00,0.00,-1.00,-1.00,0.00,-1.00,-1.00,0.00,-1.00,-1.00,0.00,2.46E-1,1.024E+5,0.00E+0,1.33E-2,-1.00,0.00E+0,1.33E-2,0x0004,0x0000,0x007F,0x0214,0x0000,0x0001,0x0000,0x0000,0x0000,0x0000,0x0000,0x0004,0x0000,0x0000,0x0000,0x0000,0x0000,0x0000,1574
11:59:49 AM,6,0.00,0,0.00,-1.67,0.00,0.00,100.00,-1.00,-1.00,-1.00,0,1,1,100,0,-1,0.18,0.00,0.18,160,160,0,0.00,0.00,0.00,0.00,0.00,0.00,-1.00,-1.00,0.00,-1.00,-1.00,0.00,-1.00,-1.00,0.00,2.42E-1,1.024E+5,0.00E+0,1.33E-2,-1.00,0.00E+0,1.33E-2,0x0004,0x0000,0x007F,0x0214,0x0000,0x0001,0x0000,0x0000,0x0000,0x0000,0x0000,0x0004,0x0000,0x0000,0x0000,0x0000,0x0000,0x0000,1575
11:59:54 AM,6,0.00,0,0.00,-1.67,0.00,0.00,100.00,-1.00,-1.00,-1.00,0,1,1,100,0,-1,0.18,0.00,0.18,160,160,0,0.00,0.00,0.00,0.00,0.00,0.00,-1.00,-1.00,0.00,-1.00,-1.00,0.00,-1.00,-1.00,0.00,2.42E-1,1.024E+5,0.00E+0,1.33E-2,-1.00,0.00E+0,1.33E-2,0x0004,0x0000,0x007F,0x0214,0x0000,0x0001,0x0000,0x0000,0x0000,0x0000,0x0000,0x0004,0x0000,0x0000,0x0000,0x0000,0x0000,0x0000,1576
11:59:59 AM,6,0.00,0,0.00,-1.67,0.00,0.00,100.00,-1.00,-1.00,-1.00,0,1,1,100,0,-1,0.18,0.00,0.18,160,160,0,0.00,0.00,0.00,0.00,0.00,0.00,-1.00,-1.00,0.00,-1.00,-1.00,0.00,-1.00,-1.00,0.00,2.48E-1,1.024E+5,0.00E+0,1.33E-2,-1.00,0.00E+0,1.33E-2,0x0004,0x0000,0x007F,0x0214,0x0000,0x0001,0x0000,0x0000,0x0000,0x0000,0x0000,0x0004,0x0000,0x0000,0x0000,0x0000,0x0000,0x0000,1577
12:00:04 PM,6,0.00,0,0.00,-1.67,0.00,0.00,100.00,-1.00,-1.00,-1.00,0,1,1,100,0,-1,0.18,0.00,0.18,160,160,0,0.00,0.00,0.00,0.00,0.00,0.00,-1.00,-1.00,0.00,-1.00,-1.00,0.00,-1.00,-1.00,0.00,2.42E-1,1.024E+5,0.00E+0,1.33E-2,-1.00,0.00E+0,1.33E-2,0x0004,0x0000,0x007F,0x0214,0x0000,0x0001,0x0000,0x0000,0x0000,0x0000,0x0000,0x0004,0x0000,0x0000,0x0000,0x0000,0x0000,0x0000,1578
12:00:09 PM,6,0.00,0,0.00,-1.67,0.00,0.00,100.00,-1.00,-1.00,-1.00,0,1,1,100,0,-1,0.18,0.00,0.18,160,160,0,0.00,0.00,0.00,0.00,0.00,0.00,-1.00,-1.00,0.00,-1.00,-1.00,0.00,-1.00,-1.00,0.00,2.46E-1,1.024E+5,0.00E+0,1.33E-2,-1.00,0.00E+0,1.33E-2,0x0004,0x0000,0x007F,0x0214,0x0000,0x0001,0x0000,0x0000,0x0000,0x0000,0x0000,0x0004,0x0000,0x0000,0x0000,0x0000,0x0000,0x0000,1579
12:00:14 PM,6,0.00,0,0.00,-1.67,0.00,0.00,100.00,-1.00,-1.00,-1.00,0,1,1,100,0,-1,0.18,0.00,0.18,160,160,0,0.00,0.00,0.00,0.00,0.00,0.00,-1.00,-1.00,0.00,-1.00,-1.00,0.00,-1.00,-1.00,0.00,2.42E-1,1.024E+5,0.00E+0,1.33E-2,-1.00,0.00E+0,1.33E-2,0x0004,0x0000,0x007F,0x0214,0x0000,0x0001,0x0000,0x0000,0x0000,0x0000,0x0000,0x0004,0x0000,0x0000,0x0000,0x0000,0x0000,0x0000,1580
12:00:19 PM,6,0.00,0,0.00,-1.67,0.00,0.00,100.00,-1.00,-1.00,-1.00,0,1,1,100,0,-1,0.18,0.00,0.18,160,160,0,0.00,0.00,0.00,0.00,0.00,0.00,-1.00,-1.00,0.00,-1.00,-1.00,0.00,-1.00,-1.00,0.00,2.44E-1,1.024E+5,0.00E+0,1.33E-2,-1.00,0.00E+0,1.33E-2,0x0004,0x0000,0x007F,0x0214,0x0000,0x0001,0x0000,0x0000,0x0000,0x0000,0x0000,0x0004,0x0000,0x0000,0x0000,0x0000,0x0000,0x0000,1581
12:00:24 PM,6,0.00,0,0.00,-1.67,0.00,0.00,100.00,-1.00,-1.00,-1.00,0,1,1,100,0,-1,0.18,0.00,0.18,160,160,0,0.00,0.00,0.00,0.00,0.00,0.00,-1.00,-1.00,0.00,-1.00,-1.00,0.00,-1.00,-1.00,0.00,2.46E-1,1.024E+5,0.00E+0,1.33E-2,-1.00,0.00E+0,1.33E-2,0x0004,0x0000,0x007F,0x0214,0x0000,0x0001,0x0000,0x0000,0x0000,0x0000,0x0000,0x0004,0x0000,0x0000,0x0000,0x0000,0x0000,0x0000,1582
12:00:29 PM,6,0.00,0,0.00,-1.67,0.00,0.00,100.00,-1.00,-1.00,-1.00,0,1,1,100,0,-1,0.18,0.00,0.18,160,160,0,0.00,0.00,0.00,0.00,0.00,0.00,-1.00,-1.00,0.00,-1.00,-1.00,0.00,-1.00,-1.00,0.00,2.51E-1,1.024E+5,0.00E+0,1.33E-2,-1.00,0.00E+0,1.33E-2,0x0004,0x0000,0x007F,0x0214,0x0000,0x0001,0x0000,0x0000,0x0000,0x0000,0x0000,0x0004,0x0000,0x0000,0x0000,0x0000,0x0000,0x0000,1583
12:00:34 PM,6,0.00,0,0.00,-1.67,0.00,0.00,100.00,-1.00,-1.00,-1.00,0,1,1,100,0,-1,0.18,0.00,0.18,160,160,0,0.00,0.00,0.00,0.00,0.00,0.00,-1.00,-1.00,0.00,-1.00,-1.00,0.00,-1.00,-1.00,0.00,2.46E-1,1.024E+5,0.00E+0,1.33E-2,-1.00,0.00E+0,1.33E-2,0x0004,0x0000,0x007F,0x0214,0x0000,0x0001,0x0000,0x0000,0x0000,0x0000,0x0000,0x0004,0x0000,0x0000,0x0000,0x0000,0x0000,0x0000,1584
12:00:39 PM,6,0.00,0,0.00,-1.67,0.00,0.00,100.00,-1.00,-1.00,-1.00,0,1,1,100,0,-1,0.18,0.00,0.18,160,160,0,0.00,0.00,0.00,0.00,0.00,0.00,-1.00,-1.00,0.00,-1.00,-1.00,0.00,-1.00,-1.00,0.00,2.46E-1,1.024E+5,0.00E+0,1.33E-2,-1.00,0.00E+0,1.33E-2,0x0004,0x0000,0x007F,0x0214,0x0000,0x0001,0x0000,0x0000,0x0000,0x0000,0x0000,0x0004,0x0000,0x0000,0x0000,0x0000,0x0000,0x0000,1585
12:00:44 PM,6,0.00,0,0.00,-1.67,0.00,0.00,100.00,-1.00,-1.00,-1.00,0,1,1,100,0,-1,0.18,0.00,0.18,160,160,0,0.00,0.00,0.00,0.00,0.00,0.00,-1.00,-1.00,0.00,-1.00,-1.00,0.00,-1.00,-1.00,0.00,2.46E-1,1.024E+5,0.00E+0,1.33E-2,-1.00,0.00E+0,1.33E-2,0x0004,0x0000,0x007F,0x0214,0x0000,0x0001,0x0000,0x0000,0x0000,0x0000,0x0000,0x0004,0x0000,0x0000,0x0000,0x0000,0x0000,0x0000,1586
12:00:49 PM,6,0.00,0,0.00,-1.67,0.00,0.00,100.00,-1.00,-1.00,-1.00,0,1,1,100,0,-1,0.18,0.00,0.18,160,160,0,0.00,0.00,0.00,0.00,0.00,0.00,-1.00,-1.00,0.00,-1.00,-1.00,0.00,-1.00,-1.00,0.00,2.42E-1,1.024E+5,0.00E+0,1.33E-2,-1.00,0.00E+0,1.33E-2,0x0004,0x0000,0x007F,0x0214,0x0000,0x0001,0x0000,0x0000,0x0000,0x0000,0x0000,0x0004,0x0000,0x0000,0x0000,0x0000,0x0000,0x0000,1587
12:00:54 PM,6,0.00,0,0.00,-1.67,0.00,0.00,100.00,-1.00,-1.00,-1.00,0,1,1,100,0,-1,0.18,0.00,0.18,160,160,0,0.00,0.00,0.00,0.00,0.00,0.00,-1.00,-1.00,0.00,-1.00,-1.00,0.00,-1.00,-1.00,0.00,2.46E-1,1.024E+5,0.00E+0,1.33E-2,-1.00,0.00E+0,1.33E-2,0x0004,0x0000,0x007F,0x0214,0x0000,0x0001,0x0000,0x0000,0x0000,0x0000,0x0000,0x0004,0x0000,0x0000,0x0000,0x0000,0x0000,0x0000,1588
12:00:59 PM,6,0.00,0,0.00,-1.67,0.00,0.00,100.00,-1.00,-1.00,-1.00,0,1,1,100,0,-1,0.18,0.00,0.18,160,160,0,0.00,0.00,0.00,0.00,0.00,0.00,-1.00,-1.00,0.00,-1.00,-1.00,0.00,-1.00,-1.00,0.00,2.44E-1,1.024E+5,0.00E+0,1.33E-2,-1.00,0.00E+0,1.33E-2,0x0004,0x0000,0x007F,0x0214,0x0000,0x0001,0x0000,0x0000,0x0000,0x0000,0x0000,0x0004,0x0000,0x0000,0x0000,0x0000,0x0000,0x0000,1589
12:01:04 PM,6,0.00,0,0.00,-1.67,0.00,0.00,100.00,-1.00,-1.00,-1.00,0,1,1,100,0,-1,0.18,0.00,0.18,160,160,0,0.00,0.00,0.00,0.00,0.00,0.00,-1.00,-1.00,0.00,-1.00,-1.00,0.00,-1.00,-1.00,0.00,2.46E-1,1.024E+5,0.00E+0,1.33E-2,-1.00,0.00E+0,1.33E-2,0x0004,0x0000,0x007F,0x0214,0x0000,0x0001,0x0000,0x0000,0x0000,0x0000,0x0000,0x0004,0x0000,0x0000,0x0000,0x0000,0x0000,0x0000,1590
11:58:05 AM,6,0.00,0,0.00,-1.67,0.00,0.00,100.00,-1.00,-1.00,-1.00,0,1,1,100,0,-1,0.18,0.00,0.18,160,160,0,0.00,0.00,0.00,0.00,0.00,0.00,-1.00,-1.00,0.00,-1.00,-1.00,0.00,-1.00,-1.00,0.00,2.44E-1,1.024E+5,0.00E+0,1.33E-2,-1.00,0.00E+0,1.33E-2,0x0004,0x0000,0x007F,0x0214,0x0000,0x0001,0x0000,0x0000,0x0000,0x0000,0x0000,0x0004,0x0000,0x0000,0x0000,0x0000,0x0000,0x0000,1591
11:58:10 AM,6,0.00,0,0.00,-1.67,0.00,0.00,100.00,-1.00,-1.00,-1.00,0,1,1,100,0,-1,0.18,0.00,0.18,160,160,0,0.00,0.00,0.00,0.00,0.00,0.00,-1.00,-1.00,0.00,-1.00,-1.00,0.00,-1.00,-1.00,0.00,2.42E-1,1.024E+5,0.00E+0,1.33E-2,-1.00,0.00E+0,1.33E-2,0x0004,0x0000,0x007F,0x0214,0x0000,0x0001,0x0000,0x0000,0x0000,0x0000,0x0000,0x0004,0x0000,0x0000,0x0000,0x0000,0x0000,0x0000,1592
11:58:15 AM,6,0.00,0,0.00,-1.67,0.00,0.00,100.00,-1.00,-1.00,-1.00,0,1,1,100,0,-1,0.18,0.00,0.18,160,160,0,0.00,0.00,0.00,0.00,0.00,0.00,-1.00,-1.00,0.00,-1.00,-1.00,0.00,-1.00,-1.00,0.00,2.42E-1,1.024E+5,0.00E+0,1.33E-2,-1.00,0.00E+0,1.33E-2,0x0004,0x0000,0x007F,0x0214,0x0000,0x0001,0x0000,0x0000,0x0000,0x0000,0x0000,0x0004,0x0000,0x0000,0x0000,0x0000,0x0000,0x0000,1593
11:58:20 AM,6,0.00,0,0.00,-1.67,0.00,0.00,100.00,-1.00,-1.00,-1.00,0,1,1,100,0,-1,0.18,0.00,0.18,160,160,0,0.00,0.00,0.00,0.00,0.00,0.00,-1.00,-1.00,0.00,-1.00,-1.00,0.00,-1.00,-1.00,0.00,2.46E-1,1.024E+5,0.00E+0,1.33E-2,-1.00,0.00E+0,1.33E-2,0x0004,0x0000,0x007F,0x0214,0x0000,0x0001,0x0000,0x0000,0x0000,0x0000,0x0000,0x0004,0x0000,0x0000,0x0000,0x0000,0x0000,0x0000,1594
11:58:25 AM,6,0.00,0,0.00,-1.67,0.00,0.00,100.00,-1.00,-1.00,-1.00,0,1,1,100,0,-1,0.18,0.00,0.18,160,160,0,0.00,0.00,0.00,0.00,0.00,0.00,-1.00,-1.00,0.00,-1.00,-1.00,0.00,-1.00,-1.00,0.00,2.46E-1,1.024E+5,0.00E+0,1.33E-2,-1.00,0.00E+0,1.33E-2,0x0004,0x0000,0x007F,0x0214,0x0000,0x0001,0x0000,0x0000,0x0000,0x0000,0x0000,0x0004,0x0000,0x0000,0x0000,0x0000,0x0000,0x0000,1595
11:58:30 AM,6,0.00,0,0.00,-1.67,0.00,0.00,100.00,-1.00,-1.00,-1.00,0,1,1,100,0,-1,0.18,0.00,0.18,160,160,0,0.00,0.00,0.00,0.00,0.00,0.00,-1.00,-1.00,0.00,-1.00,-1.00,0.00,-1.00,-1.00,0.00,2.46E-1,1.024E+5,0.00E+0,1.33E-2,-1.00,0.00E+0,1.33E-2,0x0004,0x0000,0x007F,0x0214,0x0000,0x0001,0x0000,0x0000,0x0000,0x0000,0x0000,0x0004,0x0000,0x0000,0x0000,0x0000,0x0000,0x0000,1596
11:58:35 AM,6,0.00,0,0.00,-1.67,0.00,0.00,100.00,-1.00,-1.00,-1.00,0,1,1,100,0,-1,0.18,0.00,0.18,160,160,0,0.00,0.00,0.00,0.00,0.00,0.00,-1.00,-1.00,0.00,-1.00,-1.00,0.00,-1.00,-1.00,0.00,2.44E-1,1.024E+5,0.00E+0,1.33E-2,-1.00,0.00E+0,1.33E-2,0x0004,0x0000,0x007F,0x0214,0x0000,0x0001,0x0000,0x0000,0x0000,0x0000,0x0000,0x0004,0x0000,0x0000,0x0000,0x0000,0x0000,0x0000,1597
11:58:40 AM,6,0.00,0,0.00,-1.67,0.00,0.00,100.00,-1.00,-1.00,-1.00,0,1,1,100,0,-1,0.18,0.00,0.18,160,160,0,0.00,0.00,0.00,0.00,0.00,0.00,-1.00,-1.00,0.00,-1.00,-1.00,0.00,-1.00,-1.00,0.00,2.42E-1,1.024E+5,0.00E+0,1.33E-2,-1.00,0.00E+0,1.33E-2,0x0004,0x0000,0x007F,0x0214,0x0000,0x0001,0x0000,0x0000,0x0000,0x0000,0x0000,0x0004,0x0000,0x0000,0x0000,0x0000,0x0000,0x0000,1598
11:58:45 AM,6,0.00,0,0.00,-1.67,0.00,0.00,100.00,-1.00,-1.00,-1.00,0,1,1,100,0,-1,0.18,0.00,0.18,160,160,0,0.00,0.00,0.00,0.00,0.00,0.00,-1.00,-1.00,0.00,-1.00,-1.00,0.00,-1.00,-1.00,0.00,2.40E-1,1.024E+5,0.00E+0,1.33E-2,-1.00,0.00E+0,1.33E-2,0x0004,0x0000,0x007F,0x0214,0x0000,0x0001,0x0000,0x0000,0x0000,0x0000,0x0000,0x0004,0x0000,0x0000,0x0000,0x0000,0x0000,0x0000,1599
11:58:50 AM,6,0.00,0,0.00,-1.67,0.00,0.00,100.00,-1.00,-1.00,-1.00,0,1,1,100,0,-1,0.18,0.00,0.18,160,160,0,0.00,0.00,0.00,0.00,0.00,0.00,-1.00,-1.00,0.00,-1.00,-1.00,0.00,-1.00,-1.00,0.00,2.42E-1,1.024E+5,0.00E+0,1.33E-2,-1.00,0.00E+0,1.33E-2,0x0004,0x0000,0x007F,0x0214,0x0000,0x0001,0x0000,0x0000,0x0000,0x0000,0x0000,0x0004,0x0000,0x0000,0x0000,0x0000,0x0000,0x0000,1600
11:58:55 AM,6,0.00,0,0.00,-1.67,0.00,0.00,100.00,-1.00,-1.00,-1.00,0,1,1,100,0,-1,0.18,0.00,0.18,160,160,0,0.00,0.00,0.00,0.00,0.00,0.00,-1.00,-1.00,0.00,-1.00,-1.00,0.00,-1.00,-1.00,0.00,2.44E-1,1.024E+5,0.00E+0,1.33E-2,-1.00,0.00E+0,1.33E-2,0x0004,0x0000,0x007F,0x0214,0x0000,0x0001,0x0000,0x0000,0x0000,0x0000,0x0000,0x0004,0x0000,0x0000,0x0000,0x0000,0x0000,0x0000,1601
11:59:00 AM,6,0.00,0,0.00,-1.67,0.00,0.00,100.00,-1.00,-1.00,-1.00,0,1,1,100,0,-1,0.18,0.00,0.18,160,160,0,0.00,0.00,0.00,0.00,0.00,0.00,-1.00,-1.00,0.00,-1.00,-1.00,0.00,-1.00,-1.00,0.00,2.37E-1,1.024E+5,0.00E+0,1.33E-2,-1.00,0.00E+0,1.33E-2,0x0004,0x0000,0x007F,0x0214,0x0000,0x0001,0x0000,0x0000,0x0000,0x0000,0x0000,0x0004,0x0000,0x0000,0x0000,0x0000,0x0000,0x0000,1602
11:59:05 AM,6,0.00,0,0.00,-1.67,0.00,0.00,100.00,-1.00,-1.00,-1.00,0,1,1,100,0,-1,0.18,0.00,0.18,160,160,0,0.00,0.00,0.00,0.00,0.00,0.00,-1.00,-1.00,0.00,-1.00,-1.00,0.00,-1.00,-1.00,0.00,2.44E-1,1.024E+5,0.00E+0,1.33E-2,-1.00,0.00E+0,1.33E-2,0x0004,0x0000,0x007F,0x0214,0x0000,0x0001,0x0000,0x0000,0x0000,0x0000,0x0000,0x0004,0x0000,0x0000,0x0000,0x0000,0x0000,0x0000,1603
11:59:10 AM,6,0.00,0,0.00,-1.67,0.00,0.00,100.00,-1.00,-1.00,-1.00,0,1,1,100,0,-1,0.18,0.00,0.18,160,160,0,0.00,0.00,0.00,0.00,0.00,0.00,-1.00,-1.00,0.00,-1.00,-1.00,0.00,-1.00,-1.00,0.00,2.46E-1,1.024E+5,0.00E+0,1.33E-2,-1.00,0.00E+0,1.33E-2,0x0004,0x0000,0x007F,0x0214,0x0000,0x0001,0x0000,0x0000,0x0000,0x0000,0x0000,0x0004,0x0000,0x0000,0x0000,0x0000,0x0000,0x0000,1604
11:59:15 AM,6,0.00,0,0.00,-1.67,0.00,0.00,100.00,-1.00,-1.00,-1.00,0,1,1,100,0,-1,0.18,0.00,0.18,160,160,0,0.00,0.00,0.00,0.00,0.00,0.00,-1.00,-1.00,0.00,-1.00,-1.00,0.00,-1.00,-1.00,0.00,2.46E-1,1.024E+5,0.00E+0,1.33E-2,-1.00,0.00E+0,1.33E-2,0x0004,0x0000,0x007F,0x0214,0x0000,0x0001,0x0000,0x0000,0x0000,0x0000,0x0000,0x0004,0x0000,0x0000,0x0000,0x0000,0x0000,0x0000,1605
11:59:20 AM,6,0.00,0,0.00,-1.67,0.00,0.00,100.00,-1.00,-1.00,-1.00,0,1,1,100,0,-1,0.18,0.00,0.18,160,160,0,0.00,0.00,0.00,0.00,0.00,0.00,-1.00,-1.00,0.00,-1.00,-1.00,0.00,-1.00,-1.00,0.00,2.46E-1,1.024E+5,0.00E+0,1.33E-2,-1.00,0.00E+0,1.33E-2,0x0004,0x0000,0x007F,0x0214,0x0000,0x0001,0x0000,0x0000,0x0000,0x0000,0x0000,0x0004,0x0000,0x0000,0x0000,0x0000,0x0000,0x0000,1606
11:59:25 AM,6,0.00,0,0.00,-1.67,0.00,0.00,100.00,-1.00,-1.00,-1.00,0,1,1,100,0,-1,0.18,0.00,0.18,160,160,0,0.00,0.00,0.00,0.00,0.00,0.00,-1.00,-1.00,0.00,-1.00,-1.00,0.00,-1.00,-1.00,0.00,2.42E-1,1.024E+5,0.00E+0,1.33E-2,-1.00,0.00E+0,1.33E-2,0x0004,0x0000,0x007F,0x0214,0x0000,0x0001,0x0000,0x0000,0x0000,0x0000,0x0000,0x0004,0x0000,0x0000,0x0000,0x0000,0x0000,0x0000,1607
11:59:30 AM,6,0.00,0,0.00,-1.67,0.00,0.00,100.00,-1.00,-1.00,-1.00,0,1,1,100,0,-1,0.18,0.00,0.18,160,160,0,0.00,0.00,0.00,0.00,0.00,0.00,-1.00,-1.00,0.00,-1.00,-1.00,0.00,-1.00,-1.00,0.00,2.42E-1,1.024E+5,0.00E+0,1.33E-2,-1.00,0.00E+0,1.33E-2,0x0004,0x0000,0x007F,0x0214,0x0000,0x0001,0x0000,0x0000,0x0000,0x0000,0x0000,0x0004,0x0000,0x0000,0x0000,0x0000,0x0000,0x0000,1608
11:59:35 AM,6,0.00,0,0.00,-1.67,0.00,0.00,100.00,-1.00,-1.00,-1.00,0,1,1,100,0,-1,0.18,0.00,0.18,160,160,0,0.00,0.00,0.00,0.00,0.00,0.00,-1.00,-1.00,0.00,-1.00,-1.00,0.00,-1.00,-1.00,0.00,2.42E-1,1.024E+5,0.00E+0,1.33E-2,-1.00,0.00E+0,1.33E-2,0x0004,0x0000,0x007F,0x0214,0x0000,0x0001,0x0000,0x0000,0x0000,0x0000,0x0000,0x0004,0x0000,0x0000,0x0000,0x0000,0x0000,0x0000,1609
11:59:39 AM,6,0.00,0,0.00,-1.67,0.00,0.00,100.00,-1.00,-1.00,-1.00,0,1,1,100,0,-1,0.18,0.00,0.18,160,160,0,0.00,0.00,0.00,0.00,0.00,0.00,-1.00,-1.00,0.00,-1.00,-1.00,0.00,-1.00,-1.00,0.00,2.46E-1,1.024E+5,0.00E+0,1.33E-2,-1.00,0.00E+0,1.33E-2,0x0004,0x0000,0x007F,0x0214,0x0000,0x0001,0x0000,0x0000,0x0000,0x0000,0x0000,0x0004,0x0000,0x0000,0x0000,0x0000,0x0000,0x0000,1610
11:59:44 AM,6,0.00,0,0.00,-1.67,0.00,0.00,100.00,-1.00,-1.00,-1.00,0,1,1,100,0,-1,0.18,0.00,0.18,160,160,0,0.00,0.00,0.00,0.00,0.00,0.00,-1.00,-1.00,0.00,-1.00,-1.00,0.00,-1.00,-1.00,0.00,2.46E-1,1.024E+5,0.00E+0,1.33E-2,-1.00,0.00E+0,1.33E-2,0x0004,0x0000,0x007F,0x0214,0x0000,0x0001,0x0000,0x0000,0x0000,0x0000,0x0000,0x0004,0x0000,0x0000,0x0000,0x0000,0x0000,0x0000,1611
11:59:49 AM,6,0.00,0,0.00,-1.67,0.00,0.00,100.00,-1.00,-1.00,-1.00,0,1,1,100,0,-1,0.18,0.00,0.18,160,160,0,0.00,0.00,0.00,0.00,0.00,0.00,-1.00,-1.00,0.00,-1.00,-1.00,0.00,-1.00,-1.00,0.00,2.42E-1,1.024E+5,0.00E+0,1.33E-2,-1.00,0.00E+0,1.33E-2,0x0004,0x0000,0x007F,0x0214,0x0000,0x0001,0x0000,0x0000,0x0000,0x0000,0x0000,0x0004,0x0000,0x0000,0x0000,0x0000,0x0000,0x0000,1612
11:59:54 AM,6,0.00,0,0.00,-1.67,0.00,0.00,100.00,-1.00,-1.00,-1.00,0,1,1,100,0,-1,0.18,0.00,0.18,160,160,0,0.00,0.00,0.00,0.00,0.00,0.00,-1.00,-1.00,0.00,-1.00,-1.00,0.00,-1.00,-1.00,0.00,2.42E-1,1.024E+5,0.00E+0,1.33E-2,-1.00,0.00E+0,1.33E-2,0x0004,0x0000,0x007F,0x0214,0x0000,0x0001,0x0000,0x0000,0x0000,0x0000,0x0000,0x0004,0x0000,0x0000,0x0000,0x0000,0x0000,0x0000,1613
11:59:59 AM,6,0.00,0,0.00,-1.67,0.00,0.00,100.00,-1.00,-1.00,-1.00,0,1,1,100,0,-1,0.18,0.00,0.18,160,160,0,0.00,0.00,0.00,0.00,0.00,0.00,-1.00,-1.00,0.00,-1.00,-1.00,0.00,-1.00,-1.00,0.00,2.48E-1,1.024E+5,0.00E+0,1.33E-2,-1.00,0.00E+0,1.33E-2,0x0004,0x0000,0x007F,0x0214,0x0000,0x0001,0x0000,0x0000,0x0000,0x0000,0x0000,0x0004,0x0000,0x0000,0x0000,0x0000,0x0000,0x0000,1614
12:00:04 PM,6,0.00,0,0.00,-1.67,0.00,0.00,100.00,-1.00,-1.00,-1.00,0,1,1,100,0,-1,0.18,0.00,0.18,160,160,0,0.00,0.00,0.00,0.00,0.00,0.00,-1.00,-1.00,0.00,-1.00,-1.00,0.00,-1.00,-1.00,0.00,2.42E-1,1.024E+5,0.00E+0,1.33E-2,-1.00,0.00E+0,1.33E-2,0x0004,0x0000,0x007F,0x0214,0x0000,0x0001,0x0000,0x0000,0x0000,0x0000,0x0000,0x0004,0x0000,0x0000,0x0000,0x0000,0x0000,0x0000,1615
12:00:09 PM,6,0.00,0,0.00,-1.67,0.00,0.00,100.00,-1.00,-1.00,-1.00,0,1,1,100,0,-1,0.18,0.00,0.18,160,160,0,0.00,0.00,0.00,0.00,0.00,0.00,-1.00,-1.00,0.00,-1.00,-1.00,0.00,-1.00,-1.00,0.00,2.46E-1,1.024E+5,0.00E+0,1.33E-2,-1.00,0.00E+0,1.33E-2,0x0004,0x0000,0x007F,0x0214,0x0000,0x0001,0x0000,0x0000,0x0000,0x0000,0x0000,0x0004,0x0000,0x0000,0x0000,0x0000,0x0000,0x0000,1616
12:00:14 PM,6,0.00,0,0.00,-1.67,0.00,0.00,100.00,-1.00,-1.00,-1.00,0,1,1,100,0,-1,0.18,0.00,0.18,160,160,0,0.00,0.00,0.00,0.00,0.00,0.00,-1.00,-1.00,0.00,-1.00,-1.00,0.00,-1.00,-1.00,0.00,2.42E-1,1.024E+5,0.00E+0,1.33E-2,-1.00,0.00E+0,1.33E-2,0x0004,0x0000,0x007F,0x0214,0x0000,0x0001,0x0000,0x0000,0x0000,0x0000,0x0000,0x0004,0x0000,0x0000,0x0000,0x0000,0x0000,0x0000,1617
12:00:19 PM,6,0.00,0,0.00,-1.67,0.00,0.00,100.00,-1.00,-1.00,-1.00,0,1,1,100,0,-1,0.18,0.00,0.18,160,160,0,0.00,0.00,0.00,0.00,0.00,0.00,-1.00,-1.00,0.00,-1.00,-1.00,0.00,-1.00,-1.00,0.00,2.44E-1,1.024E+5,0.00E+0,1.33E-2,-1.00,0.00E+0,1.33E-2,0x0004,0x0000,0x007F,0x0214,0x0000,0x0001,0x0000,0x0000,0x0000,0x0000,0x0000,0x0004,0x0000,0x0000,0x0000,0x0000,0x0000,0x0000,1618
12:00:24 PM,6,0.00,0,0.00,-1.67,0.00,0.00,100.00,-1.00,-1.00,-1.00,0,1,1,100,0,-1,0.18,0.00,0.18,160,160,0,0.00,0.00,0.00,0.00,0.00,0.00,-1.00,-1.00,0.00,-1.00,-1.00,0.00,-1.00,-1.00,0.00,2.46E-1,1.024E+5,0.00E+0,1.33E-2,-1.00,0.00E+0,1.33E-2,0x0004,0x0000,0x007F,0x0214,0x0000,0x0001,0x0000,0x0000,0x0000,0x0000,0x0000,0x0004,0x0000,0x0000,0x0000,0x0000,0x0000,0x0000,1619
12:00:29 PM,6,0.00,0,0.00,-1.67,0.00,0.00,100.00,-1.00,-1.00,-1.00,0,1,1,100,0,-1,0.18,0.00,0.18,160,160,0,0.00,0.00,0.00,0.00,0.00,0.00,-1.00,-1.00,0.00,-1.00,-1.00,0.00,-1.00,-1.00,0.00,2.51E-1,1.024E+5,0.00E+0,1.33E-2,-1.00,0.00E+0,1.33E-2,0x0004,0x0000,0x007F,0x0214,0x0000,0x0001,0x0000,0x0000,0x0000,0x0000,0x0000,0x0004,0x0000,0x0000,0x0000,0x0000,0x0000,0x0000,1620
12:00:34 PM,6,0.00,0,0.00,-1.67,0.00,0.00,100.00,-1.00,-1.00,-1.00,0,1,1,100,0,-1,0.18,0.00,0.18,160,160,0,0.00,0.00,0.00,0.00,0.00,0.00,-1.00,-1.00,0.00,-1.00,-1.00,0.00,-1.00,-1.00,0.00,2.46E-1,1.024E+5,0.00E+0,1.33E-2,-1.00,0.00E+0,1.33E-2,0x0004,0x0000,0x007F,0x0214,0x0000,0x0001,0x0000,0x0000,0x0000,0x0000,0x0000,0x0004,0x0000,0x0000,0x0000,0x0000,0x0000,0x0000,1621
12:00:39 PM,6,0.00,0,0.00,-1.67,0.00,0.00,100.00,-1.00,-1.00,-1.00,0,1,1,100,0,-1,0.18,0.00,0.18,160,160,0,0.00,0.00,0.00,0.00,0.00,0.00,-1.00,-1.00,0.00,-1.00,-1.00,0.00,-1.00,-1.00,0.00,2.46E-1,1.024E+5,0.00E+0,1.33E-2,-1.00,0.00E+0,1.33E-2,0x0004,0x0000,0x007F,0x0214,0x0000,0x0001,0x0000,0x0000,0x0000,0x0000,0x0000,0x0004,0x0000,0x0000,0x0000,0x0000,0x0000,0x0000,1622
12:00:44 PM,6,0.00,0,0.00,-1.67,0.00,0.00,100.00,-1.00,-1.00,-1.00,0,1,1,100,0,-1,0.18,0.00,0.18,160,160,0,0.00,0.00,0.00,0.00,0.00,0.00,-1.00,-1.00,0.00,-1.00,-1.00,0.00,-1.00,-1.00,0.00,2.46E-1,1.024E+5,0.00E+0,1.33E-2,-1.00,0.00E+0,1.33E-2,0x0004,0x0000,0x007F,0x0214,0x0000,0x0001,0x0000,0x0000,0x0000,0x0000,0x0000,0x0004,0x0000,0x0000,0x0000,0x0000,0x0000,0x0000,1623
12:00:49 PM,6,0.00,0,0.00,-1.67,0.00,0.00,100.00,-1.00,-1.00,-1.00,0,1,1,100,0,-1,0.18,0.00,0.18,160,160,0,0.00,0.00,0.00,0.00,0.00,0.00,-1.00,-1.00,0.00,-1.00,-1.00,0.00,-1.00,-1.00,0.00,2.42E-1,1.024E+5,0.00E+0,1.33E-2,-1.00,0.00E+0,1.33E-2,0x0004,0x0000,0x007F,0x0214,0x0000,0x0001,0x0000,0x0000,0x0000,0x0000,0x0000,0x0004,0x0000,0x0000,0x0000,0x0000,0x0000,0x0000,1624
12:00:54 PM,6,0.00,0,0.00,-1.67,0.00,0.00,100.00,-1.00,-1.00,-1.00,0,1,1,100,0,-1,0.18,0.00,0.18,160,160,0,0.00,0.00,0.00,0.00,0.00,0.00,-1.00,-1.00,0.00,-1.00,-1.00,0.00,-1.00,-1.00,0.00,2.46E-1,1.024E+5,0.00E+0,1.33E-2,-1.00,0.00E+0,1.33E-2,0x0004,0x0000,0x007F,0x0214,0x0000,0x0001,0x0000,0x0000,0x0000,0x0000,0x0000,0x0004,0x0000,0x0000,0x0000,0x0000,0x0000,0x0000,1625
12:00:59 PM,6,0.00,0,0.00,-1.67,0.00,0.00,100.00,-1.00,-1.00,-1.00,0,1,1,100,0,-1,0.18,0.00,0.18,160,160,0,0.00,0.00,0.00,0.00,0.00,0.00,-1.00,-1.00,0.00,-1.00,-1.00,0.00,-1.00,-1.00,0.00,2.44E-1,1.024E+5,0.00E+0,1.33E-2,-1.00,0.00E+0,1.33E-2,0x0004,0x0000,0x007F,0x0214,0x0000,0x0001,0x0000,0x0000,0x0000,0x0000,0x0000,0x0004,0x0000,0x0000,0x0000,0x0000,0x0000,0x0000,1626
12:01:04 PM,6,0.00,0,0.00,-1.67,0.00,0.00,100.00,-1.00,-1.00,-1.00,0,1,1,100,0,-1,0.18,0.00,0.18,160,160,0,0.00,0.00,0.00,0.00,0.00,0.00,-1.00,-1.00,0.00,-1.00,-1.00,0.00,-1.00,-1.00,0.00,2.46E-1,1.024E+5,0.00E+0,1.33E-2,-1.00,0.00E+0,1.33E-2,0x0004,0x0000,0x007F,0x0214,0x0000,0x0001,0x0000,0x0000,0x0000,0x0000,0x0000,0x0004,0x0000,0x0000,0x0000,0x0000,0x0000,0x0000,1627
11:58:05 AM,6,0.00,0,0.00,-1.67,0.00,0.00,100.00,-1.00,-1.00,-1.00,0,1,1,100,0,-1,0.18,0.00,0.18,160,160,0,0.00,0.00,0.00,0.00,0.00,0.00,-1.00,-1.00,0.00,-1.00,-1.00,0.00,-1.00,-1.00,0.00,2.44E-1,1.024E+5,0.00E+0,1.33E-2,-1.00,0.00E+0,1.33E-2,0x0004,0x0000,0x007F,0x0214,0x0000,0x0001,0x0000,0x0000,0x0000,0x0000,0x0000,0x0004,0x0000,0x0000,0x0000,0x0000,0x0000,0x0000,1628
11:58:10 AM,6,0.00,0,0.00,-1.67,0.00,0.00,100.00,-1.00,-1.00,-1.00,0,1,1,100,0,-1,0.18,0.00,0.18,160,160,0,0.00,0.00,0.00,0.00,0.00,0.00,-1.00,-1.00,0.00,-1.00,-1.00,0.00,-1.00,-1.00,0.00,2.42E-1,1.024E+5,0.00E+0,1.33E-2,-1.00,0.00E+0,1.33E-2,0x0004,0x0000,0x007F,0x0214,0x0000,0x0001,0x0000,0x0000,0x0000,0x0000,0x0000,0x0004,0x0000,0x0000,0x0000,0x0000,0x0000,0x0000,1629
11:58:15 AM,6,0.00,0,0.00,-1.67,0.00,0.00,100.00,-1.00,-1.00,-1.00,0,1,1,100,0,-1,0.18,0.00,0.18,160,160,0,0.00,0.00,0.00,0.00,0.00,0.00,-1.00,-1.00,0.00,-1.00,-1.00,0.00,-1.00,-1.00,0.00,2.42E-1,1.024E+5,0.00E+0,1.33E-2,-1.00,0.00E+0,1.33E-2,0x0004,0x0000,0x007F,0x0214,0x0000,0x0001,0x0000,0x0000,0x0000,0x0000,0x0000,0x0004,0x0000,0x0000,0x0000,0x0000,0x0000,0x0000,1630
11:58:20 AM,6,0.00,0,0.00,-1.67,0.00,0.00,100.00,-1.00,-1.00,-1.00,0,1,1,100,0,-1,0.18,0.00,0.18,160,160,0,0.00,0.00,0.00,0.00,0.00,0.00,-1.00,-1.00,0.00,-1.00,-1.00,0.00,-1.00,-1.00,0.00,2.46E-1,1.024E+5,0.00E+0,1.33E-2,-1.00,0.00E+0,1.33E-2,0x0004,0x0000,0x007F,0x0214,0x0000,0x0001,0x0000,0x0000,0x0000,0x0000,0x0000,0x0004,0x0000,0x0000,0x0000,0x0000,0x0000,0x0000,1631
11:58:25 AM,6,0.00,0,0.00,-1.67,0.00,0.00,100.00,-1.00,-1.00,-1.00,0,1,1,100,0,-1,0.18,0.00,0.18,160,160,0,0.00,0.00,0.00,0.00,0.00,0.00,-1.00,-1.00,0.00,-1.00,-1.00,0.00,-1.00,-1.00,0.00,2.46E-1,1.024E+5,0.00E+0,1.33E-2,-1.00,0.00E+0,1.33E-2,0x0004,0x0000,0x007F,0x0214,0x0000,0x0001,0x0000,0x0000,0x0000,0x0000,0x0000,0x0004,0x0000,0x0000,0x0000,0x0000,0x0000,0x0000,1632
11:58:30 AM,6,0.00,0,0.00,-1.67,0.00,0.00,100.00,-1.00,-1.00,-1.00,0,1,1,100,0,-1,0.18,0.00,0.18,160,160,0,0.00,0.00,0.00,0.00,0.00,0.00,-1.00,-1.00,0.00,-1.00,-1.00,0.00,-1.00,-1.00,0.00,2.46E-1,1.024E+5,0.00E+0,1.33E-2,-1.00,0.00E+0,1.33E-2,0x0004,0x0000,0x007F,0x0214,0x0000,0x0001,0x0000,0x0000,0x0000,0x0000,0x0000,0x0004,0x0000,0x0000,0x0000,0x0000,0x0000,0x0000,1633
11:58:35 AM,6,0.00,0,0.00,-1.67,0.00,0.00,100.00,-1.00,-1.00,-1.00,0,1,1,100,0,-1,0.18,0.00,0.18,160,160,0,0.00,0.00,0.00,0.00,0.00,0.00,-1.00,-1.00,0.00,-1.00,-1.00,0.00,-1.00,-1.00,0.00,2.44E-1,1.024E+5,0.00E+0,1.33E-2,-1.00,0.00E+0,1.33E-2,0x0004,0x0000,0x007F,0x0214,0x0000,0x0001,0x0000,0x0000,0x0000,0x0000,0x0000,0x0004,0x0000,0x0000,0x0000,0x0000,0x0000,0x0000,1634
11:58:40 AM,6,0.00,0,0.00,-1.67,0.00,0.00,100.00,-1.00,-1.00,-1.00,0,1,1,100,0,-1,0.18,0.00,0.18,160,160,0,0.00,0.00,0.00,0.00,0.00,0.00,-1.00,-1.00,0.00,-1.00,-1.00,0.00,-1.00,-1.00,0.00,2.42E-1,1.024E+5,0.00E+0,1.33E-2,-1.00,0.00E+0,1.33E-2,0x0004,0x0000,0x007F,0x0214,0x0000,0x0001,0x0000,0x0000,0x0000,0x0000,0x0000,0x0004,0x0000,0x0000,0x0000,0x0000,0x0000,0x0000,1635
11:58:45 AM,6,0.00,0,0.00,-1.67,0.00,0.00,100.00,-1.00,-1.00,-1.00,0,1,1,100,0,-1,0.18,0.00,0.18,160,160,0,0.00,0.00,0.00,0.00,0.00,0.00,-1.00,-1.00,0.00,-1.00,-1.00,0.00,-1.00,-1.00,0.00,2.40E-1,1.024E+5,0.00E+0,1.33E-2,-1.00,0.00E+0,1.33E-2,0x0004,0x0000,0x007F,0x0214,0x0000,0x0001,0x0000,0x0000,0x0000,0x0000,0x0000,0x0004,0x0000,0x0000,0x0000,0x0000,0x0000,0x0000,1636
11:58:50 AM,6,0.00,0,0.00,-1.67,0.00,0.00,100.00,-1.00,-1.00,-1.00,0,1,1,100,0,-1,0.18,0.00,0.18,160,160,0,0.00,0.00,0.00,0.00,0.00,0.00,-1.00,-1.00,0.00,-1.00,-1.00,0.00,-1.00,-1.00,0.00,2.42E-1,1.024E+5,0.00E+0,1.33E-2,-1.00,0.00E+0,1.33E-2,0x0004,0x0000,0x007F,0x0214,0x0000,0x0001,0x0000,0x0000,0x0000,0x0000,0x0000,0x0004,0x0000,0x0000,0x0000,0x0000,0x0000,0x0000,1637
11:58:55 AM,6,0.00,0,0.00,-1.67,0.00,0.00,100.00,-1.00,-1.00,-1.00,0,1,1,100,0,-1,0.18,0.00,0.18,160,160,0,0.00,0.00,0.00,0.00,0.00,0.00,-1.00,-1.00,0.00,-1.00,-1.00,0.00,-1.00,-1.00,0.00,2.44E-1,1.024E+5,0.00E+0,1.33E-2,-1.00,0.00E+0,1.33E-2,0x0004,0x0000,0x007F,0x0214,0x0000,0x0001,0x0000,0x0000,0x0000,0x0000,0x0000,0x0004,0x0000,0x0000,0x0000,0x0000,0x0000,0x0000,1638
11:59:00 AM,6,0.00,0,0.00,-1.67,0.00,0.00,100.00,-1.00,-1.00,-1.00,0,1,1,100,0,-1,0.18,0.00,0.18,160,160,0,0.00,0.00,0.00,0.00,0.00,0.00,-1.00,-1.00,0.00,-1.00,-1.00,0.00,-1.00,-1.00,0.00,2.37E-1,1.024E+5,0.00E+0,1.33E-2,-1.00,0.00E+0,1.33E-2,0x0004,0x0000,0x007F,0x0214,0x0000,0x0001,0x0000,0x0000,0x0000,0x0000,0x0000,0x0004,0x0000,0x0000,0x0000,0x0000,0x0000,0x0000,1639
11:59:05 AM,6,0.00,0,0.00,-1.67,0.00,0.00,100.00,-1.00,-1.00,-1.00,0,1,1,100,0,-1,0.18,0.00,0.18,160,160,0,0.00,0.00,0.00,0.00,0.00,0.00,-1.00,-1.00,0.00,-1.00,-1.00,0.00,-1.00,-1.00,0.00,2.44E-1,1.024E+5,0.00E+0,1.33E-2,-1.00,0.00E+0,1.33E-2,0x0004,0x0000,0x007F,0x0214,0x0000,0x0001,0x0000,0x0000,0x0000,0x0000,0x0000,0x0004,0x0000,0x0000,0x0000,0x0000,0x0000,0x0000,1640
11:59:10 AM,6,0.00,0,0.00,-1.67,0.00,0.00,100.00,-1.00,-1.00,-1.00,0,1,1,100,0,-1,0.18,0.00,0.18,160,160,0,0.00,0.00,0.00,0.00,0.00,0.00,-1.00,-1.00,0.00,-1.00,-1.00,0.00,-1.00,-1.00,0.00,2.46E-1,1.024E+5,0.00E+0,1.33E-2,-1.00,0.00E+0,1.33E-2,0x0004,0x0000,0x007F,0x0214,0x0000,0x0001,0x0000,0x0000,0x0000,0x0000,0x0000,0x0004,0x0000,0x0000,0x0000,0x0000,0x0000,0x0000,1641
11:59:15 AM,6,0.00,0,0.00,-1.67,0.00,0.00,100.00,-1.00,-1.00,-1.00,0,1,1,100,0,-1,0.18,0.00,0.18,160,160,0,0.00,0.00,0.00,0.00,0.00,0.00,-1.00,-1.00,0.00,-1.00,-1.00,0.00,-1.00,-1.00,0.00,2.46E-1,1.024E+5,0.00E+0,1.33E-2,-1.00,0.00E+0,1.33E-2,0x0004,0x0000,0x007F,0x0214,0x0000,0x0001,0x0000,0x0000,0x0000,0x0000,0x0000,0x0004,0x0000,0x0000,0x0000,0x0000,0x0000,0x0000,1642
11:59:20 AM,6,0.00,0,0.00,-1.67,0.00,0.00,100.00,-1.00,-1.00,-1.00,0,1,1,100,0,-1,0.18,0.00,0.18,160,160,0,0.00,0.00,0.00,0.00,0.00,0.00,-1.00,-1.00,0.00,-1.00,-1.00,0.00,-1.00,-1.00,0.00,2.46E-1,1.024E+5,0.00E+0,1.33E-2,-1.00,0.00E+0,1.33E-2,0x0004,0x0000,0x007F,0x0214,0x0000,0x0001,0x0000,0x0000,0x0000,0x0000,0x0000,0x0004,0x0000,0x0000,0x0000,0x0000,0x0000,0x0000,1643
11:59:25 AM,6,0.00,0,0.00,-1.67,0.00,0.00,100.00,-1.00,-1.00,-1.00,0,1,1,100,0,-1,0.18,0.00,0.18,160,160,0,0.00,0.00,0.00,0.00,0.00,0.00,-1.00,-1.00,0.00,-1.00,-1.00,0.00,-1.00,-1.00,0.00,2.42E-1,1.024E+5,0.00E+0,1.33E-2,-1.00,0.00E+0,1.33E-2,0x0004,0x0000,0x007F,0x0214,0x0000,0x0001,0x0000,0x0000,0x0000,0x0000,0x0000,0x0004,0x0000,0x0000,0x0000,0x0000,0x0000,0x0000,1644
11:59:30 AM,6,0.00,0,0.00,-1.67,0.00,0.00,100.00,-1.00,-1.00,-1.00,0,1,1,100,0,-1,0.18,0.00,0.18,160,160,0,0.00,0.00,0.00,0.00,0.00,0.00,-1.00,-1.00,0.00,-1.00,-1.00,0.00,-1.00,-1.00,0.00,2.42E-1,1.024E+5,0.00E+0,1.33E-2,-1.00,0.00E+0,1.33E-2,0x0004,0x0000,0x007F,0x0214,0x0000,0x0001,0x0000,0x0000,0x0000,0x0000,0x0000,0x0004,0x0000,0x0000,0x0000,0x0000,0x0000,0x0000,1645
11:59:35 AM,6,0.00,0,0.00,-1.67,0.00,0.00,100.00,-1.00,-1.00,-1.00,0,1,1,100,0,-1,0.18,0.00,0.18,160,160,0,0.00,0.00,0.00,0.00,0.00,0.00,-1.00,-1.00,0.00,-1.00,-1.00,0.00,-1.00,-1.00,0.00,2.42E-1,1.024E+5,0.00E+0,1.33E-2,-1.00,0.00E+0,1.33E-2,0x0004,0x0000,0x007F,0x0214,0x0000,0x0001,0x0000,0x0000,0x0000,0x0000,0x0000,0x0004,0x0000,0x0000,0x0000,0x0000,0x0000,0x0000,1646
11:59:39 AM,6,0.00,0,0.00,-1.67,0.00,0.00,100.00,-1.00,-1.00,-1.00,0,1,1,100,0,-1,0.18,0.00,0.18,160,160,0,0.00,0.00,0.00,0.00,0.00,0.00,-1.00,-1.00,0.00,-1.00,-1.00,0.00,-1.00,-1.00,0.00,2.46E-1,1.024E+5,0.00E+0,1.33E-2,-1.00,0.00E+0,1.33E-2,0x0004,0x0000,0x007F,0x0214,0x0000,0x0001,0x0000,0x0000,0x0000,0x0000,0x0000,0x0004,0x0000,0x0000,0x0000,0x0000,0x0000,0x0000,1647
11:59:44 AM,6,0.00,0,0.00,-1.67,0.00,0.00,100.00,-1.00,-1.00,-1.00,0,1,1,100,0,-1,0.18,0.00,0.18,160,160,0,0.00,0.00,0.00,0.00,0.00,0.00,-1.00,-1.00,0.00,-1.00,-1.00,0.00,-1.00,-1.00,0.00,2.46E-1,1.024E+5,0.00E+0,1.33E-2,-1.00,0.00E+0,1.33E-2,0x0004,0x0000,0x007F,0x0214,0x0000,0x0001,0x0000,0x0000,0x0000,0x0000,0x0000,0x0004,0x0000,0x0000,0x0000,0x0000,0x0000,0x0000,1648
11:59:49 AM,6,0.00,0,0.00,-1.67,0.00,0.00,100.00,-1.00,-1.00,-1.00,0,1,1,100,0,-1,0.18,0.00,0.18,160,160,0,0.00,0.00,0.00,0.00,0.00,0.00,-1.00,-1.00,0.00,-1.00,-1.00,0.00,-1.00,-1.00,0.00,2.42E-1,1.024E+5,0.00E+0,1.33E-2,-1.00,0.00E+0,1.33E-2,0x0004,0x0000,0x007F,0x0214,0x0000,0x0001,0x0000,0x0000,0x0000,0x0000,0x0000,0x0004,0x0000,0x0000,0x0000,0x0000,0x0000,0x0000,1649
11:59:54 AM,6,0.00,0,0.00,-1.67,0.00,0.00,100.00,-1.00,-1.00,-1.00,0,1,1,100,0,-1,0.18,0.00,0.18,160,160,0,0.00,0.00,0.00,0.00,0.00,0.00,-1.00,-1.00,0.00,-1.00,-1.00,0.00,-1.00,-1.00,0.00,2.42E-1,1.024E+5,0.00E+0,1.33E-2,-1.00,0.00E+0,1.33E-2,0x0004,0x0000,0x007F,0x0214,0x0000,0x0001,0x0000,0x0000,0x0000,0x0000,0x0000,0x0004,0x0000,0x0000,0x0000,0x0000,0x0000,0x0000,1650
11:59:59 AM,6,0.00,0,0.00,-1.67,0.00,0.00,100.00,-1.00,-1.00,-1.00,0,1,1,100,0,-1,0.18,0.00,0.18,160,160,0,0.00,0.00,0.00,0.00,0.00,0.00,-1.00,-1.00,0.00,-1.00,-1.00,0.00,-1.00,-1.00,0.00,2.48E-1,1.024E+5,0.00E+0,1.33E-2,-1.00,0.00E+0,1.33E-2,0x0004,0x0000,0x007F,0x0214,0x0000,0x0001,0x0000,0x0000,0x0000,0x0000,0x0000,0x0004,0x0000,0x0000,0x0000,0x0000,0x0000,0x0000,1651
12:00:04 PM,6,0.00,0,0.00,-1.67,0.00,0.00,100.00,-1.00,-1.00,-1.00,0,1,1,100,0,-1,0.18,0.00,0.18,160,160,0,0.00,0.00,0.00,0.00,0.00,0.00,-1.00,-1.00,0.00,-1.00,-1.00,0.00,-1.00,-1.00,0.00,2.42E-1,1.024E+5,0.00E+0,1.33E-2,-1.00,0.00E+0,1.33E-2,0x0004,0x0000,0x007F,0x0214,0x0000,0x0001,0x0000,0x0000,0x0000,0x0000,0x0000,0x0004,0x0000,0x0000,0x0000,0x0000,0x0000,0x0000,1652
12:00:09 PM,6,0.00,0,0.00,-1.67,0.00,0.00,100.00,-1.00,-1.00,-1.00,0,1,1,100,0,-1,0.18,0.00,0.18,160,160,0,0.00,0.00,0.00,0.00,0.00,0.00,-1.00,-1.00,0.00,-1.00,-1.00,0.00,-1.00,-1.00,0.00,2.46E-1,1.024E+5,0.00E+0,1.33E-2,-1.00,0.00E+0,1.33E-2,0x0004,0x0000,0x007F,0x0214,0x0000,0x0001,0x0000,0x0000,0x0000,0x0000,0x0000,0x0004,0x0000,0x0000,0x0000,0x0000,0x0000,0x0000,1653
12:00:14 PM,6,0.00,0,0.00,-1.67,0.00,0.00,100.00,-1.00,-1.00,-1.00,0,1,1,100,0,-1,0.18,0.00,0.18,160,160,0,0.00,0.00,0.00,0.00,0.00,0.00,-1.00,-1.00,0.00,-1.00,-1.00,0.00,-1.00,-1.00,0.00,2.42E-1,1.024E+5,0.00E+0,1.33E-2,-1.00,0.00E+0,1.33E-2,0x0004,0x0000,0x007F,0x0214,0x0000,0x0001,0x0000,0x0000,0x0000,0x0000,0x0000,0x0004,0x0000,0x0000,0x0000,0x0000,0x0000,0x0000,1654
12:00:19 PM,6,0.00,0,0.00,-1.67,0.00,0.00,100.00,-1.00,-1.00,-1.00,0,1,1,100,0,-1,0.18,0.00,0.18,160,160,0,0.00,0.00,0.00,0.00,0.00,0.00,-1.00,-1.00,0.00,-1.00,-1.00,0.00,-1.00,-1.00,0.00,2.44E-1,1.024E+5,0.00E+0,1.33E-2,-1.00,0.00E+0,1.33E-2,0x0004,0x0000,0x007F,0x0214,0x0000,0x0001,0x0000,0x0000,0x0000,0x0000,0x0000,0x0004,0x0000,0x0000,0x0000,0x0000,0x0000,0x0000,1655
12:00:24 PM,6,0.00,0,0.00,-1.67,0.00,0.00,100.00,-1.00,-1.00,-1.00,0,1,1,100,0,-1,0.18,0.00,0.18,160,160,0,0.00,0.00,0.00,0.00,0.00,0.00,-1.00,-1.00,0.00,-1.00,-1.00,0.00,-1.00,-1.00,0.00,2.46E-1,1.024E+5,0.00E+0,1.33E-2,-1.00,0.00E+0,1.33E-2,0x0004,0x0000,0x007F,0x0214,0x0000,0x0001,0x0000,0x0000,0x0000,0x0000,0x0000,0x0004,0x0000,0x0000,0x0000,0x0000,0x0000,0x0000,1656
12:00:29 PM,6,0.00,0,0.00,-1.67,0.00,0.00,100.00,-1.00,-1.00,-1.00,0,1,1,100,0,-1,0.18,0.00,0.18,160,160,0,0.00,0.00,0.00,0.00,0.00,0.00,-1.00,-1.00,0.00,-1.00,-1.00,0.00,-1.00,-1.00,0.00,2.51E-1,1.024E+5,0.00E+0,1.33E-2,-1.00,0.00E+0,1.33E-2,0x0004,0x0000,0x007F,0x0214,0x0000,0x0001,0x0000,0x0000,0x0000,0x0000,0x0000,0x0004,0x0000,0x0000,0x0000,0x0000,0x0000,0x0000,1657
12:00:34 PM,6,0.00,0,0.00,-1.67,0.00,0.00,100.00,-1.00,-1.00,-1.00,0,1,1,100,0,-1,0.18,0.00,0.18,160,160,0,0.00,0.00,0.00,0.00,0.00,0.00,-1.00,-1.00,0.00,-1.00,-1.00,0.00,-1.00,-1.00,0.00,2.46E-1,1.024E+5,0.00E+0,1.33E-2,-1.00,0.00E+0,1.33E-2,0x0004,0x0000,0x007F,0x0214,0x0000,0x0001,0x0000,0x0000,0x0000,0x0000,0x0000,0x0004,0x0000,0x0000,0x0000,0x0000,0x0000,0x0000,1658
